date,direction,outcome,r_multiple,exit_time
2021-01-04,short,LOSS,-1.0,2021-01-04 02:08:00
2021-01-05,short,LOSS,-1.0,2021-01-05 04:07:00
2021-01-06,short,LOSS,-1.0,2021-01-06 02:01:00
2021-01-07,long,LOSS,-1.0,2021-01-07 02:09:00
2021-01-08,short,LOSS,-1.0,2021-01-08 02:15:00
2021-01-11,short,LOSS,-1.0,2021-01-11 02:17:00
2021-01-12,short,LOSS,-1.0,2021-01-12 02:20:00
2021-01-13,short,WIN,6.5,2021-01-13 02:57:00
2021-01-15,long,LOSS,-1.0,2021-01-15 02:59:00
2021-01-18,short,WIN,9.619,2021-01-18 04:31:00
2021-01-19,long,WIN,9.286,2021-01-19 02:41:00
2021-01-20,short,LOSS,-1.0,2021-01-20 02:01:00
2021-01-21,short,LOSS,-1.0,2021-01-21 02:49:00
2021-01-22,long,LOSS,-1.0,2021-01-22 02:16:00
2021-01-25,short,WIN,22.2,2021-01-25 04:15:00
2021-01-26,long,LOSS,-1.0,2021-01-26 02:12:00
2021-01-27,long,LOSS,-1.0,2021-01-27 03:00:00
2021-01-28,long,LOSS,-1.0,2021-01-28 02:28:00
2021-01-29,short,LOSS,-1.0,2021-01-29 03:57:00
2021-02-01,long,LOSS,-1.0,2021-02-01 02:09:00
2021-02-02,long,LOSS,-1.0,2021-02-02 02:16:00
2021-02-03,long,LOSS,-1.0,2021-02-03 02:01:00
2021-02-04,long,LOSS,-1.0,2021-02-04 02:01:00
2021-02-05,short,LOSS,-1.0,2021-02-05 03:05:00
2021-02-08,short,LOSS,-1.0,2021-02-08 02:39:00
2021-02-09,short,LOSS,-1.0,2021-02-09 02:20:00
2021-02-10,short,LOSS,-1.0,2021-02-10 02:31:00
2021-02-11,short,LOSS,-1.0,2021-02-11 02:05:00
2021-02-12,long,LOSS,-1.0,2021-02-12 02:55:00
2021-02-15,short,LOSS,-1.0,2021-02-15 03:06:00
2021-02-16,long,LOSS,-1.0,2021-02-16 02:24:00
2021-02-17,long,LOSS,-1.0,2021-02-17 02:03:00
2021-02-18,short,LOSS,-1.0,2021-02-18 03:24:00
2021-02-19,short,LOSS,-1.0,2021-02-19 02:16:00
2021-02-22,long,LOSS,-1.0,2021-02-22 02:18:00
2021-02-23,short,LOSS,-1.0,2021-02-23 02:48:00
2021-02-24,short,LOSS,-1.0,2021-02-24 03:32:00
2021-02-25,short,LOSS,-1.0,2021-02-25 02:56:00
2021-02-26,long,LOSS,-1.0,2021-02-26 02:11:00
2021-03-01,long,LOSS,-1.0,2021-03-01 03:00:00
2021-03-02,long,LOSS,-1.0,2021-03-02 02:17:00
2021-03-03,long,WIN,8.429,2021-03-03 02:26:00
2021-03-04,long,LOSS,-1.0,2021-03-04 03:42:00
2021-03-05,long,LOSS,-1.0,2021-03-05 03:03:00
2021-03-08,long,LOSS,-1.0,2021-03-08 02:10:00
2021-03-09,short,LOSS,-1.0,2021-03-09 02:29:00
2021-03-10,long,LOSS,-1.0,2021-03-10 02:01:00
2021-03-11,short,LOSS,-1.0,2021-03-11 02:23:00
2021-03-12,long,LOSS,-1.0,2021-03-12 02:04:00
2021-03-15,long,LOSS,-1.0,2021-03-15 02:01:00
2021-03-16,long,LOSS,-1.0,2021-03-16 02:10:00
2021-03-17,short,WIN,5.56,2021-03-17 02:56:00
2021-03-18,short,WIN,22.067,2021-03-18 02:36:00
2021-03-19,short,LOSS,-1.0,2021-03-19 02:17:00
2021-03-22,long,WIN,10.087,2021-03-22 03:32:00
2021-03-23,long,LOSS,-1.0,2021-03-23 02:37:00
2021-03-24,long,LOSS,-1.0,2021-03-24 02:11:00
2021-03-25,long,LOSS,-1.0,2021-03-25 03:02:00
2021-03-26,short,LOSS,-1.0,2021-03-26 02:45:00
2021-03-29,long,WIN,11.467,2021-03-29 03:50:00
2021-03-30,long,LOSS,-1.0,2021-03-30 02:28:00
2021-03-31,short,LOSS,-1.0,2021-03-31 02:57:00
2021-04-01,long,LOSS,-1.0,2021-04-01 02:05:00
2021-04-02,short,LOSS,-1.0,2021-04-02 04:47:00
2021-04-05,long,LOSS,-1.0,2021-04-05 02:08:00
2021-04-06,long,LOSS,-1.0,2021-04-06 04:39:00
2021-04-07,long,WIN,3.353,2021-04-07 02:32:00
2021-04-08,short,LOSS,-1.0,2021-04-08 02:54:00
2021-04-09,long,LOSS,-1.0,2021-04-09 02:12:00
2021-04-12,long,LOSS,-1.0,2021-04-12 03:00:00
2021-04-13,long,LOSS,-1.0,2021-04-13 02:56:00
2021-04-14,short,LOSS,-1.0,2021-04-14 02:19:00
2021-04-15,short,LOSS,-1.0,2021-04-15 05:20:00
2021-04-16,short,LOSS,-1.0,2021-04-16 03:51:00
2021-04-19,short,LOSS,-1.0,2021-04-19 02:46:00
2021-04-20,short,LOSS,-1.0,2021-04-20 02:59:00
2021-04-21,long,LOSS,-1.0,2021-04-21 02:28:00
2021-04-22,long,LOSS,-1.0,2021-04-22 02:20:00
2021-04-23,short,LOSS,-1.0,2021-04-23 02:49:00
2021-04-27,long,LOSS,-1.0,2021-04-27 04:11:00
2021-04-28,long,LOSS,-1.0,2021-04-28 02:22:00
2021-04-29,long,LOSS,-1.0,2021-04-29 02:40:00
2021-04-30,long,LOSS,-1.0,2021-04-30 02:13:00
2021-05-03,long,LOSS,-1.0,2021-05-03 02:04:00
2021-05-04,long,LOSS,-1.0,2021-05-04 02:32:00
2021-05-05,long,LOSS,-1.0,2021-05-05 02:06:00
2021-05-06,short,LOSS,-1.0,2021-05-06 02:37:00
2021-05-07,long,LOSS,-1.0,2021-05-07 02:16:00
2021-05-10,long,LOSS,-1.0,2021-05-10 03:33:00
2021-05-11,long,LOSS,-1.0,2021-05-11 03:15:00
2021-05-13,short,LOSS,-1.0,2021-05-13 02:24:00
2021-05-14,short,LOSS,-1.0,2021-05-14 02:07:00
2021-05-17,long,WIN,23.3,2021-05-17 04:56:00
2021-05-18,short,LOSS,-1.0,2021-05-18 02:10:00
2021-05-19,short,LOSS,-1.0,2021-05-19 02:01:00
2021-05-20,short,LOSS,-1.0,2021-05-20 02:13:00
2021-05-21,short,WIN,7.0,2021-05-21 02:40:00
2021-05-24,short,LOSS,-1.0,2021-05-24 02:13:00
2021-05-25,short,LOSS,-1.0,2021-05-25 02:18:00
2021-05-26,long,LOSS,-1.0,2021-05-26 03:12:00
2021-05-27,short,LOSS,-1.0,2021-05-27 02:05:00
2021-05-28,long,LOSS,-1.0,2021-05-28 02:11:00
2021-06-01,long,LOSS,-1.0,2021-06-01 02:10:00
2021-06-02,long,LOSS,-1.0,2021-06-02 02:38:00
2021-06-03,long,LOSS,-1.0,2021-06-03 02:02:00
2021-06-04,long,LOSS,-1.0,2021-06-04 02:24:00
2021-06-07,long,LOSS,-1.0,2021-06-07 02:10:00
2021-06-08,long,LOSS,-1.0,2021-06-08 03:16:00
2021-06-09,short,LOSS,-1.0,2021-06-09 04:10:00
2021-06-10,long,LOSS,-1.0,2021-06-10 02:03:00
2021-06-11,short,LOSS,-1.0,2021-06-11 02:20:00
2021-06-14,long,WIN,4.484,2021-06-14 03:26:00
2021-06-15,short,LOSS,-1.0,2021-06-15 02:18:00
2021-06-16,short,LOSS,-1.0,2021-06-16 02:34:00
2021-06-17,long,LOSS,-1.0,2021-06-17 02:09:00
2021-06-18,long,LOSS,-1.0,2021-06-18 02:01:00
2021-06-21,short,LOSS,-1.0,2021-06-21 02:24:00
2021-06-22,long,LOSS,-1.0,2021-06-22 05:35:00
2021-06-23,long,WIN,4.566,2021-06-23 04:00:00
2021-06-24,long,WIN,4.724,2021-06-24 02:24:00
2021-06-25,short,LOSS,-1.0,2021-06-25 02:34:00
2021-06-28,short,LOSS,-1.0,2021-06-28 03:05:00
2021-06-29,long,LOSS,-1.0,2021-06-29 04:05:00
2021-06-30,long,LOSS,-1.0,2021-06-30 03:30:00
2021-07-01,long,LOSS,-1.0,2021-07-01 02:01:00
2021-07-02,long,LOSS,-1.0,2021-07-02 02:20:00
2021-07-05,short,LOSS,-1.0,2021-07-05 02:35:00
2021-07-06,short,LOSS,-1.0,2021-07-06 02:02:00
2021-07-07,short,WIN,2.435,2021-07-07 03:09:00
2021-07-08,short,LOSS,-1.0,2021-07-08 03:33:00
2021-07-09,long,LOSS,-1.0,2021-07-09 02:05:00
2021-07-12,long,LOSS,-1.0,2021-07-12 02:14:00
2021-07-13,long,LOSS,-1.0,2021-07-13 02:58:00
2021-07-14,short,LOSS,-1.0,2021-07-14 02:02:00
2021-07-15,short,LOSS,-1.0,2021-07-15 02:07:00
2021-07-16,long,LOSS,-1.0,2021-07-16 03:32:00
2021-07-19,long,LOSS,-1.0,2021-07-19 03:00:00
2021-07-20,long,LOSS,-1.0,2021-07-20 02:11:00
2021-07-21,long,LOSS,-1.0,2021-07-21 02:07:00
2021-07-22,short,LOSS,-1.0,2021-07-22 02:38:00
2021-07-23,long,LOSS,-1.0,2021-07-23 02:01:00
2021-07-26,short,LOSS,-1.0,2021-07-26 03:15:00
2021-07-27,long,LOSS,-1.0,2021-07-27 02:07:00
2021-07-28,long,LOSS,-1.0,2021-07-28 02:31:00
2021-07-29,short,LOSS,-1.0,2021-07-29 02:11:00
2021-07-30,long,LOSS,-1.0,2021-07-30 02:33:00
2021-08-02,short,LOSS,-1.0,2021-08-02 02:05:00
2021-08-03,short,LOSS,-1.0,2021-08-03 03:24:00
2021-08-04,short,LOSS,-1.0,2021-08-04 02:54:00
2021-08-05,long,WIN,3.091,2021-08-05 02:26:00
2021-08-06,long,LOSS,-1.0,2021-08-06 04:25:00
2021-08-09,short,LOSS,-1.0,2021-08-09 02:05:00
2021-08-10,short,LOSS,-1.0,2021-08-10 02:54:00
2021-08-11,long,LOSS,-1.0,2021-08-11 02:23:00
2021-08-12,long,WIN,6.0,2021-08-12 04:40:00
2021-08-13,long,LOSS,-1.0,2021-08-13 03:04:00
2021-08-16,long,LOSS,-1.0,2021-08-16 02:39:00
2021-08-17,long,LOSS,-1.0,2021-08-17 02:12:00
2021-08-18,short,LOSS,-1.0,2021-08-18 03:18:00
2021-08-20,long,LOSS,-1.0,2021-08-20 04:32:00
2021-08-23,short,LOSS,-1.0,2021-08-23 03:41:00
2021-08-24,long,LOSS,-1.0,2021-08-24 04:26:00
2021-08-25,long,WIN,22.636,2021-08-25 04:37:00
2021-08-26,long,LOSS,-1.0,2021-08-26 02:41:00
2021-08-27,short,LOSS,-1.0,2021-08-27 02:28:00
2021-08-30,long,LOSS,-1.0,2021-08-30 07:17:00
2021-08-31,short,LOSS,-1.0,2021-08-31 02:16:00
2021-09-01,long,LOSS,-1.0,2021-09-01 02:16:00
2021-09-02,short,LOSS,-1.0,2021-09-02 03:32:00
2021-09-03,long,LOSS,-1.0,2021-09-03 03:56:00
2021-09-06,long,LOSS,-1.0,2021-09-06 03:28:00
2021-09-07,long,LOSS,-1.0,2021-09-07 02:13:00
2021-09-08,long,LOSS,-1.0,2021-09-08 02:01:00
2021-09-09,long,WIN,4.5,2021-09-09 03:25:00
2021-09-10,short,LOSS,-1.0,2021-09-10 03:13:00
2021-09-13,long,LOSS,-1.0,2021-09-13 02:13:00
2021-09-14,short,LOSS,-1.0,2021-09-14 03:12:00
2021-09-15,long,LOSS,-1.0,2021-09-15 02:39:00
2021-09-16,long,LOSS,-1.0,2021-09-16 02:53:00
2021-09-17,short,LOSS,-1.0,2021-09-17 02:02:00
2021-09-20,long,LOSS,-1.0,2021-09-20 03:20:00
2021-09-21,long,LOSS,-1.0,2021-09-21 03:49:00
2021-09-22,short,LOSS,-1.0,2021-09-22 03:31:00
2021-09-23,short,LOSS,-1.0,2021-09-23 02:15:00
2021-09-24,long,LOSS,-1.0,2021-09-24 02:29:00
2021-09-27,long,LOSS,-1.0,2021-09-27 02:08:00
2021-09-28,short,LOSS,-1.0,2021-09-28 02:02:00
2021-09-29,long,LOSS,-1.0,2021-09-29 02:58:00
2021-09-30,long,LOSS,-1.0,2021-09-30 03:06:00
2021-10-01,short,LOSS,-1.0,2021-10-01 02:11:00
2021-10-04,short,LOSS,-1.0,2021-10-04 04:06:00
2021-10-05,long,LOSS,-1.0,2021-10-05 03:06:00
2021-10-06,long,LOSS,-1.0,2021-10-06 02:03:00
2021-10-07,long,WIN,6.471,2021-10-07 02:35:00
2021-10-08,long,WIN,5.333,2021-10-08 05:07:00
2021-10-11,short,LOSS,-1.0,2021-10-11 02:32:00
2021-10-12,short,LOSS,-1.0,2021-10-12 02:27:00
2021-10-13,short,LOSS,-1.0,2021-10-13 04:19:00
2021-10-14,short,LOSS,-1.0,2021-10-14 03:02:00
2021-10-15,short,LOSS,-1.0,2021-10-15 02:54:00
2021-10-18,long,LOSS,-1.0,2021-10-18 02:02:00
2021-10-19,short,LOSS,-1.0,2021-10-19 02:02:00
2021-10-20,long,LOSS,-1.0,2021-10-20 03:33:00
2021-10-21,long,LOSS,-1.0,2021-10-21 02:51:00
2021-10-22,short,LOSS,-1.0,2021-10-22 02:26:00
2021-10-26,long,LOSS,-1.0,2021-10-26 03:05:00
2021-10-27,long,WIN,5.857,2021-10-27 02:33:00
2021-10-28,short,LOSS,-1.0,2021-10-28 03:40:00
2021-10-29,long,LOSS,-1.0,2021-10-29 02:05:00
2021-11-01,short,LOSS,-1.0,2021-11-01 03:01:00
2021-11-02,short,LOSS,-1.0,2021-11-02 02:40:00
2021-11-03,short,LOSS,-1.0,2021-11-03 03:16:00
2021-11-04,long,LOSS,-1.0,2021-11-04 02:21:00
2021-11-05,short,LOSS,-1.0,2021-11-05 02:13:00
2021-11-08,short,WIN,12.9,2021-11-08 02:37:00
2021-11-09,short,LOSS,-1.0,2021-11-09 02:09:00
2021-11-10,long,LOSS,-1.0,2021-11-10 02:02:00
2021-11-11,long,LOSS,-1.0,2021-11-11 02:58:00
2021-11-12,short,LOSS,-1.0,2021-11-12 02:23:00
2021-11-15,long,LOSS,-1.0,2021-11-15 03:42:00
2021-11-16,long,LOSS,-1.0,2021-11-16 02:28:00
2021-11-18,long,LOSS,-1.0,2021-11-18 02:02:00
2021-11-19,long,LOSS,-1.0,2021-11-19 02:54:00
2021-11-22,long,LOSS,-1.0,2021-11-22 02:59:00
2021-11-23,short,LOSS,-1.0,2021-11-23 02:21:00
2021-11-24,short,LOSS,-1.0,2021-11-24 03:11:00
2021-11-25,short,LOSS,-1.0,2021-11-25 02:40:00
2021-11-26,short,LOSS,-1.0,2021-11-26 02:08:00
2021-11-29,long,LOSS,-1.0,2021-11-29 02:01:00
2021-11-30,short,LOSS,-1.0,2021-11-30 02:46:00
2021-12-01,short,LOSS,-1.0,2021-12-01 02:57:00
2021-12-02,long,LOSS,-1.0,2021-12-02 02:22:00
2021-12-03,long,WIN,8.174,2021-12-03 05:12:00
2021-12-06,long,LOSS,-1.0,2021-12-06 02:48:00
2021-12-07,short,LOSS,-1.0,2021-12-07 02:37:00
2021-12-08,short,WIN,11.824,2021-12-08 05:17:00
2021-12-09,long,LOSS,-1.0,2021-12-09 02:05:00
2021-12-10,long,LOSS,-1.0,2021-12-10 03:48:00
2021-12-13,long,LOSS,-1.0,2021-12-13 03:37:00
2021-12-14,long,LOSS,-1.0,2021-12-14 03:01:00
2021-12-15,short,WIN,6.143,2021-12-15 08:28:00
2021-12-16,short,LOSS,-1.0,2021-12-16 02:03:00
2021-12-17,long,LOSS,-1.0,2021-12-17 02:49:00
2021-12-20,short,LOSS,-1.0,2021-12-20 02:10:00
2021-12-21,short,LOSS,-1.0,2021-12-21 02:37:00
2021-12-22,long,LOSS,-1.0,2021-12-22 02:24:00
2021-12-23,long,LOSS,-1.0,2021-12-23 02:28:00
2021-12-24,short,LOSS,-1.0,2021-12-24 03:35:00
2021-12-27,short,LOSS,-1.0,2021-12-27 02:43:00
2021-12-28,long,WIN,6.318,2021-12-28 05:00:00
2021-12-29,long,LOSS,-1.0,2021-12-29 03:01:00
2021-12-30,long,LOSS,-1.0,2021-12-30 02:20:00
2021-12-31,long,LOSS,-1.0,2021-12-31 02:13:00
2022-01-03,long,LOSS,-1.0,2022-01-03 02:29:00
2022-01-04,long,LOSS,-1.0,2022-01-04 02:09:00
2022-01-05,short,LOSS,-1.0,2022-01-05 02:05:00
2022-01-06,long,LOSS,-1.0,2022-01-06 02:03:00
2022-01-07,short,LOSS,-1.0,2022-01-07 02:31:00
2022-01-10,long,LOSS,-1.0,2022-01-10 02:25:00
2022-01-11,short,LOSS,-1.0,2022-01-11 03:05:00
2022-01-12,long,LOSS,-1.0,2022-01-12 02:21:00
2022-01-13,short,LOSS,-1.0,2022-01-13 02:23:00
2022-01-17,short,LOSS,-1.0,2022-01-17 02:30:00
2022-01-19,short,LOSS,-1.0,2022-01-19 02:18:00
2022-01-20,short,LOSS,-1.0,2022-01-20 03:05:00
2022-01-21,short,LOSS,-1.0,2022-01-21 02:29:00
2022-01-24,long,LOSS,-1.0,2022-01-24 02:03:00
2022-01-25,long,LOSS,-1.0,2022-01-25 02:06:00
2022-01-26,long,LOSS,-1.0,2022-01-26 02:02:00
2022-01-27,long,LOSS,-1.0,2022-01-27 02:05:00
2022-01-28,long,LOSS,-1.0,2022-01-28 02:10:00
2022-01-31,short,LOSS,-1.0,2022-01-31 02:59:00
2022-02-01,short,LOSS,-1.0,2022-02-01 02:38:00
2022-02-02,long,WIN,8.818,2022-02-02 02:21:00
2022-02-03,long,LOSS,-1.0,2022-02-03 02:18:00
2022-02-04,long,LOSS,-1.0,2022-02-04 03:12:00
2022-02-07,long,LOSS,-1.0,2022-02-07 04:13:00
2022-02-08,long,LOSS,-1.0,2022-02-08 02:09:00
2022-02-09,long,LOSS,-1.0,2022-02-09 02:37:00
2022-02-10,short,LOSS,-1.0,2022-02-10 04:00:00
2022-02-11,long,LOSS,-1.0,2022-02-11 02:20:00
2022-02-14,long,LOSS,-1.0,2022-02-14 02:47:00
2022-02-15,short,LOSS,-1.0,2022-02-15 02:17:00
2022-02-16,short,LOSS,-1.0,2022-02-16 02:02:00
2022-02-17,short,WIN,6.774,2022-02-17 12:00:00
2022-02-18,short,LOSS,-1.0,2022-02-18 02:22:00
2022-02-21,short,LOSS,-1.0,2022-02-21 02:01:00
2022-02-22,short,LOSS,-1.0,2022-02-22 03:22:00
2022-02-23,long,LOSS,-1.0,2022-02-23 02:02:00
2022-02-25,long,LOSS,-1.0,2022-02-25 03:15:00
2022-02-28,short,LOSS,-1.0,2022-02-28 02:33:00
2022-03-01,short,LOSS,-1.0,2022-03-01 02:06:00
2022-03-02,long,LOSS,-1.0,2022-03-02 02:06:00
2022-03-03,long,LOSS,-1.0,2022-03-03 03:33:00
2022-03-04,long,LOSS,-1.0,2022-03-04 02:25:00
2022-03-07,short,LOSS,-1.0,2022-03-07 02:16:00
2022-03-08,long,WIN,5.389,2022-03-08 03:10:00
2022-03-09,short,LOSS,-1.0,2022-03-09 02:19:00
2022-03-10,short,LOSS,-1.0,2022-03-10 02:34:00
2022-03-11,long,LOSS,-1.0,2022-03-11 03:09:00
2022-03-14,short,LOSS,-1.0,2022-03-14 02:55:00
2022-03-15,short,LOSS,-1.0,2022-03-15 02:22:00
2022-03-16,short,WIN,2.903,2022-03-16 02:46:00
2022-03-17,short,LOSS,-1.0,2022-03-17 03:16:00
2022-03-18,long,LOSS,-1.0,2022-03-18 02:31:00
2022-03-21,long,WIN,10.471,2022-03-21 02:15:00
2022-03-22,long,LOSS,-1.0,2022-03-22 02:01:00
2022-03-23,short,WIN,4.536,2022-03-23 02:34:00
2022-03-24,long,LOSS,-1.0,2022-03-24 02:27:00
2022-03-25,long,LOSS,-1.0,2022-03-25 04:10:00
2022-03-28,long,LOSS,-1.0,2022-03-28 03:12:00
2022-03-29,short,LOSS,-1.0,2022-03-29 02:44:00
2022-03-30,short,LOSS,-1.0,2022-03-30 03:00:00
2022-03-31,long,LOSS,-1.0,2022-03-31 02:36:00
2022-04-01,long,WIN,4.022,2022-04-01 02:58:00
2022-04-04,long,LOSS,-1.0,2022-04-04 02:13:00
2022-04-05,long,LOSS,-1.0,2022-04-05 02:22:00
2022-04-06,long,LOSS,-1.0,2022-04-06 02:07:00
2022-04-07,short,LOSS,-1.0,2022-04-07 02:17:00
2022-04-08,long,LOSS,-1.0,2022-04-08 03:06:00
2022-04-11,long,WIN,11.056,2022-04-11 03:26:00
2022-04-12,long,LOSS,-1.0,2022-04-12 02:22:00
2022-04-13,short,LOSS,-1.0,2022-04-13 07:32:00
2022-04-14,short,LOSS,-1.0,2022-04-14 02:04:00
2022-04-15,short,WIN,13.273,2022-04-15 12:00:00
2022-04-18,long,LOSS,-1.0,2022-04-18 03:41:00
2022-04-19,short,LOSS,-1.0,2022-04-19 03:17:00
2022-04-20,short,LOSS,-1.0,2022-04-20 04:35:00
2022-04-21,short,LOSS,-1.0,2022-04-21 02:02:00
2022-04-22,short,LOSS,-1.0,2022-04-22 02:08:00
2022-04-25,long,LOSS,-1.0,2022-04-25 02:07:00
2022-04-26,long,LOSS,-1.0,2022-04-26 02:27:00
2022-04-27,long,LOSS,-1.0,2022-04-27 02:11:00
2022-04-28,long,WIN,12.5,2022-04-28 03:46:00
2022-04-29,short,LOSS,-1.0,2022-04-29 02:05:00
2022-05-02,long,LOSS,-1.0,2022-05-02 02:10:00
2022-05-03,long,LOSS,-1.0,2022-05-03 02:22:00
2022-05-04,long,LOSS,-1.0,2022-05-04 02:01:00
2022-05-05,long,LOSS,-1.0,2022-05-05 02:29:00
2022-05-06,long,LOSS,-1.0,2022-05-06 02:17:00
2022-05-09,long,LOSS,-1.0,2022-05-09 02:51:00
2022-05-10,long,LOSS,-1.0,2022-05-10 05:50:00
2022-05-11,short,LOSS,-1.0,2022-05-11 02:01:00
2022-05-12,long,LOSS,-1.0,2022-05-12 02:02:00
2022-05-13,short,LOSS,-1.0,2022-05-13 02:01:00
2022-05-16,short,LOSS,-1.0,2022-05-16 03:34:00
2022-05-17,short,LOSS,-1.0,2022-05-17 02:08:00
2022-05-18,long,LOSS,-1.0,2022-05-18 02:36:00
2022-05-19,long,WIN,15.346,2022-05-19 04:50:00
2022-05-20,short,WIN,20.278,2022-05-20 04:17:00
2022-05-23,short,LOSS,-1.0,2022-05-23 02:18:00
2022-05-24,short,LOSS,-1.0,2022-05-24 02:54:00
2022-05-25,long,LOSS,-1.0,2022-05-25 02:05:00
2022-05-26,long,LOSS,-1.0,2022-05-26 02:27:00
2022-05-27,long,LOSS,-1.0,2022-05-27 04:03:00
2022-05-30,short,LOSS,-1.0,2022-05-30 02:13:00
2022-05-31,long,LOSS,-1.0,2022-05-31 02:55:00
2022-06-01,long,WIN,9.607,2022-06-01 03:10:00
2022-06-02,short,LOSS,-1.0,2022-06-02 02:01:00
2022-06-03,long,LOSS,-1.0,2022-06-03 03:18:00
2022-06-06,short,LOSS,-1.0,2022-06-06 02:39:00
2022-06-07,long,LOSS,-1.0,2022-06-07 02:14:00
2022-06-08,long,LOSS,-1.0,2022-06-08 04:42:00
2022-06-09,long,LOSS,-1.0,2022-06-09 03:54:00
2022-06-10,short,LOSS,-1.0,2022-06-10 03:16:00
2022-06-13,long,LOSS,-1.0,2022-06-13 02:57:00
2022-06-14,short,LOSS,-1.0,2022-06-14 02:01:00
2022-06-15,short,LOSS,-1.0,2022-06-15 02:21:00
2022-06-16,long,LOSS,-1.0,2022-06-16 02:15:00
2022-06-17,long,LOSS,-1.0,2022-06-17 02:02:00
2022-06-20,short,LOSS,-1.0,2022-06-20 02:06:00
2022-06-21,long,LOSS,-1.0,2022-06-21 02:15:00
2022-06-22,long,LOSS,-1.0,2022-06-22 02:48:00
2022-06-23,long,LOSS,-1.0,2022-06-23 03:18:00
2022-06-24,short,LOSS,-1.0,2022-06-24 02:04:00
2022-06-27,short,LOSS,-1.0,2022-06-27 03:07:00
2022-06-28,short,LOSS,-1.0,2022-06-28 02:29:00
2022-06-29,long,LOSS,-1.0,2022-06-29 02:01:00
2022-06-30,short,LOSS,-1.0,2022-06-30 02:14:00
2022-07-01,long,LOSS,-1.0,2022-07-01 02:36:00
2022-07-04,long,LOSS,-1.0,2022-07-04 02:55:00
2022-07-05,short,WIN,5.212,2022-07-05 03:06:00
2022-07-06,long,LOSS,-1.0,2022-07-06 02:05:00
2022-07-07,short,WIN,3.547,2022-07-07 05:04:00
2022-07-08,long,LOSS,-1.0,2022-07-08 03:09:00
2022-07-11,long,LOSS,-1.0,2022-07-11 02:27:00
2022-07-12,long,LOSS,-1.0,2022-07-12 03:50:00
2022-07-13,short,LOSS,-1.0,2022-07-13 03:00:00
2022-07-14,long,LOSS,-1.0,2022-07-14 02:13:00
2022-07-15,long,LOSS,-1.0,2022-07-15 02:45:00
2022-07-18,long,LOSS,-1.0,2022-07-18 02:03:00
2022-07-19,short,LOSS,-1.0,2022-07-19 02:04:00
2022-07-20,long,LOSS,-1.0,2022-07-20 02:36:00
2022-07-21,short,LOSS,-1.0,2022-07-21 02:06:00
2022-07-22,long,LOSS,-1.0,2022-07-22 03:20:00
2022-07-25,short,LOSS,-1.0,2022-07-25 03:23:00
2022-07-26,long,LOSS,-1.0,2022-07-26 02:57:00
2022-07-27,short,LOSS,-1.0,2022-07-27 02:01:00
2022-07-28,short,LOSS,-1.0,2022-07-28 02:04:00
2022-07-29,short,LOSS,-1.0,2022-07-29 02:16:00
2022-08-01,short,LOSS,-1.0,2022-08-01 04:33:00
2022-08-02,long,LOSS,-1.0,2022-08-02 02:17:00
2022-08-04,short,LOSS,-1.0,2022-08-04 03:26:00
2022-08-05,long,LOSS,-1.0,2022-08-05 02:02:00
2022-08-08,short,LOSS,-1.0,2022-08-08 03:11:00
2022-08-09,short,LOSS,-1.0,2022-08-09 02:03:00
2022-08-10,long,WIN,3.615,2022-08-10 04:40:00
2022-08-11,long,LOSS,-1.0,2022-08-11 02:02:00
2022-08-12,long,LOSS,-1.0,2022-08-12 03:25:00
2022-08-15,long,LOSS,-1.0,2022-08-15 02:31:00
2022-08-16,long,LOSS,-1.0,2022-08-16 03:07:00
2022-08-17,short,WIN,9.19,2022-08-17 02:23:00
2022-08-18,long,LOSS,-1.0,2022-08-18 02:01:00
2022-08-19,short,LOSS,-1.0,2022-08-19 03:46:00
2022-08-22,long,LOSS,-1.0,2022-08-22 03:01:00
2022-08-23,long,LOSS,-1.0,2022-08-23 02:16:00
2022-08-24,long,LOSS,-1.0,2022-08-24 02:01:00
2022-08-25,short,LOSS,-1.0,2022-08-25 02:01:00
2022-08-26,long,LOSS,-1.0,2022-08-26 02:50:00
2022-08-29,short,LOSS,-1.0,2022-08-29 03:06:00
2022-08-30,short,LOSS,-1.0,2022-08-30 03:39:00
2022-08-31,short,WIN,18.923,2022-08-31 02:47:00
2022-09-01,long,WIN,20.357,2022-09-01 04:13:00
2022-09-02,short,LOSS,-1.0,2022-09-02 02:01:00
2022-09-05,long,LOSS,-1.0,2022-09-05 02:02:00
2022-09-06,short,LOSS,-1.0,2022-09-06 03:37:00
2022-09-07,short,LOSS,-1.0,2022-09-07 02:46:00
2022-09-08,short,LOSS,-1.0,2022-09-08 02:04:00
2022-09-09,short,LOSS,-1.0,2022-09-09 03:13:00
2022-09-12,short,LOSS,-1.0,2022-09-12 02:31:00
2022-09-13,short,LOSS,-1.0,2022-09-13 02:12:00
2022-09-14,long,LOSS,-1.0,2022-09-14 02:46:00
2022-09-15,long,LOSS,-1.0,2022-09-15 02:20:00
2022-09-16,long,LOSS,-1.0,2022-09-16 03:42:00
2022-09-19,long,LOSS,-1.0,2022-09-19 02:05:00
2022-09-20,long,LOSS,-1.0,2022-09-20 02:04:00
2022-09-21,long,LOSS,-1.0,2022-09-21 02:01:00
2022-09-22,short,LOSS,-1.0,2022-09-22 03:31:00
2022-09-23,long,LOSS,-1.0,2022-09-23 02:41:00
2022-09-26,short,LOSS,-1.0,2022-09-26 03:24:00
2022-09-27,short,LOSS,-1.0,2022-09-27 02:03:00
2022-09-28,long,WIN,14.326,2022-09-28 06:02:00
2022-09-29,long,LOSS,-1.0,2022-09-29 02:01:00
2022-09-30,short,WIN,9.579,2022-09-30 02:43:00
2022-10-04,short,LOSS,-1.0,2022-10-04 02:06:00
2022-10-05,short,LOSS,-1.0,2022-10-05 02:45:00
2022-10-06,long,LOSS,-1.0,2022-10-06 02:57:00
2022-10-07,long,LOSS,-1.0,2022-10-07 02:14:00
2022-10-10,long,LOSS,-1.0,2022-10-10 03:41:00
2022-10-11,long,LOSS,-1.0,2022-10-11 02:11:00
2022-10-12,short,LOSS,-1.0,2022-10-12 02:06:00
2022-10-13,long,LOSS,-1.0,2022-10-13 02:57:00
2022-10-14,long,LOSS,-1.0,2022-10-14 03:21:00
2022-10-17,short,WIN,5.519,2022-10-17 02:32:00
2022-10-18,short,LOSS,-1.0,2022-10-18 02:14:00
2022-10-19,long,LOSS,-1.0,2022-10-19 02:02:00
2022-10-20,short,LOSS,-1.0,2022-10-20 02:05:00
2022-10-21,long,LOSS,-1.0,2022-10-21 02:34:00
2022-10-24,long,LOSS,-1.0,2022-10-24 04:08:00
2022-10-25,long,LOSS,-1.0,2022-10-25 02:39:00
2022-10-26,short,LOSS,-1.0,2022-10-26 02:05:00
2022-10-27,long,LOSS,-1.0,2022-10-27 02:32:00
2022-10-28,long,LOSS,-1.0,2022-10-28 03:14:00
2022-10-31,long,LOSS,-1.0,2022-10-31 02:26:00
2022-11-01,short,LOSS,-1.0,2022-11-01 03:00:00
2022-11-02,long,LOSS,-1.0,2022-11-02 02:08:00
2022-11-03,long,LOSS,-1.0,2022-11-03 02:01:00
2022-11-04,short,LOSS,-1.0,2022-11-04 04:33:00
2022-11-07,short,LOSS,-1.0,2022-11-07 03:13:00
2022-11-08,long,LOSS,-1.0,2022-11-08 02:04:00
2022-11-09,long,LOSS,-1.0,2022-11-09 04:09:00
2022-11-10,short,WIN,2.797,2022-11-10 02:28:00
2022-11-11,short,LOSS,-1.0,2022-11-11 02:13:00
2022-11-14,short,WIN,9.767,2022-11-14 05:08:00
2022-11-15,short,LOSS,-1.0,2022-11-15 02:01:00
2022-11-16,short,LOSS,-1.0,2022-11-16 02:04:00
2022-11-17,short,LOSS,-1.0,2022-11-17 02:36:00
2022-11-18,long,LOSS,-1.0,2022-11-18 03:15:00
2022-11-21,long,LOSS,-1.0,2022-11-21 02:03:00
2022-11-22,long,WIN,6.0,2022-11-22 03:26:00
2022-11-23,short,LOSS,-1.0,2022-11-23 02:07:00
2022-11-24,long,LOSS,-1.0,2022-11-24 03:05:00
2022-11-25,long,LOSS,-1.0,2022-11-25 04:45:00
2022-11-28,short,LOSS,-1.0,2022-11-28 02:11:00
2022-11-30,short,LOSS,-1.0,2022-11-30 03:54:00
2022-12-01,short,LOSS,-1.0,2022-12-01 02:19:00
2022-12-02,short,LOSS,-1.0,2022-12-02 02:01:00
2022-12-05,long,LOSS,-1.0,2022-12-05 02:55:00
2022-12-06,long,LOSS,-1.0,2022-12-06 02:01:00
2022-12-07,long,LOSS,-1.0,2022-12-07 02:14:00
2022-12-08,short,LOSS,-1.0,2022-12-08 02:01:00
2022-12-09,short,LOSS,-1.0,2022-12-09 02:08:00
2022-12-12,short,LOSS,-1.0,2022-12-12 02:01:00
2022-12-13,short,LOSS,-1.0,2022-12-13 02:03:00
2022-12-14,short,WIN,10.19,2022-12-14 03:07:00
2022-12-15,long,LOSS,-1.0,2022-12-15 02:50:00
2022-12-16,short,WIN,8.808,2022-12-16 02:49:00
2022-12-19,short,LOSS,-1.0,2022-12-19 02:02:00
2022-12-20,long,LOSS,-1.0,2022-12-20 02:01:00
2022-12-21,short,LOSS,-1.0,2022-12-21 02:30:00
2022-12-22,short,LOSS,-1.0,2022-12-22 03:16:00
2022-12-23,short,LOSS,-1.0,2022-12-23 02:06:00
2022-12-26,short,LOSS,-1.0,2022-12-26 02:30:00
2022-12-27,short,LOSS,-1.0,2022-12-27 02:01:00
2022-12-28,short,LOSS,-1.0,2022-12-28 02:10:00
2022-12-29,long,WIN,7.321,2022-12-29 03:13:00
2022-12-30,long,LOSS,-1.0,2022-12-30 02:30:00
2023-01-02,long,LOSS,-1.0,2023-01-02 02:11:00
2023-01-03,long,LOSS,-1.0,2023-01-03 02:46:00
2023-01-04,short,LOSS,-1.0,2023-01-04 02:06:00
2023-01-05,long,LOSS,-1.0,2023-01-05 02:44:00
2023-01-06,long,LOSS,-1.0,2023-01-06 02:40:00
2023-01-09,short,LOSS,-1.0,2023-01-09 02:16:00
2023-01-10,short,LOSS,-1.0,2023-01-10 03:31:00
2023-01-11,short,LOSS,-1.0,2023-01-11 02:01:00
2023-01-12,long,LOSS,-1.0,2023-01-12 03:03:00
2023-01-13,short,LOSS,-1.0,2023-01-13 03:38:00
2023-01-16,long,LOSS,-1.0,2023-01-16 02:02:00
2023-01-17,short,LOSS,-1.0,2023-01-17 03:03:00
2023-01-18,short,LOSS,-1.0,2023-01-18 02:11:00
2023-01-19,short,LOSS,-1.0,2023-01-19 02:51:00
2023-01-20,long,WIN,3.339,2023-01-20 02:22:00
2023-01-23,short,LOSS,-1.0,2023-01-23 02:01:00
2023-01-24,short,LOSS,-1.0,2023-01-24 02:03:00
2023-01-25,short,LOSS,-1.0,2023-01-25 02:12:00
2023-01-26,long,WIN,9.063,2023-01-26 02:32:00
2023-01-27,long,LOSS,-1.0,2023-01-27 08:00:00
2023-01-30,long,LOSS,-1.0,2023-01-30 02:17:00
2023-01-31,long,LOSS,-1.0,2023-01-31 03:06:00
2023-02-01,short,LOSS,-1.0,2023-02-01 02:02:00
2023-02-02,long,LOSS,-1.0,2023-02-02 02:23:00
2023-02-03,short,LOSS,-1.0,2023-02-03 02:12:00
2023-02-06,long,LOSS,-1.0,2023-02-06 03:01:00
2023-02-07,long,LOSS,-1.0,2023-02-07 02:36:00
2023-02-08,short,LOSS,-1.0,2023-02-08 02:28:00
2023-02-09,short,LOSS,-1.0,2023-02-09 03:12:00
2023-02-10,short,LOSS,-1.0,2023-02-10 02:20:00
2023-02-13,short,LOSS,-1.0,2023-02-13 02:02:00
2023-02-14,short,LOSS,-1.0,2023-02-14 02:01:00
2023-02-15,long,LOSS,-1.0,2023-02-15 07:56:00
2023-02-16,short,LOSS,-1.0,2023-02-16 03:17:00
2023-02-17,long,LOSS,-1.0,2023-02-17 02:02:00
2023-02-20,short,LOSS,-1.0,2023-02-20 02:06:00
2023-02-21,long,WIN,8.3,2023-02-21 03:15:00
2023-02-22,long,LOSS,-1.0,2023-02-22 03:00:00
2023-02-23,long,LOSS,-1.0,2023-02-23 03:06:00
2023-02-24,long,LOSS,-1.0,2023-02-24 02:05:00
2023-02-27,long,WIN,4.489,2023-02-27 03:43:00
2023-02-28,long,LOSS,-1.0,2023-02-28 02:10:00
2023-03-01,short,LOSS,-1.0,2023-03-01 02:05:00
2023-03-02,long,LOSS,-1.0,2023-03-02 02:15:00
2023-03-03,short,LOSS,-1.0,2023-03-03 02:33:00
2023-03-06,short,LOSS,-1.0,2023-03-06 02:23:00
2023-03-07,long,LOSS,-1.0,2023-03-07 02:05:00
2023-03-09,short,LOSS,-1.0,2023-03-09 02:08:00
2023-03-10,short,LOSS,-1.0,2023-03-10 02:41:00
2023-03-13,short,WIN,16.738,2023-03-13 04:32:00
2023-03-14,long,LOSS,-1.0,2023-03-14 02:03:00
2023-03-15,long,LOSS,-1.0,2023-03-15 02:38:00
2023-03-16,short,LOSS,-1.0,2023-03-16 02:21:00
2023-03-17,short,LOSS,-1.0,2023-03-17 02:02:00
2023-03-20,long,LOSS,-1.0,2023-03-20 02:01:00
2023-03-21,long,WIN,6.0,2023-03-21 03:02:00
2023-03-22,long,LOSS,-1.0,2023-03-22 02:03:00
2023-03-23,short,LOSS,-1.0,2023-03-23 02:01:00
2023-03-24,long,LOSS,-1.0,2023-03-24 03:07:00
2023-03-27,long,LOSS,-1.0,2023-03-27 02:19:00
2023-03-28,short,LOSS,-1.0,2023-03-28 03:26:00
2023-03-29,long,LOSS,-1.0,2023-03-29 02:03:00
2023-03-30,short,LOSS,-1.0,2023-03-30 02:07:00
2023-03-31,long,LOSS,-1.0,2023-03-31 02:03:00
2023-04-03,short,LOSS,-1.0,2023-04-03 03:03:00
2023-04-04,long,WIN,4.522,2023-04-04 03:00:00
2023-04-05,long,LOSS,-1.0,2023-04-05 02:04:00
2023-04-06,short,LOSS,-1.0,2023-04-06 02:34:00
2023-04-10,long,WIN,13.071,2023-04-10 03:59:00
2023-04-11,short,LOSS,-1.0,2023-04-11 02:05:00
2023-04-12,short,LOSS,-1.0,2023-04-12 08:30:00
2023-04-13,long,LOSS,-1.0,2023-04-13 02:57:00
2023-04-14,short,WIN,5.667,2023-04-14 09:00:00
2023-04-18,short,LOSS,-1.0,2023-04-18 02:01:00
2023-04-19,long,LOSS,-1.0,2023-04-19 02:12:00
2023-04-20,short,LOSS,-1.0,2023-04-20 02:06:00
2023-04-21,long,LOSS,-1.0,2023-04-21 02:28:00
2023-04-24,long,LOSS,-1.0,2023-04-24 02:54:00
2023-04-25,long,LOSS,-1.0,2023-04-25 02:19:00
2023-04-26,short,LOSS,-1.0,2023-04-26 02:13:00
2023-04-27,short,LOSS,-1.0,2023-04-27 02:54:00
2023-04-28,long,LOSS,-1.0,2023-04-28 02:01:00
2023-05-01,long,LOSS,-1.0,2023-05-01 02:18:00
2023-05-02,short,LOSS,-1.0,2023-05-02 03:01:00
2023-05-03,short,LOSS,-1.0,2023-05-03 03:00:00
2023-05-04,short,LOSS,-1.0,2023-05-04 02:12:00
2023-05-05,short,LOSS,-1.0,2023-05-05 02:50:00
2023-05-08,short,LOSS,-1.0,2023-05-08 02:07:00
2023-05-09,short,LOSS,-1.0,2023-05-09 02:33:00
2023-05-10,long,WIN,9.692,2023-05-10 03:04:00
2023-05-11,long,LOSS,-1.0,2023-05-11 02:18:00
2023-05-12,short,LOSS,-1.0,2023-05-12 02:27:00
2023-05-15,short,LOSS,-1.0,2023-05-15 02:07:00
2023-05-16,long,LOSS,-1.0,2023-05-16 02:11:00
2023-05-17,long,LOSS,-1.0,2023-05-17 02:02:00
2023-05-18,long,LOSS,-1.0,2023-05-18 02:07:00
2023-05-19,short,LOSS,-1.0,2023-05-19 02:17:00
2023-05-22,long,LOSS,-1.0,2023-05-22 02:10:00
2023-05-23,long,LOSS,-1.0,2023-05-23 03:10:00
2023-05-24,short,LOSS,-1.0,2023-05-24 02:06:00
2023-05-25,long,LOSS,-1.0,2023-05-25 02:02:00
2023-05-26,short,LOSS,-1.0,2023-05-26 03:19:00
2023-05-29,short,LOSS,-1.0,2023-05-29 02:01:00
2023-05-30,long,LOSS,-1.0,2023-05-30 02:13:00
2023-05-31,long,LOSS,-1.0,2023-05-31 02:05:00
2023-06-01,long,LOSS,-1.0,2023-06-01 02:01:00
2023-06-02,short,LOSS,-1.0,2023-06-02 02:06:00
2023-06-05,long,LOSS,-1.0,2023-06-05 03:05:00
2023-06-06,short,LOSS,-1.0,2023-06-06 02:11:00
2023-06-07,long,LOSS,-1.0,2023-06-07 02:04:00
2023-06-08,short,LOSS,-1.0,2023-06-08 02:08:00
2023-06-09,long,LOSS,-1.0,2023-06-09 03:13:00
2023-06-12,short,LOSS,-1.0,2023-06-12 02:03:00
2023-06-13,short,LOSS,-1.0,2023-06-13 02:06:00
2023-06-14,long,WIN,8.409,2023-06-14 03:32:00
2023-06-15,long,LOSS,-1.0,2023-06-15 02:49:00
2023-06-16,short,LOSS,-1.0,2023-06-16 02:31:00
2023-06-19,long,LOSS,-1.0,2023-06-19 02:22:00
2023-06-20,short,LOSS,-1.0,2023-06-20 02:18:00
2023-06-21,long,LOSS,-1.0,2023-06-21 02:02:00
2023-06-22,long,LOSS,-1.0,2023-06-22 02:04:00
2023-06-23,long,LOSS,-1.0,2023-06-23 02:02:00
2023-06-26,short,WIN,9.417,2023-06-26 02:36:00
2023-06-27,short,LOSS,-1.0,2023-06-27 03:04:00
2023-06-28,long,LOSS,-1.0,2023-06-28 02:55:00
2023-06-29,long,WIN,16.125,2023-06-29 03:18:00
2023-06-30,long,LOSS,-1.0,2023-06-30 02:19:00
2023-07-03,long,LOSS,-1.0,2023-07-03 02:08:00
2023-07-04,long,LOSS,-1.0,2023-07-04 04:42:00
2023-07-05,long,LOSS,-1.0,2023-07-05 02:28:00
2023-07-06,short,LOSS,-1.0,2023-07-06 02:03:00
2023-07-07,short,LOSS,-1.0,2023-07-07 02:09:00
2023-07-10,long,WIN,2.846,2023-07-10 05:23:00
2023-07-11,short,LOSS,-1.0,2023-07-11 02:22:00
2023-07-12,short,LOSS,-1.0,2023-07-12 02:22:00
2023-07-13,long,WIN,2.566,2023-07-13 02:58:00
2023-07-14,long,LOSS,-1.0,2023-07-14 02:48:00
2023-07-17,short,LOSS,-1.0,2023-07-17 02:44:00
2023-07-18,short,LOSS,-1.0,2023-07-18 03:01:00
2023-07-19,short,WIN,0.306,2023-07-19 02:15:00
2023-07-20,long,LOSS,-1.0,2023-07-20 08:04:00
2023-07-21,short,LOSS,-1.0,2023-07-21 02:28:00
2023-07-24,short,LOSS,-1.0,2023-07-24 02:46:00
2023-07-25,short,LOSS,-1.0,2023-07-25 02:27:00
2023-07-26,short,LOSS,-1.0,2023-07-26 02:11:00
2023-07-27,short,LOSS,-1.0,2023-07-27 03:30:00
2023-07-28,short,WIN,4.447,2023-07-28 02:55:00
2023-07-31,long,LOSS,-1.0,2023-07-31 02:53:00
2023-08-01,long,LOSS,-1.0,2023-08-01 03:07:00
2023-08-02,long,LOSS,-1.0,2023-08-02 04:09:00
2023-08-03,long,LOSS,-1.0,2023-08-03 02:45:00
2023-08-04,long,LOSS,-1.0,2023-08-04 03:01:00
2023-08-07,long,LOSS,-1.0,2023-08-07 02:04:00
2023-08-08,short,LOSS,-1.0,2023-08-08 02:41:00
2023-08-09,short,LOSS,-1.0,2023-08-09 02:05:00
2023-08-10,short,LOSS,-1.0,2023-08-10 02:02:00
2023-08-11,short,LOSS,-1.0,2023-08-11 02:22:00
2023-08-14,long,LOSS,-1.0,2023-08-14 02:03:00
2023-08-15,short,LOSS,-1.0,2023-08-15 02:21:00
2023-08-16,short,LOSS,-1.0,2023-08-16 02:25:00
2023-08-17,short,LOSS,-1.0,2023-08-17 02:24:00
2023-08-18,long,LOSS,-1.0,2023-08-18 03:00:00
2023-08-21,short,LOSS,-1.0,2023-08-21 03:17:00
2023-08-22,short,LOSS,-1.0,2023-08-22 02:25:00
2023-08-23,short,LOSS,-1.0,2023-08-23 02:56:00
2023-08-24,long,LOSS,-1.0,2023-08-24 02:39:00
2023-08-25,long,LOSS,-1.0,2023-08-25 03:49:00
2023-08-28,short,LOSS,-1.0,2023-08-28 02:09:00
2023-08-29,long,LOSS,-1.0,2023-08-29 02:19:00
2023-08-30,short,LOSS,-1.0,2023-08-30 02:07:00
2023-08-31,long,LOSS,-1.0,2023-08-31 02:03:00
2023-09-01,long,LOSS,-1.0,2023-09-01 02:29:00
2023-09-04,short,LOSS,-1.0,2023-09-04 02:04:00
2023-09-05,long,LOSS,-1.0,2023-09-05 02:16:00
2023-09-06,short,LOSS,-1.0,2023-09-06 02:25:00
2023-09-07,long,LOSS,-1.0,2023-09-07 02:35:00
2023-09-08,short,LOSS,-1.0,2023-09-08 02:03:00
2023-09-11,short,LOSS,-1.0,2023-09-11 02:01:00
2023-09-12,long,LOSS,-1.0,2023-09-12 02:35:00
2023-09-13,long,LOSS,-1.0,2023-09-13 02:18:00
2023-09-14,short,WIN,8.8,2023-09-14 05:30:00
2023-09-15,short,LOSS,-1.0,2023-09-15 02:06:00
2023-09-18,short,LOSS,-1.0,2023-09-18 02:11:00
2023-09-19,long,LOSS,-1.0,2023-09-19 02:16:00
2023-09-20,long,WIN,2.179,2023-09-20 02:18:00
2023-09-21,short,LOSS,-1.0,2023-09-21 02:55:00
2023-09-22,short,LOSS,-1.0,2023-09-22 03:10:00
2023-09-25,long,LOSS,-1.0,2023-09-25 03:36:00
2023-09-26,long,LOSS,-1.0,2023-09-26 02:40:00
2023-09-27,short,LOSS,-1.0,2023-09-27 03:27:00
2023-09-28,long,LOSS,-1.0,2023-09-28 02:38:00
2023-09-29,short,LOSS,-1.0,2023-09-29 02:08:00
2023-10-02,long,WIN,1.769,2023-10-02 02:32:00
2023-10-03,long,WIN,8.048,2023-10-03 03:44:00
2023-10-04,long,LOSS,-1.0,2023-10-04 02:30:00
2023-10-05,long,WIN,8.161,2023-10-05 08:06:00
2023-10-06,long,LOSS,-1.0,2023-10-06 02:35:00
2023-10-09,long,LOSS,-1.0,2023-10-09 02:26:00
2023-10-10,long,LOSS,-1.0,2023-10-10 02:12:00
2023-10-11,long,WIN,5.192,2023-10-11 02:47:00
2023-10-12,short,LOSS,-1.0,2023-10-12 02:01:00
2023-10-13,short,WIN,2.311,2023-10-13 02:55:00
2023-10-16,short,LOSS,-1.0,2023-10-16 02:14:00
2023-10-17,long,LOSS,-1.0,2023-10-17 02:19:00
2023-10-18,short,LOSS,-1.0,2023-10-18 02:06:00
2023-10-19,long,LOSS,-1.0,2023-10-19 02:01:00
2023-10-20,long,LOSS,-1.0,2023-10-20 02:19:00
2023-10-23,long,LOSS,-1.0,2023-10-23 02:19:00
2023-10-24,short,LOSS,-1.0,2023-10-24 03:06:00
2023-10-25,long,LOSS,-1.0,2023-10-25 03:06:00
2023-10-26,long,LOSS,-1.0,2023-10-26 02:31:00
2023-10-27,short,WIN,5.276,2023-10-27 03:01:00
2023-10-30,short,LOSS,-1.0,2023-10-30 02:01:00
2023-10-31,short,LOSS,-1.0,2023-10-31 02:38:00
2023-11-01,short,WIN,9.417,2023-11-01 02:38:00
2023-11-02,short,LOSS,-1.0,2023-11-02 02:33:00
2023-11-03,short,LOSS,-1.0,2023-11-03 02:11:00
2023-11-06,short,LOSS,-1.0,2023-11-06 02:23:00
2023-11-07,long,LOSS,-1.0,2023-11-07 02:01:00
2023-11-08,long,LOSS,-1.0,2023-11-08 02:11:00
2023-11-09,long,LOSS,-1.0,2023-11-09 03:16:00
2023-11-10,long,LOSS,-1.0,2023-11-10 02:03:00
2023-11-13,short,LOSS,-1.0,2023-11-13 02:03:00
2023-11-14,short,LOSS,-1.0,2023-11-14 02:16:00
2023-11-15,long,LOSS,-1.0,2023-11-15 02:19:00
2023-11-16,short,LOSS,-1.0,2023-11-16 04:15:00
2023-11-17,long,LOSS,-1.0,2023-11-17 02:03:00
2023-11-20,short,LOSS,-1.0,2023-11-20 04:30:00
2023-11-21,long,LOSS,-1.0,2023-11-21 06:18:00
2023-11-22,long,LOSS,-1.0,2023-11-22 03:36:00
2023-11-23,short,LOSS,-1.0,2023-11-23 02:22:00
2023-11-24,short,LOSS,-1.0,2023-11-24 03:01:00
2023-11-27,short,LOSS,-1.0,2023-11-27 02:01:00
2023-11-28,long,LOSS,-1.0,2023-11-28 02:17:00
2023-11-29,long,LOSS,-1.0,2023-11-29 02:04:00
2023-11-30,long,LOSS,-1.0,2023-11-30 02:32:00
2023-12-01,long,LOSS,-1.0,2023-12-01 02:59:00
2023-12-04,long,LOSS,-1.0,2023-12-04 02:10:00
2023-12-05,long,LOSS,-1.0,2023-12-05 02:03:00
2023-12-06,long,LOSS,-1.0,2023-12-06 02:03:00
2023-12-07,long,WIN,3.568,2023-12-07 02:25:00
2023-12-08,long,LOSS,-1.0,2023-12-08 02:20:00
2023-12-11,long,LOSS,-1.0,2023-12-11 02:42:00
2023-12-12,short,LOSS,-1.0,2023-12-12 02:04:00
2023-12-13,long,LOSS,-1.0,2023-12-13 05:17:00
2023-12-14,long,LOSS,-1.0,2023-12-14 02:46:00
2023-12-15,long,LOSS,-1.0,2023-12-15 03:28:00
2023-12-18,short,LOSS,-1.0,2023-12-18 02:14:00
2023-12-19,short,LOSS,-1.0,2023-12-19 02:12:00
2023-12-20,long,LOSS,-1.0,2023-12-20 05:25:00
2023-12-21,long,LOSS,-1.0,2023-12-21 02:03:00
2023-12-22,long,WIN,1.429,2023-12-22 02:34:00
2023-12-26,long,LOSS,-1.0,2023-12-26 03:54:00
2023-12-27,short,LOSS,-1.0,2023-12-27 02:04:00
2023-12-28,short,LOSS,-1.0,2023-12-28 02:34:00
2023-12-29,long,LOSS,-1.0,2023-12-29 03:42:00
