date,side,reached_target,asian_range_pips,yesterday_extreme_taken_when,yesterday_close_vs_daybefore
2021-01-05,high,True,21.9,never,bullish
2021-01-06,high,True,39.7,never,bullish
2021-01-07,low,False,18.3,never,bullish
2021-01-08,high,True,29.8,never,bearish
2021-01-11,high,True,24.1,never,bearish
2021-01-12,high,True,23.3,never,bearish
2021-01-13,high,True,15.3,london,bullish
2021-01-15,low,False,14.1,never,bearish
2021-01-18,high,True,19.0,london,bearish
2021-01-19,low,True,12.7,never,bullish
2021-01-20,high,True,14.1,london,bullish
2021-01-21,high,True,18.4,never,bearish
2021-01-22,low,True,15.3,never,bullish
2021-01-25,high,True,20.1,london,bullish
2021-01-26,low,True,18.7,never,bearish
2021-01-27,low,False,14.0,never,bullish
2021-01-28,low,True,20.0,never,bearish
2021-01-29,high,False,21.0,never,bullish
2021-02-01,low,False,11.7,never,bearish
2021-02-02,low,False,20.6,never,bearish
2021-02-03,low,False,10.8,never,bearish
2021-02-04,low,False,23.1,never,bearish
2021-02-05,high,False,17.0,never,bearish
2021-02-08,high,True,10.2,never,bearish
2021-02-09,high,False,25.9,london,bullish
2021-02-10,high,False,20.9,london,bullish
2021-02-11,high,False,11.2,never,bearish
2021-02-12,low,False,11.6,london,bullish
2021-02-15,high,False,20.2,london,bullish
2021-02-16,low,True,15.8,never,bullish
2021-02-17,low,False,15.0,london,bearish
2021-02-18,high,False,14.5,never,bearish
2021-02-19,high,False,15.8,london,bullish
2021-02-22,low,True,23.1,london,bullish
2021-02-23,high,True,13.3,london,bullish
2021-02-24,high,True,18.9,never,bearish
2021-02-25,high,False,21.4,london,bullish
2021-02-26,low,False,37.6,never,bearish
2021-03-01,low,False,20.9,never,bullish
2021-03-02,low,True,25.6,london,bearish
2021-03-03,low,True,10.9,never,bullish
2021-03-04,low,False,19.5,london,bearish
2021-03-05,low,False,15.0,london,bearish
2021-03-08,low,False,30.0,london,bearish
2021-03-09,high,False,31.5,never,bearish
2021-03-10,low,True,20.6,never,bullish
2021-03-11,high,False,17.3,london,bullish
2021-03-12,low,False,28.8,never,bullish
2021-03-15,low,False,24.9,london,bearish
2021-03-16,low,True,16.5,never,bearish
2021-03-17,high,True,11.5,never,bearish
2021-03-18,high,True,31.3,london,bullish
2021-03-19,high,True,17.6,never,bearish
2021-03-22,low,True,23.8,never,bearish
2021-03-23,low,False,14.0,never,bullish
2021-03-24,low,False,11.2,london,bearish
2021-03-25,low,False,23.6,london,bearish
2021-03-26,high,True,9.9,never,bearish
2021-03-29,low,True,16.1,london,bearish
2021-03-30,low,False,9.9,london,bearish
2021-03-31,high,False,21.4,never,bearish
2021-04-01,low,True,11.6,never,bullish
2021-04-02,high,True,14.9,london,bullish
2021-04-05,low,True,10.4,london,bullish
2021-04-06,low,True,21.9,never,bullish
2021-04-07,low,True,12.2,never,bullish
2021-04-08,high,False,13.0,never,bullish
2021-04-09,low,False,17.2,never,bullish
2021-04-12,low,True,17.6,london,bearish
2021-04-13,low,True,22.1,never,bearish
2021-04-14,high,True,10.4,london,bullish
2021-04-15,high,True,17.5,london,bullish
2021-04-16,high,False,24.3,never,bearish
2021-04-19,high,False,32.5,never,bearish
2021-04-20,high,True,34.4,london,bullish
2021-04-21,low,False,15.3,never,bearish
2021-04-22,low,True,14.4,never,bullish
2021-04-23,high,False,13.6,never,bearish
2021-04-27,low,True,18.9,never,bearish
2021-04-28,low,True,13.9,never,bullish
2021-04-29,low,False,25.8,never,bullish
2021-04-30,low,False,11.3,never,bearish
2021-05-03,low,True,17.1,london,bullish
2021-05-04,low,False,20.9,never,bullish
2021-05-05,low,False,12.5,never,bearish
2021-05-06,high,False,18.7,never,bearish
2021-05-07,low,True,10.3,never,bullish
2021-05-10,low,True,19.6,london,bearish
2021-05-11,low,True,23.4,london,bearish
2021-05-13,high,True,18.2,never,bearish
2021-05-14,high,False,14.9,never,bullish
2021-05-17,low,True,20.8,london,bearish
2021-05-18,high,False,15.7,london,bullish
2021-05-19,high,True,15.5,london,bullish
2021-05-20,high,False,16.2,never,bearish
2021-05-21,high,True,15.3,london,bullish
2021-05-24,high,True,12.1,london,bullish
2021-05-25,high,False,18.8,london,bullish
2021-05-26,low,False,18.6,never,bullish
2021-05-27,high,False,19.4,never,bearish
2021-05-28,low,True,11.3,london,bearish
2021-06-01,low,True,12.7,london,bullish
2021-06-02,low,False,11.5,never,bearish
2021-06-03,low,False,11.8,never,bearish
2021-06-04,low,True,15.9,london,bearish
2021-06-07,low,True,12.7,london,bullish
2021-06-08,low,False,16.2,never,bullish
2021-06-09,high,False,13.8,never,bullish
2021-06-10,low,True,14.3,london,bearish
2021-06-11,high,True,19.7,never,bullish
2021-06-14,low,True,15.7,london,bearish
2021-06-15,high,True,12.1,never,bullish
2021-06-16,high,True,10.4,never,bearish
2021-06-17,low,False,20.6,london,bearish
2021-06-18,low,False,20.4,never,bearish
2021-06-21,high,False,28.8,london,bearish
2021-06-22,low,False,14.5,never,bullish
2021-06-23,low,True,19.5,never,bullish
2021-06-24,low,True,14.0,never,bearish
2021-06-25,high,False,18.3,never,bullish
2021-06-28,high,True,21.5,london,bearish
2021-06-29,low,False,21.9,never,bearish
2021-06-30,low,False,12.6,never,bearish
2021-07-01,low,True,10.0,london,bearish
2021-07-02,low,True,7.1,never,bearish
2021-07-05,high,False,10.8,never,bearish
2021-07-06,high,True,17.0,london,bullish
2021-07-07,high,True,9.5,never,bearish
2021-07-08,high,False,11.6,never,bearish
2021-07-09,low,True,15.8,never,bullish
2021-07-12,low,False,12.7,never,bearish
2021-07-13,low,False,13.1,never,bullish
2021-07-14,high,False,13.6,never,bearish
2021-07-15,high,True,15.1,london,bullish
2021-07-16,low,True,15.0,never,bearish
2021-07-19,low,True,15.8,london,bearish
2021-07-20,low,True,12.2,never,bearish
2021-07-21,low,True,12.9,never,bearish
2021-07-22,high,True,11.7,never,bullish
2021-07-23,low,True,11.0,never,bearish
2021-07-26,high,False,15.4,london,bullish
2021-07-27,low,True,11.2,never,bullish
2021-07-28,low,True,15.1,never,bullish
2021-07-29,high,False,17.2,london,bullish
2021-07-30,low,True,14.0,never,bullish
2021-08-02,high,False,14.0,london,bullish
2021-08-03,high,True,10.6,never,bullish
2021-08-04,high,True,14.8,never,bearish
2021-08-05,low,True,7.7,london,bearish
2021-08-06,low,False,14.8,london,bearish
2021-08-09,high,True,18.4,london,bearish
2021-08-10,high,True,8.0,never,bearish
2021-08-11,low,True,13.8,never,bearish
2021-08-12,low,True,10.4,never,bullish
2021-08-13,low,True,9.7,never,bearish
2021-08-16,low,False,10.8,london,bearish
2021-08-17,low,True,11.0,london,bearish
2021-08-18,high,True,15.4,never,bearish
2021-08-20,low,True,11.6,never,bullish
2021-08-23,high,False,28.6,london,bullish
2021-08-24,low,True,13.2,never,bullish
2021-08-25,low,True,24.3,never,bullish
2021-08-26,low,True,12.6,never,bullish
2021-08-27,high,True,17.6,never,bearish
2021-08-30,low,False,14.6,never,bullish
2021-08-31,high,False,24.6,london,bullish
2021-09-01,low,True,11.0,london,bearish
2021-09-02,high,True,9.3,never,bullish
2021-09-03,low,True,10.9,never,bullish
2021-09-06,low,False,20.9,london,bearish
2021-09-07,low,False,12.4,never,bullish
2021-09-08,low,False,10.8,london,bearish
2021-09-09,low,True,13.0,never,bearish
2021-09-10,high,True,14.3,never,bullish
2021-09-13,low,True,10.6,london,bearish
2021-09-14,high,True,13.4,london,bullish
2021-09-15,low,True,11.2,never,bearish
2021-09-16,low,False,8.5,never,bullish
2021-09-17,high,True,11.4,never,bearish
2021-09-20,low,True,19.9,london,bearish
2021-09-21,low,True,16.7,never,bullish
2021-09-22,high,False,14.0,never,bearish
2021-09-23,high,False,25.8,never,bearish
2021-09-24,low,False,9.9,never,bullish
2021-09-27,low,False,8.5,never,bullish
2021-09-28,high,True,11.7,never,bearish
2021-09-29,low,False,12.1,never,bearish
2021-09-30,low,True,10.8,never,bearish
2021-10-01,high,False,16.3,never,bearish
2021-10-04,high,False,26.0,london,bearish
2021-10-05,low,False,21.7,never,bullish
2021-10-06,low,False,9.9,never,bearish
2021-10-07,low,True,9.9,never,bearish
2021-10-08,low,True,10.0,london,bearish
2021-10-11,high,True,14.3,london,bullish
2021-10-12,high,True,13.6,never,bearish
2021-10-13,high,False,25.7,never,bearish
2021-10-14,high,True,12.3,london,bullish
2021-10-15,high,False,23.5,never,bullish
2021-10-18,low,True,16.5,london,bearish
2021-10-19,high,False,33.6,london,bullish
2021-10-20,low,True,19.9,london,bearish
2021-10-21,low,False,16.4,never,bullish
2021-10-22,high,False,10.8,never,bearish
2021-10-26,low,True,13.3,never,bearish
2021-10-27,low,True,8.5,never,bullish
2021-10-28,high,True,20.4,never,bullish
2021-10-29,low,False,16.9,never,bullish
2021-11-01,high,False,14.3,london,bearish
2021-11-02,high,True,13.4,london,bullish
2021-11-03,high,True,10.2,never,bearish
2021-11-04,low,False,21.8,never,bullish
2021-11-05,high,True,16.7,never,bearish
2021-11-08,high,True,10.0,never,bearish
2021-11-09,high,True,22.2,london,bullish
2021-11-10,low,False,13.6,never,bearish
2021-11-11,low,False,19.8,london,bearish
2021-11-12,high,True,7.0,never,bearish
2021-11-15,low,False,21.3,never,bullish
2021-11-16,low,False,14.6,never,bearish
2021-11-18,low,True,19.6,never,bullish
2021-11-19,low,False,13.5,never,bullish
2021-11-22,low,True,24.8,london,bearish
2021-11-23,high,False,17.7,never,bearish
2021-11-24,high,True,13.1,never,bullish
2021-11-25,high,False,12.3,never,bearish
2021-11-26,high,False,15.0,london,bullish
2021-11-29,low,True,17.3,london,bearish
2021-11-30,high,True,17.5,london,bullish
2021-12-01,high,True,16.7,never,bullish
2021-12-02,low,True,23.5,never,bearish
2021-12-03,low,True,11.4,london,bearish
2021-12-06,low,True,8.7,london,bearish
2021-12-07,high,True,17.1,never,bullish
2021-12-08,high,True,20.6,never,bullish
2021-12-09,low,False,10.3,never,bullish
2021-12-10,low,True,14.7,never,bearish
2021-12-13,low,False,21.0,london,bearish
2021-12-14,low,True,12.4,never,bearish
2021-12-15,high,True,12.2,never,bearish
2021-12-16,high,False,8.9,never,bullish
2021-12-17,low,True,15.7,never,bullish
2021-12-20,high,False,14.7,london,bullish
2021-12-21,high,True,13.1,never,bullish
2021-12-22,low,True,23.4,never,bearish
2021-12-23,low,False,8.2,never,bullish
2021-12-24,high,True,11.4,never,bearish
2021-12-27,high,True,8.6,never,bullish
2021-12-28,low,True,13.1,never,bullish
2021-12-29,low,True,14.2,never,bearish
2021-12-30,low,False,19.5,never,bullish
2021-12-31,low,True,14.2,never,bearish
2022-01-03,low,True,26.6,london,bearish
2022-01-04,low,True,14.1,never,bearish
2022-01-05,high,False,19.4,never,bearish
2022-01-06,low,True,15.7,never,bullish
2022-01-07,high,True,8.1,never,bearish
2022-01-10,low,False,23.1,london,bearish
2022-01-11,high,True,11.5,never,bullish
2022-01-12,low,True,11.5,never,bullish
2022-01-13,high,False,11.4,never,bullish
2022-01-17,high,True,21.2,london,bullish
2022-01-19,high,False,12.6,never,bearish
2022-01-20,high,True,16.8,london,bullish
2022-01-21,high,False,34.1,never,bearish
2022-01-24,low,False,12.0,london,bearish
2022-01-25,low,False,14.5,never,bearish
2022-01-26,low,False,10.1,never,bearish
2022-01-27,low,False,15.9,london,bearish
2022-01-28,low,True,12.8,never,bearish
2022-01-31,high,False,19.1,london,bullish
2022-02-01,high,False,23.3,never,bullish
2022-02-02,low,True,7.3,never,bullish
2022-02-03,low,True,15.3,never,bullish
2022-02-04,low,True,27.3,never,bullish
2022-02-07,low,True,29.0,london,bearish
2022-02-08,low,False,27.2,london,bearish
2022-02-09,low,True,20.3,never,bullish
2022-02-10,high,True,14.5,never,bearish
2022-02-11,low,True,31.9,london,bearish
2022-02-14,low,False,24.5,never,bearish
2022-02-15,high,False,14.0,never,bearish
2022-02-16,high,False,12.0,never,bullish
2022-02-17,high,False,61.8,never,bearish
2022-02-18,high,True,13.5,never,bullish
2022-02-21,high,True,40.0,london,bullish
2022-02-22,high,False,28.0,never,bearish
2022-02-23,low,True,18.8,never,bullish
2022-02-25,low,True,39.0,never,bearish
2022-02-28,high,False,43.8,never,bearish
2022-03-01,high,True,19.7,never,bullish
2022-03-02,low,True,24.5,never,bearish
2022-03-03,low,False,16.6,never,bearish
2022-03-04,low,False,40.5,never,bearish
2022-03-07,high,True,65.0,never,bearish
2022-03-08,low,True,31.6,never,bearish
2022-03-09,high,False,15.1,never,bullish
2022-03-10,high,True,21.0,never,bullish
2022-03-11,low,True,29.8,never,bearish
2022-03-14,high,False,37.0,never,bullish
2022-03-15,high,False,47.8,london,bullish
2022-03-16,high,True,21.3,never,bearish
2022-03-17,high,True,22.4,london,bullish
2022-03-18,low,False,27.2,never,bullish
2022-03-21,low,True,13.1,london,bearish
2022-03-22,low,True,21.2,london,bearish
2022-03-23,high,True,13.7,never,bullish
2022-03-24,low,True,22.6,never,bearish
2022-03-25,low,False,29.9,never,bullish
2022-03-28,low,True,34.0,london,bearish
2022-03-29,high,False,28.0,never,bullish
2022-03-30,high,False,32.6,never,bullish
2022-03-31,low,False,28.8,never,bullish
2022-04-01,low,True,15.0,london,bearish
2022-04-04,low,False,11.1,never,bullish
2022-04-05,low,True,14.4,never,bearish
2022-04-06,low,True,15.5,london,bearish
2022-04-07,high,True,16.0,never,bullish
2022-04-08,low,True,15.2,london,bearish
2022-04-11,low,True,19.6,london,bullish
2022-04-12,low,True,20.8,london,bearish
2022-04-13,high,True,29.5,never,bearish
2022-04-14,high,True,26.7,london,bullish
2022-04-15,high,False,25.2,never,bearish
2022-04-18,low,False,24.9,london,bearish
2022-04-19,high,False,26.4,never,bearish
2022-04-20,high,False,38.8,london,bullish
2022-04-21,high,False,27.1,never,bullish
2022-04-22,high,True,15.7,never,bullish
2022-04-25,low,False,34.7,london,bearish
2022-04-26,low,False,27.2,never,bearish
2022-04-27,low,False,19.8,london,bearish
2022-04-28,low,True,45.2,london,bearish
2022-04-29,high,False,27.8,never,bullish
2022-05-02,low,True,35.7,london,bearish
2022-05-03,low,True,18.8,never,bearish
2022-05-04,low,True,20.3,never,bearish
2022-05-05,low,False,37.8,never,bullish
2022-05-06,low,True,35.0,never,bearish
2022-05-09,low,True,32.6,london,bearish
2022-05-10,low,False,26.5,never,bullish
2022-05-11,high,True,13.4,never,bearish
2022-05-12,low,False,21.7,london,bearish
2022-05-13,high,True,24.9,never,bearish
2022-05-16,high,False,28.1,london,bearish
2022-05-17,high,False,22.2,london,bullish
2022-05-18,low,False,39.3,never,bullish
2022-05-19,low,True,38.6,never,bearish
2022-05-20,high,True,29.0,never,bullish
2022-05-23,high,False,26.7,london,bullish
2022-05-24,high,False,25.1,never,bullish
2022-05-25,low,False,33.5,never,bullish
2022-05-26,low,True,21.1,never,bearish
2022-05-27,low,False,34.5,never,bullish
2022-05-30,high,False,29.1,london,bullish
2022-05-31,low,False,40.2,london,bullish
2022-06-01,low,True,26.8,never,bearish
2022-06-02,high,False,14.8,never,bearish
2022-06-03,low,False,17.7,never,bullish
2022-06-06,high,True,21.7,london,bullish
2022-06-07,low,True,21.3,london,bearish
2022-06-08,low,True,20.1,never,bullish
2022-06-09,low,True,24.3,never,bullish
2022-06-10,high,True,24.0,never,bearish
2022-06-13,low,False,19.9,london,bearish
2022-06-14,high,False,35.3,never,bearish
2022-06-15,high,True,25.4,never,bullish
2022-06-16,low,True,38.4,never,bullish
2022-06-17,low,False,34.6,never,bullish
2022-06-20,high,False,43.9,london,bullish
2022-06-21,low,True,26.0,never,bullish
2022-06-22,low,True,29.3,london,bearish
2022-06-23,low,False,25.3,never,bullish
2022-06-24,high,False,25.1,never,bearish
2022-06-27,high,False,21.1,never,bullish
2022-06-28,high,True,16.1,never,bullish
2022-06-29,low,False,18.4,london,bearish
2022-06-30,high,True,23.8,never,bearish
2022-07-01,low,False,28.4,never,bullish
2022-07-04,low,True,19.8,never,bearish
2022-07-05,high,True,15.1,never,bullish
2022-07-06,low,True,17.5,never,bearish
2022-07-07,high,True,33.7,never,bearish
2022-07-08,low,False,37.8,london,bearish
2022-07-11,low,False,32.7,london,bearish
2022-07-12,low,True,49.3,london,bearish
2022-07-13,high,True,24.3,never,bullish
2022-07-14,low,True,29.8,never,bearish
2022-07-15,low,True,30.1,never,bearish
2022-07-18,low,True,27.7,never,bullish
2022-07-19,high,False,28.8,never,bullish
2022-07-20,low,True,17.7,never,bullish
2022-07-21,high,True,35.2,never,bearish
2022-07-22,low,True,37.0,never,bearish
2022-07-25,high,True,32.0,never,bearish
2022-07-26,low,False,28.2,never,bullish
2022-07-27,high,True,19.4,never,bearish
2022-07-28,high,True,35.3,london,bullish
2022-07-29,high,True,35.5,never,bullish
2022-08-01,high,False,33.6,london,bullish
2022-08-02,low,False,37.9,never,bullish
2022-08-04,high,False,21.8,never,bearish
2022-08-05,low,False,18.8,never,bullish
2022-08-08,high,False,26.6,london,bullish
2022-08-09,high,False,12.3,never,bullish
2022-08-10,low,True,16.3,never,bullish
2022-08-11,low,True,22.6,never,bullish
2022-08-12,low,False,20.3,never,bullish
2022-08-15,low,False,28.5,london,bearish
2022-08-16,low,True,22.5,london,bearish
2022-08-17,high,True,13.2,never,bullish
2022-08-18,low,False,25.9,never,bearish
2022-08-19,high,True,21.4,never,bearish
2022-08-22,low,False,23.3,london,bullish
2022-08-23,low,True,20.0,london,bearish
2022-08-24,low,True,29.2,never,bullish
2022-08-25,high,True,29.7,london,bullish
2022-08-26,low,True,12.0,never,bearish
2022-08-29,high,False,27.2,never,bearish
2022-08-30,high,False,31.4,never,bullish
2022-08-31,high,True,18.0,never,bullish
2022-09-01,low,True,27.6,never,bearish
2022-09-02,high,False,12.7,never,bearish
2022-09-05,low,True,28.2,london,bearish
2022-09-06,high,True,28.0,london,bullish
2022-09-07,high,True,27.0,never,bearish
2022-09-08,high,True,21.7,never,bullish
2022-09-09,high,False,75.7,london,bullish
2022-09-12,high,False,32.2,never,bullish
2022-09-13,high,True,22.5,never,bullish
2022-09-14,low,True,21.5,never,bearish
2022-09-15,low,True,13.4,london,bearish
2022-09-16,low,True,26.0,never,bullish
2022-09-19,low,False,34.8,london,bearish
2022-09-20,low,False,30.5,never,bullish
2022-09-21,low,False,17.7,london,bearish
2022-09-22,high,False,29.8,never,bearish
2022-09-23,low,False,31.1,never,bullish
2022-09-26,high,False,141.3,never,bearish
2022-09-27,high,True,26.5,never,bullish
2022-09-28,low,True,58.0,london,bearish
2022-09-29,low,True,39.4,never,bullish
2022-09-30,high,True,38.9,never,bullish
2022-10-04,high,False,39.3,london,bullish
2022-10-05,high,True,31.2,never,bullish
2022-10-06,low,False,23.5,never,bearish
2022-10-07,low,True,25.6,london,bearish
2022-10-10,low,False,28.5,london,bearish
2022-10-11,low,True,42.1,london,bearish
2022-10-12,high,True,29.4,never,bullish
2022-10-13,low,True,27.1,never,bullish
2022-10-14,low,False,47.0,never,bullish
2022-10-17,high,True,15.3,london,bullish
2022-10-18,high,True,29.5,london,bullish
2022-10-19,low,False,23.7,never,bullish
2022-10-20,high,False,17.2,never,bearish
2022-10-21,low,True,18.3,never,bullish
2022-10-24,low,True,42.1,london,bearish
2022-10-25,low,True,21.1,never,bullish
2022-10-26,high,False,23.9,never,bullish
2022-10-27,low,False,31.7,never,bullish
2022-10-28,low,False,40.2,london,bearish
2022-10-31,low,False,22.5,london,bearish
2022-11-01,high,True,23.9,never,bearish
2022-11-02,low,True,20.9,never,bearish
2022-11-03,low,False,19.6,london,bearish
2022-11-04,high,False,40.2,never,bearish
2022-11-07,high,False,27.3,london,bearish
2022-11-08,low,True,24.2,never,bullish
2022-11-09,low,False,29.0,never,bullish
2022-11-10,high,True,18.9,never,bearish
2022-11-11,high,False,35.0,london,bullish
2022-11-14,high,True,45.0,london,bearish
2022-11-15,high,False,16.1,never,bullish
2022-11-16,high,False,56.1,never,bullish
2022-11-17,high,True,31.3,never,bullish
2022-11-18,low,True,29.8,never,bearish
2022-11-21,low,False,42.0,london,bearish
2022-11-22,low,True,16.9,never,bearish
2022-11-23,high,True,24.4,london,bullish
2022-11-24,low,False,37.3,never,bullish
2022-11-25,low,False,25.7,never,bearish
2022-11-28,high,False,39.3,never,bearish
2022-11-30,high,True,24.2,never,bearish
2022-12-01,high,True,29.0,london,bullish
2022-12-02,high,True,20.9,never,bullish
2022-12-05,low,True,41.8,never,bullish
2022-12-06,low,True,30.9,london,bearish
2022-12-07,low,True,21.4,london,bearish
2022-12-08,high,True,13.1,never,bullish
2022-12-09,high,True,26.0,london,bullish
2022-12-12,high,False,14.3,never,bearish
2022-12-13,high,True,22.9,never,bullish
2022-12-14,high,True,19.2,never,bullish
2022-12-15,low,True,33.5,never,bullish
2022-12-16,high,True,23.9,never,bearish
2022-12-19,high,True,16.9,london,bullish
2022-12-20,low,True,54.4,never,bullish
2022-12-21,high,True,19.2,never,bullish
2022-12-22,high,True,32.5,london,bullish
2022-12-23,high,False,25.5,never,bearish
2022-12-26,high,False,20.2,never,bullish
2022-12-27,high,True,25.0,london,bullish
2022-12-28,high,True,17.9,never,bearish
2022-12-29,low,True,15.0,never,bearish
2022-12-30,low,True,17.4,never,bullish
2023-01-02,low,False,22.5,london,bearish
2023-01-03,low,False,29.8,never,bearish
2023-01-04,high,False,17.4,never,bearish
2023-01-05,low,False,28.1,never,bullish
2023-01-06,low,True,13.9,london,bearish
2023-01-09,high,False,23.1,london,bullish
2023-01-10,high,True,21.2,never,bullish
2023-01-11,high,True,19.5,never,bullish
2023-01-12,low,True,13.0,never,bullish
2023-01-13,high,True,24.5,never,bullish
2023-01-16,low,False,33.6,never,bullish
2023-01-17,high,True,26.6,never,bearish
2023-01-18,high,False,33.1,never,bearish
2023-01-19,high,False,23.3,never,bullish
2023-01-20,low,True,16.2,never,bullish
2023-01-23,high,True,22.5,london,bullish
2023-01-24,high,True,13.6,never,bearish
2023-01-25,high,True,19.1,london,bullish
2023-01-26,low,True,14.6,never,bullish
2023-01-27,low,False,33.4,never,bearish
2023-01-30,low,True,18.2,london,bullish
2023-01-31,low,True,20.6,london,bearish
2023-02-01,high,False,16.7,london,bullish
2023-02-02,low,False,19.3,never,bullish
2023-02-03,high,True,12.4,never,bearish
2023-02-06,low,False,16.7,london,bullish
2023-02-07,low,False,14.1,never,bearish
2023-02-08,high,True,11.9,never,bullish
2023-02-09,high,False,23.3,never,bearish
2023-02-10,high,True,21.5,never,bearish
2023-02-13,high,False,19.5,never,bearish
2023-02-14,high,True,14.5,london,bullish
2023-02-15,low,False,30.1,london,bearish
2023-02-16,high,True,28.0,never,bearish
2023-02-17,low,True,32.8,london,bearish
2023-02-20,high,True,17.9,london,bearish
2023-02-21,low,True,15.7,london,bearish
2023-02-22,low,False,10.3,never,bearish
2023-02-23,low,False,14.0,never,bearish
2023-02-24,low,False,20.9,never,bearish
2023-02-27,low,True,19.8,london,bullish
2023-02-28,low,True,24.6,never,bullish
2023-03-01,high,False,28.3,never,bearish
2023-03-02,low,False,17.4,never,bullish
2023-03-03,high,True,13.1,never,bearish
2023-03-06,high,True,25.8,london,bullish
2023-03-07,low,True,16.8,never,bullish
2023-03-09,high,False,15.4,never,bullish
2023-03-10,high,True,20.0,london,bullish
2023-03-13,high,True,73.2,london,bullish
2023-03-14,low,True,23.2,never,bearish
2023-03-15,low,False,28.5,never,bullish
2023-03-16,high,True,17.1,never,bearish
2023-03-17,high,True,34.9,london,bullish
2023-03-20,low,True,25.2,london,bullish
2023-03-21,low,True,12.7,never,bullish
2023-03-22,low,True,11.5,never,bullish
2023-03-23,high,True,26.7,london,bullish
2023-03-24,low,False,18.0,london,bearish
2023-03-27,low,True,20.0,london,bullish
2023-03-28,high,False,16.1,london,bullish
2023-03-29,low,True,14.8,never,bullish
2023-03-30,high,True,17.1,never,bearish
2023-03-31,low,False,24.5,never,bullish
2023-04-03,high,False,28.5,never,bearish
2023-04-04,low,True,21.3,never,bullish
2023-04-05,low,False,14.2,never,bullish
2023-04-06,high,False,19.8,never,bearish
2023-04-10,low,True,17.7,london,bearish
2023-04-11,high,False,20.7,never,bearish
2023-04-12,high,False,14.0,london,bullish
2023-04-13,low,True,21.3,never,bullish
2023-04-14,high,True,26.3,london,bullish
2023-04-18,high,False,16.8,never,bearish
2023-04-19,low,False,19.1,never,bullish
2023-04-20,high,True,12.2,never,bearish
2023-04-21,low,True,11.3,never,bullish
2023-04-24,low,True,15.2,london,bearish
2023-04-25,low,False,15.6,never,bullish
2023-04-26,high,False,11.6,never,bearish
2023-04-27,high,True,15.1,never,bullish
2023-04-28,low,True,26.9,never,bearish
2023-05-01,low,True,13.6,london,bearish
2023-05-02,high,True,25.8,never,bearish
2023-05-03,high,False,24.9,london,bullish
2023-05-04,high,True,18.9,never,bullish
2023-05-05,high,True,25.6,never,bearish
2023-05-08,high,True,23.2,london,bullish
2023-05-09,high,True,12.5,never,bearish
2023-05-10,low,True,12.8,never,bearish
2023-05-11,low,False,24.6,never,bearish
2023-05-12,high,True,13.0,never,bearish
2023-05-15,high,False,16.3,london,bullish
2023-05-16,low,True,16.3,never,bullish
2023-05-17,low,False,11.5,london,bearish
2023-05-18,low,False,13.1,never,bearish
2023-05-19,high,False,20.0,never,bearish
2023-05-22,low,False,13.3,never,bullish
2023-05-23,low,False,17.9,never,bearish
2023-05-24,high,True,12.1,never,bearish
2023-05-25,low,False,19.6,london,bearish
2023-05-26,high,True,19.6,never,flat
2023-05-29,high,True,18.2,london,bullish
2023-05-30,low,True,24.9,london,bearish
2023-05-31,low,False,41.4,never,bearish
2023-06-01,low,True,14.9,never,bearish
2023-06-02,high,True,10.9,london,bullish
2023-06-05,low,True,14.3,london,bearish
2023-06-06,high,True,14.8,london,bullish
2023-06-07,low,True,15.6,never,bearish
2023-06-08,high,True,8.6,never,bullish
2023-06-09,low,False,9.3,never,bullish
2023-06-12,high,False,17.3,london,bearish
2023-06-13,high,False,21.0,london,bullish
2023-06-14,low,True,10.4,london,bullish
2023-06-15,low,True,36.3,never,bullish
2023-06-16,high,True,15.3,london,bullish
2023-06-19,low,False,12.7,london,bullish
2023-06-20,high,True,15.5,never,bearish
2023-06-21,low,True,9.3,never,bearish
2023-06-22,low,True,8.3,never,bullish
2023-06-23,low,False,26.4,london,bearish
2023-06-26,high,True,10.9,london,bullish
2023-06-27,high,False,32.9,london,bullish
2023-06-28,low,True,19.3,never,bullish
2023-06-29,low,True,25.6,london,bearish
2023-06-30,low,True,15.2,london,bearish
2023-07-03,low,True,17.2,london,bullish
2023-07-04,low,False,13.9,never,bearish
2023-07-05,low,True,15.8,london,bearish
2023-07-06,high,False,16.0,never,bearish
2023-07-07,high,True,9.2,never,bullish
2023-07-10,low,True,16.7,london,bearish
2023-07-11,high,True,18.6,london,bullish
2023-07-12,high,False,21.5,london,bullish
2023-07-13,low,True,12.3,never,bullish
2023-07-14,low,True,29.5,never,bullish
2023-07-17,high,True,14.9,london,bullish
2023-07-18,high,True,21.4,london,bullish
2023-07-19,high,True,16.6,never,bearish
2023-07-20,low,False,25.4,never,bearish
2023-07-21,high,True,12.1,never,bearish
2023-07-24,high,True,13.3,london,bullish
2023-07-25,high,True,18.8,never,bearish
2023-07-26,high,False,15.3,never,bearish
2023-07-27,high,True,40.4,london,bullish
2023-07-28,high,True,16.8,never,bearish
2023-07-31,low,True,18.6,london,bearish
2023-08-01,low,False,21.2,london,bearish
2023-08-02,low,False,27.8,never,bullish
2023-08-03,low,True,18.9,never,bearish
2023-08-04,low,True,15.1,never,bullish
2023-08-07,low,False,16.6,london,bearish
2023-08-08,high,True,28.6,never,bearish
2023-08-09,high,False,15.5,never,bearish
2023-08-10,high,False,14.6,never,bullish
2023-08-11,high,True,18.2,never,bullish
2023-08-14,low,True,17.5,london,bearish
2023-08-15,high,True,17.2,never,bearish
2023-08-16,high,True,12.8,never,bearish
2023-08-17,high,False,13.1,never,bearish
2023-08-18,low,False,22.1,never,bullish
2023-08-21,high,False,14.6,london,bullish
2023-08-22,high,True,22.6,london,bullish
2023-08-23,high,True,15.0,never,bearish
2023-08-24,low,False,16.7,never,bullish
2023-08-25,low,True,24.1,london,bearish
2023-08-28,high,False,14.0,london,bullish
2023-08-29,low,True,16.9,never,bullish
2023-08-30,high,True,8.5,never,bullish
2023-08-31,low,False,19.4,never,bullish
2023-09-01,low,True,17.8,london,bearish
2023-09-04,high,False,14.1,london,bullish
2023-09-05,low,False,17.5,london,bullish
2023-09-06,high,True,21.2,never,bearish
2023-09-07,low,False,12.7,never,bearish
2023-09-08,high,True,26.1,never,bearish
2023-09-11,high,False,18.1,london,bullish
2023-09-12,low,False,31.7,never,bullish
2023-09-13,low,False,20.2,never,bullish
2023-09-14,high,True,16.3,never,bearish
2023-09-15,high,False,15.1,never,bearish
2023-09-18,high,True,12.7,london,bullish
2023-09-19,low,True,15.8,never,bullish
2023-09-20,low,True,11.6,london,bearish
2023-09-21,high,False,33.6,never,bearish
2023-09-22,high,True,21.7,never,bullish
2023-09-25,low,False,12.5,london,bullish
2023-09-26,low,True,13.6,never,bearish
2023-09-27,high,True,16.1,never,bearish
2023-09-28,low,True,17.3,never,bearish
2023-09-29,high,False,24.8,london,bullish
2023-10-02,low,True,8.4,never,bullish
2023-10-03,low,True,16.5,london,bearish
2023-10-04,low,True,18.5,never,bearish
2023-10-05,low,True,26.6,never,bullish
2023-10-06,low,True,9.8,never,bullish
2023-10-09,low,False,22.7,london,bearish
2023-10-10,low,True,17.6,never,bullish
2023-10-11,low,True,13.0,never,bullish
2023-10-12,high,True,9.1,never,bullish
2023-10-13,high,True,13.5,never,bearish
2023-10-16,high,False,10.1,london,bullish
2023-10-17,low,True,14.5,never,bullish
2023-10-18,high,True,18.5,never,bullish
2023-10-19,low,True,9.5,never,bearish
2023-10-20,low,True,18.1,never,bullish
2023-10-23,low,True,16.9,london,bearish
2023-10-24,high,True,20.3,london,bullish
2023-10-25,low,False,15.3,never,bearish
2023-10-26,low,False,27.7,london,bearish
2023-10-27,high,True,14.1,london,bullish
2023-10-30,high,True,7.4,never,bullish
2023-10-31,high,True,22.0,never,bullish
2023-11-01,high,True,10.5,never,bearish
2023-11-02,high,True,8.9,london,bullish
2023-11-03,high,False,14.1,never,bullish
2023-11-06,high,False,15.3,london,bullish
2023-11-07,low,False,8.8,london,bearish
2023-11-08,low,True,12.9,never,bearish
2023-11-09,low,True,12.8,never,bullish
2023-11-10,low,True,8.3,never,bearish
2023-11-13,high,True,8.0,london,bearish
2023-11-14,high,False,7.7,never,bullish
2023-11-15,low,True,16.3,never,bullish
2023-11-16,high,False,25.8,never,bearish
2023-11-17,low,True,7.7,never,bullish
2023-11-20,high,False,34.4,london,bullish
2023-11-21,low,False,22.1,never,bullish
2023-11-22,low,False,14.1,london,bearish
2023-11-23,high,True,17.2,never,bearish
2023-11-24,high,False,15.3,never,bullish
2023-11-27,high,True,23.0,london,bullish
2023-11-28,low,True,10.8,never,bullish
2023-11-29,low,False,20.4,never,bullish
2023-11-30,low,False,15.3,never,bearish
2023-12-01,low,False,14.5,never,bearish
2023-12-04,low,False,19.3,london,bearish
2023-12-05,low,False,9.9,never,bearish
2023-12-06,low,True,11.7,never,bearish
2023-12-07,low,True,13.1,london,bearish
2023-12-08,low,False,17.8,never,bullish
2023-12-11,low,True,13.1,never,bullish
2023-12-12,high,False,9.1,london,bullish
2023-12-13,low,True,11.9,never,bullish
2023-12-14,low,True,29.9,never,bullish
2023-12-15,low,False,21.9,never,bullish
2023-12-18,high,False,19.1,london,bullish
2023-12-19,high,False,14.1,never,bullish
2023-12-20,low,True,8.4,never,bullish
2023-12-21,low,True,9.1,never,bearish
2023-12-22,low,True,11.0,never,bullish
2023-12-26,low,True,10.9,never,bullish
2023-12-27,high,False,13.4,london,bullish
2023-12-28,high,True,12.8,london,bullish
2023-12-29,low,False,20.5,never,bearish
2024-01-02,low,False,26.7,london,bearish
2024-01-03,high,True,17.6,never,bearish
2024-01-04,high,False,14.6,never,bearish
2024-01-05,low,True,19.5,never,bullish
2024-01-08,low,True,22.4,london,bearish
2024-01-09,low,False,14.9,never,bullish
2024-01-10,low,True,9.9,never,bearish
2024-01-11,high,True,9.8,london,bullish
2024-01-12,low,True,12.8,never,bearish
2024-01-15,low,False,18.1,never,bullish
2024-01-16,low,False,18.1,london,bearish
2024-01-17,low,False,19.7,london,bearish
2024-01-18,high,True,12.3,london,bullish
2024-01-19,low,True,13.4,never,bearish
2024-01-22,low,False,10.4,never,bullish
2024-01-23,high,True,22.0,london,bearish
2024-01-24,high,False,14.6,never,bearish
2024-01-25,high,True,11.6,never,bullish
2024-01-26,low,True,10.9,never,bearish
2024-01-29,high,True,9.6,london,bearish
2024-01-30,low,True,16.6,never,bearish
2024-01-31,low,True,27.7,never,bearish
2024-02-01,low,True,17.2,london,bearish
2024-02-02,high,True,8.7,london,bullish
2024-02-05,high,True,12.5,never,bearish
2024-02-06,high,True,8.8,never,bearish
2024-02-07,high,True,9.9,london,bullish
2024-02-08,high,True,13.2,london,bullish
2024-02-09,high,True,9.3,never,bearish
2024-02-12,high,True,9.4,never,bullish
2024-02-13,high,True,13.8,never,bearish
2024-02-14,high,True,11.3,never,bearish
2024-02-15,high,False,10.5,london,bullish
2024-02-16,high,True,8.8,never,bullish
2024-02-19,high,True,13.2,never,bullish
2024-02-20,high,False,9.7,never,bearish
2024-02-21,low,True,13.6,never,bullish
2024-02-22,high,True,11.9,london,bullish
2024-02-23,high,True,10.2,never,bearish
2024-02-26,high,False,10.0,never,bullish
2024-02-27,high,True,9.9,never,bullish
2024-02-28,low,False,12.9,london,bearish
2024-02-29,low,True,12.3,never,bullish
2024-03-01,low,True,10.9,never,bearish
2024-03-04,high,True,7.3,london,bullish
2024-03-05,low,True,7.2,never,bullish
2024-03-06,high,False,11.2,never,bullish
2024-03-07,low,True,11.9,never,bullish
2024-03-08,low,True,8.6,never,bullish
2024-03-11,high,True,8.8,never,bullish
2024-03-12,high,True,11.4,never,bearish
2024-03-13,high,True,8.6,never,bearish
2024-03-14,low,False,13.8,never,bullish
2024-03-15,high,False,7.1,never,bearish
2024-03-18,high,True,8.8,london,bullish
2024-03-19,low,False,9.8,london,bearish
2024-03-20,high,True,8.9,never,bearish
2024-03-21,high,True,6.3,london,bullish
2024-03-22,low,False,34.6,london,bearish
2024-03-25,high,False,19.9,london,bullish
2024-03-26,high,True,9.6,london,bullish
2024-03-27,high,True,10.3,never,bearish
2024-03-28,low,False,11.1,never,bearish
2024-03-29,low,True,11.2,london,bearish
2024-04-01,low,False,14.0,london,bullish
2024-04-02,low,True,9.3,london,bearish
2024-04-03,low,True,13.5,never,bullish
2024-04-04,high,False,9.7,london,bullish
2024-04-05,low,True,20.6,london,bearish
2024-04-08,low,True,20.2,london,bearish
2024-04-09,low,True,9.5,never,bullish
2024-04-10,low,True,7.9,never,bearish
2024-04-11,low,True,10.6,never,bearish
2024-04-12,low,False,12.8,never,bearish
2024-04-15,high,True,15.8,london,bullish
2024-04-16,low,True,19.2,london,bearish
2024-04-17,low,True,18.4,never,bullish
2024-04-18,high,True,15.9,london,bullish
2024-04-19,high,False,34.2,never,bearish
2024-04-22,low,False,17.9,never,bullish
2024-04-23,low,True,7.1,never,bearish
2024-04-24,low,False,14.0,never,bullish
2024-04-25,high,True,11.8,london,bearish
2024-04-26,high,True,10.6,never,bullish
2024-04-29,high,True,13.8,london,bullish
2024-04-30,low,True,15.2,never,bearish
2024-05-01,low,True,11.3,london,bearish
2024-05-02,high,True,13.8,never,bullish
2024-05-03,high,False,15.0,london,bullish
2024-05-06,high,False,16.2,london,bullish
2024-05-07,low,True,16.1,london,bullish
2024-05-08,low,True,16.1,london,bearish
2024-05-09,low,True,9.2,never,bullish
2024-05-10,high,True,9.4,never,bullish
2024-05-13,high,False,7.3,never,bullish
2024-05-14,low,True,7.9,never,bullish
2024-05-15,high,False,14.7,london,bullish
2024-05-16,low,False,13.5,never,bullish
2024-05-17,low,True,14.5,london,bearish
2024-05-20,high,True,9.7,london,bullish
2024-05-21,high,True,10.9,never,bearish
2024-05-22,low,False,9.7,never,bearish
2024-05-23,low,True,9.3,never,bearish
2024-05-24,high,False,8.1,never,bearish
2024-05-27,low,True,5.3,never,bullish
2024-05-28,high,True,17.7,london,bullish
2024-05-29,low,True,11.2,london,bearish
2024-05-30,low,True,10.6,london,bearish
2024-05-31,high,False,22.3,never,bullish
2024-06-03,low,True,9.4,never,bullish
2024-06-04,low,False,10.9,never,bullish
2024-06-05,low,True,9.4,never,bearish
2024-06-06,low,True,21.9,never,bullish
2024-06-07,high,True,11.1,never,bullish
2024-06-10,low,False,26.0,london,bearish
2024-06-11,high,True,7.8,london,bullish
2024-06-12,high,False,8.6,never,bearish
2024-06-13,low,True,11.9,never,bullish
2024-06-14,low,False,9.6,london,bearish
2024-06-17,low,True,8.3,london,bullish
2024-06-18,low,True,19.8,never,bullish
2024-06-19,low,True,7.0,never,bullish
2024-06-20,low,False,9.5,never,bullish
2024-06-21,high,True,14.2,never,bearish
2024-06-24,high,False,9.9,london,bearish
2024-06-25,high,True,7.5,never,bullish
2024-06-26,low,False,11.8,never,bearish
2024-06-27,high,False,15.3,never,bearish
2024-07-01,high,True,26.7,london,bullish
2024-07-02,low,True,7.7,never,bearish
2024-07-03,low,True,13.8,never,bullish
2024-07-04,high,False,11.3,never,bullish
2024-07-05,high,True,14.3,london,bullish
2024-07-08,low,True,17.3,never,bearish
2024-07-09,low,False,14.1,never,bearish
2024-07-10,high,False,10.2,never,bearish
2024-07-11,low,True,7.5,never,bullish
2024-07-12,low,True,11.0,never,bullish
2024-07-15,high,False,12.3,london,bearish
2024-07-16,low,True,9.4,never,bearish
2024-07-17,low,True,11.3,never,bullish
2024-07-18,low,False,8.6,never,bullish
2024-07-19,low,False,14.0,london,bearish
2024-07-22,low,False,15.2,never,bullish
2024-07-23,low,False,9.7,never,bullish
2024-07-24,high,True,8.7,never,bearish
2024-07-25,high,True,9.0,never,bearish
2024-07-26,low,True,9.0,never,bullish
2024-07-29,low,False,19.2,london,bullish
2024-07-30,high,True,8.2,never,bearish
2024-07-31,low,True,17.5,never,bearish
2024-08-01,low,False,11.3,never,bullish
2024-08-02,high,False,13.3,never,bearish
2024-08-05,low,True,24.3,never,bullish
2024-08-06,low,False,19.4,never,bullish
2024-08-07,low,True,19.6,never,bearish
2024-08-08,high,True,11.9,london,bullish
2024-08-09,high,True,12.9,never,bearish
2024-08-12,high,False,11.4,london,bearish
2024-08-13,high,True,9.2,london,bullish
2024-08-14,low,True,8.4,never,bullish
2024-08-15,high,True,11.2,never,bullish
2024-08-16,high,False,10.7,never,bearish
2024-08-19,high,False,17.2,london,bullish
2024-08-20,low,True,12.1,never,bullish
2024-08-21,low,True,15.4,never,bullish
2024-08-22,high,True,16.3,never,bullish
2024-08-23,high,True,15.7,never,bearish
2024-08-26,low,False,20.0,london,bearish
2024-08-27,high,True,11.1,never,bearish
2024-08-28,low,False,17.6,london,bearish
2024-08-29,high,True,11.6,never,bearish
2024-08-30,high,True,13.1,never,bearish
2024-09-02,high,False,13.7,london,bullish
2024-09-03,low,False,12.9,never,bullish
2024-09-04,high,True,9.8,never,bearish
2024-09-05,high,False,9.8,never,bullish
2024-09-06,high,True,6.9,never,bullish
2024-09-09,low,False,12.4,london,bearish
2024-09-10,high,True,10.8,never,bearish
2024-09-11,high,True,27.7,london,bullish
2024-09-12,high,True,8.1,never,bearish
2024-09-13,low,True,12.7,never,bullish
2024-09-16,high,False,18.2,london,bullish
2024-09-17,high,True,9.2,never,bullish
2024-09-18,low,True,8.8,never,bullish
2024-09-19,high,False,50.8,never,bearish
2024-09-20,high,True,12.1,never,bullish
2024-09-23,low,False,9.0,london,bearish
2024-09-24,high,False,10.4,never,bearish
2024-09-25,low,True,13.4,never,bullish
2024-09-26,high,True,16.1,never,bearish
2024-09-27,low,True,15.2,never,bullish
2024-09-30,low,True,17.7,never,bearish
2024-10-01,low,False,16.2,never,bearish
2024-10-02,low,True,10.6,never,bearish
2024-10-03,low,True,14.5,london,bearish
2024-10-04,low,False,14.0,never,bearish
2024-10-07,low,True,9.4,never,bearish
2024-10-08,high,True,14.1,london,bullish
2024-10-09,low,False,12.0,never,bearish
2024-10-10,low,True,7.0,never,bearish
2024-10-11,high,True,11.3,never,bearish
2024-10-14,high,True,13.8,never,bearish
2024-10-15,low,True,14.0,never,bearish
2024-10-16,low,True,13.5,never,bearish
2024-10-17,low,True,13.8,london,bearish
2024-10-18,high,False,12.2,never,bearish
2024-10-21,low,False,5.2,london,bullish
2024-10-22,high,True,7.1,never,bearish
2024-10-23,high,True,13.1,never,bearish
2024-10-24,high,True,10.0,never,bearish
2024-10-25,low,True,7.5,never,bullish
2024-10-28,high,False,13.9,never,bearish
2024-10-29,low,True,12.0,never,bullish
2024-10-30,high,True,12.7,london,bullish
2024-10-31,high,False,14.0,never,bullish
2024-11-01,low,True,13.4,never,bullish
2024-11-05,high,False,6.7,never,bearish
2024-11-07,high,False,32.5,never,bearish
2024-11-08,low,True,14.8,never,bullish
2024-11-11,low,False,19.9,london,bearish
2024-11-12,low,False,22.0,never,bearish
2024-11-13,low,True,17.4,never,bearish
2024-11-14,low,True,20.0,london,bearish
2024-11-15,high,True,17.8,never,bearish
2024-11-18,high,False,20.3,london,bullish
2024-11-19,low,True,14.3,never,bullish
2024-11-20,low,False,16.2,never,bullish
2024-11-21,low,False,9.9,never,bearish
2024-11-22,low,True,11.1,london,bearish
2024-11-25,low,True,15.9,never,bullish
2024-11-26,high,False,60.1,never,bullish
2024-11-27,high,False,15.5,never,bearish
2024-11-28,low,False,15.4,never,bullish
2024-11-29,high,True,20.3,london,bullish
2024-12-02,low,False,20.2,london,bearish
2024-12-03,high,False,14.8,never,bearish
2024-12-04,high,True,25.5,never,bullish
2024-12-05,high,False,16.6,never,bullish
2024-12-06,high,True,14.4,never,bullish
2024-12-09,high,False,29.0,never,bearish
2024-12-10,high,True,16.2,never,bullish
2024-12-11,low,False,18.9,never,bearish
2024-12-12,high,True,8.1,never,bearish
2024-12-13,low,True,24.6,london,bearish
2024-12-16,low,True,13.1,never,bullish
2024-12-17,low,False,22.1,never,bearish
2024-12-18,high,True,10.1,never,bearish
2024-12-19,high,True,19.9,never,bearish
2024-12-20,high,False,9.2,never,bearish
2024-12-23,low,False,18.4,london,bullish
2024-12-26,low,True,10.1,never,bearish
2024-12-27,low,True,11.6,never,bullish
2024-12-30,low,True,10.0,london,bullish
2024-12-31,high,True,12.6,never,bearish
2025-01-03,high,False,8.0,never,bearish
2025-01-06,high,False,17.0,london,bullish
2025-01-07,high,True,18.2,never,bullish
2025-01-08,low,False,9.5,never,bearish
2025-01-09,low,False,15.8,never,bearish
2025-01-10,low,True,10.9,london,bearish
2025-01-13,low,False,42.3,london,bearish
2025-01-14,high,False,16.8,never,bullish
2025-01-15,low,True,9.5,never,bullish
2025-01-16,high,True,15.0,never,bearish
2025-01-17,low,True,17.5,never,bullish
2025-01-20,high,False,28.0,london,bullish
2025-01-21,low,True,45.2,never,bullish
2025-01-22,low,True,17.0,never,bullish
2025-01-23,low,True,19.1,london,bearish
2025-01-24,high,False,42.2,london,bullish
2025-01-27,low,True,19.9,london,bearish
2025-01-28,low,False,32.0,london,bearish
2025-01-29,low,False,16.8,never,bullish
2025-01-30,low,True,10.1,never,bearish
2025-01-31,high,True,18.0,never,bearish
2025-02-03,high,False,40.0,never,bearish
2025-02-04,low,True,18.1,never,bullish
2025-02-05,high,False,14.4,london,bullish
2025-02-06,low,False,20.1,never,bullish
2025-02-07,low,True,12.6,never,bearish
2025-02-10,high,False,17.3,london,bearish
2025-02-11,high,False,12.6,never,bearish
2025-02-12,high,True,14.0,never,bullish
2025-02-13,high,True,48.2,london,bullish
2025-02-14,high,False,13.1,never,bullish
2025-02-17,low,False,17.2,london,bullish
2025-02-18,low,False,20.1,london,bearish
2025-02-19,high,True,12.1,never,bearish
2025-02-20,high,False,19.0,never,bearish
2025-02-21,low,False,20.4,never,bullish
2025-02-24,low,False,26.1,never,bullish
2025-02-25,high,True,16.6,never,bearish
2025-02-26,low,False,26.9,never,bullish
2025-02-27,high,True,24.2,never,bearish
2025-02-28,high,False,24.0,never,bearish
2025-03-03,low,True,15.7,never,bullish
2025-03-04,high,False,24.9,never,bullish
2025-03-05,high,False,25.6,london,bullish
2025-03-06,high,True,36.0,london,bullish
2025-03-07,high,False,33.6,never,bullish
2025-03-10,low,True,41.1,never,bullish
2025-03-11,high,False,18.0,london,bullish
2025-03-12,low,True,19.4,never,bullish
2025-03-13,low,False,15.4,london,bearish
2025-03-14,low,True,15.2,never,bearish
2025-03-17,low,True,19.5,london,bullish
2025-03-18,high,True,12.7,never,bullish
2025-03-19,low,False,17.0,never,bullish
2025-03-20,low,False,16.8,never,bearish
2025-03-21,low,True,28.1,never,bearish
2025-03-24,high,True,20.5,london,bullish
2025-03-25,low,True,14.7,never,bearish
2025-03-26,high,True,19.3,never,bearish
2025-03-27,low,True,31.9,never,bearish
2025-03-28,low,True,14.2,never,bullish
2025-03-31,high,True,22.8,london,bullish
2025-04-01,low,True,11.3,never,bearish
2025-04-02,low,True,14.8,never,bearish
2025-04-03,high,False,44.9,london,bullish
2025-04-04,low,False,62.0,never,bullish
2025-04-07,high,True,63.9,london,bearish
2025-04-08,high,True,65.6,never,bullish
2025-04-09,high,False,68.8,london,bullish
2025-04-10,high,False,39.2,never,bearish
2025-04-11,low,True,134.2,never,bullish
2025-04-14,high,True,68.0,london,bullish
2025-04-15,high,True,37.1,never,bearish
2025-04-16,high,False,50.8,london,bearish
2025-04-17,low,False,41.6,never,bullish
2025-04-18,low,True,21.6,never,bullish
2025-04-21,high,False,83.1,london,bullish
2025-04-22,high,True,58.8,never,bullish
2025-04-24,high,False,36.2,never,bearish
2025-04-25,low,True,47.6,london,bearish
2025-04-28,high,True,23.2,london,bearish
2025-04-29,low,False,33.6,never,bullish
2025-04-30,high,True,40.4,never,bearish
2025-05-01,low,True,29.4,london,bearish
2025-05-02,high,False,41.3,never,bullish
2025-05-05,low,True,32.6,never,bullish
2025-05-06,high,False,37.5,never,bearish
2025-05-07,high,False,26.6,never,bullish
2025-05-08,low,False,34.2,never,bearish
2025-05-09,high,False,36.8,never,bearish
2025-05-12,low,False,20.3,never,bearish
2025-05-13,high,False,22.0,never,bearish
2025-05-14,low,True,15.6,never,bullish
2025-05-15,high,True,25.4,never,bullish
2025-05-16,high,True,18.4,never,bullish
2025-05-19,high,False,26.7,london,bullish
2025-05-20,high,False,33.4,never,bullish
2025-05-21,high,False,53.2,london,bullish
2025-05-22,low,False,27.6,never,bearish
2025-05-23,high,False,39.9,never,bearish
2025-05-27,low,False,19.3,london,bearish
2025-05-29,high,False,33.8,never,bearish
2025-05-30,low,False,44.1,never,bullish
2025-06-02,high,False,29.5,london,bullish
2025-06-03,low,False,38.6,never,bullish
2025-06-04,low,True,27.7,london,bearish
2025-06-05,low,True,26.0,never,bullish
2025-06-06,low,False,24.4,never,bullish
2025-06-09,high,True,32.6,london,bullish
2025-06-10,low,True,49.6,london,bearish
2025-06-11,low,True,32.6,never,bullish
2025-06-12,high,False,27.4,london,bullish
2025-06-13,low,False,86.8,never,bullish
2025-06-16,high,False,22.5,london,bearish
2025-06-17,high,True,21.5,never,bullish
2025-06-18,high,False,24.2,never,bearish
2025-06-19,low,True,33.3,london,bearish
2025-06-20,low,True,19.7,never,bullish
2025-06-23,high,True,34.6,london,bearish
2025-06-24,high,True,23.1,london,bullish
2025-06-25,low,False,20.5,never,bullish
2025-06-26,high,False,50.1,london,bullish
2025-06-27,low,True,23.4,never,bullish
2025-06-30,high,True,23.2,never,bearish
2025-07-01,low,True,30.0,never,bullish
2025-07-02,low,False,21.8,never,bullish
2025-07-04,high,False,16.4,never,bearish
2025-07-07,low,False,25.7,london,bearish
2025-07-08,high,True,18.2,never,bearish
2025-07-09,high,True,23.1,never,bearish
2025-07-10,low,False,15.8,never,bullish
2025-07-14,low,False,25.3,never,bearish
2025-07-15,high,True,12.9,never,bearish
2025-07-16,high,True,12.9,never,bearish
2025-07-17,low,False,22.5,never,bullish
2025-07-18,low,True,19.7,never,bullish
2025-07-21,high,False,21.7,london,bullish
2025-07-22,low,True,13.2,never,bullish
2025-07-23,low,True,18.5,never,bullish
2025-07-24,low,True,17.9,never,bullish
2025-07-25,high,True,24.6,never,bearish
2025-07-28,low,False,23.7,london,bullish
2025-07-29,low,False,17.5,london,bearish
2025-07-30,low,False,22.1,never,bearish
2025-07-31,high,True,30.6,never,bearish
2025-08-01,high,True,24.1,never,bearish
2025-08-04,low,False,38.6,london,bearish
2025-08-05,low,False,33.7,london,bearish
2025-08-06,high,False,21.0,never,bullish
2025-08-07,high,True,15.6,london,bullish
2025-08-08,low,False,24.4,never,bearish
2025-08-12,low,True,13.8,never,bearish
2025-08-13,high,False,17.2,never,bullish
2025-08-14,low,False,16.2,never,bullish
2025-08-15,high,False,17.7,never,bearish
2025-08-18,low,False,17.1,london,bullish
2025-08-19,high,False,30.9,never,bearish
2025-08-20,high,False,20.2,never,bearish
2025-08-21,low,True,10.7,never,bullish
2025-08-22,low,True,27.6,london,bearish
2025-08-25,high,True,14.7,never,bearish
2025-08-26,low,True,50.0,never,bearish
2025-08-27,low,False,20.0,never,bearish
2025-08-28,low,True,13.2,never,bullish
2025-08-29,high,True,26.1,never,bullish
2025-09-01,high,False,26.3,london,bullish
2025-09-02,low,False,23.6,london,bearish
2025-09-03,high,True,13.1,never,bearish
2025-09-04,low,False,19.2,never,bullish
2025-09-05,high,False,22.3,london,bullish
2025-09-08,high,False,12.7,london,bearish
2025-09-09,high,True,14.5,london,bullish
2025-09-10,high,True,20.9,never,bearish
2025-09-11,low,True,9.8,never,bearish
2025-09-12,low,True,11.7,never,bullish
2025-09-15,low,True,12.4,london,bullish
2025-09-16,high,False,29.4,london,bullish
2025-09-17,low,False,21.6,never,bullish
2025-09-18,low,True,21.3,london,bearish
2025-09-19,low,False,20.6,never,bearish
2025-09-22,high,False,14.5,never,bearish
2025-09-23,low,False,23.6,never,bullish
2025-09-24,low,False,21.6,never,bearish
2025-09-25,low,True,13.0,never,bearish
2025-09-26,high,False,21.4,never,bearish
2025-09-29,high,False,24.8,london,bullish
2025-09-30,high,False,19.4,never,bearish
2025-10-01,high,True,11.0,london,bullish
2025-10-02,high,True,18.1,never,bearish
2025-10-03,low,True,13.1,never,bearish
2025-10-06,low,False,20.7,never,bearish
2025-10-07,low,False,14.7,never,bearish
2025-10-08,low,False,36.2,london,bearish
2025-10-09,low,False,19.6,never,bullish
2025-10-10,high,True,13.4,never,bearish
2025-10-13,high,True,27.5,london,bullish
2025-10-14,high,True,26.9,never,bearish
2025-10-15,high,False,24.1,london,bullish
2025-10-17,high,True,17.1,london,bullish
2025-10-20,high,True,14.2,london,bullish
2025-10-21,low,False,22.4,london,bearish
2025-10-22,high,True,11.1,never,bearish
2025-10-23,low,True,15.2,never,bearish
2025-10-24,low,True,14.5,never,bullish
2025-10-27,low,True,26.8,london,bearish
2025-10-28,low,True,13.6,never,bullish
2025-10-29,low,True,24.5,london,bearish
2025-10-30,low,False,30.7,never,bearish
2025-10-31,low,False,12.6,never,bearish
2025-11-03,high,True,15.4,london,bearish
2025-11-04,high,True,19.6,never,bearish
2025-11-06,high,False,8.2,london,bullish
2025-11-07,low,True,10.5,never,bullish
2025-11-10,high,True,16.0,london,bearish
2025-11-11,high,False,12.4,never,bearish
2025-11-12,high,True,12.1,never,bullish
2025-11-13,high,False,13.9,never,bullish
2025-11-14,high,True,15.1,never,bullish
2025-11-17,high,True,13.6,never,bearish
2025-11-18,high,True,19.1,never,bearish
2025-11-19,high,True,12.6,never,bearish
2025-11-21,high,True,9.8,never,bullish
2025-11-24,high,False,16.6,london,bullish
2025-11-25,high,False,15.8,never,bearish
2025-11-26,high,True,26.3,london,bullish
2025-11-27,low,False,13.4,never,bullish
2025-11-28,low,True,18.6,never,bearish
2025-12-01,high,False,26.5,london,bullish
2025-12-02,high,True,10.3,never,bullish
2025-12-03,high,False,11.5,london,bullish
2025-12-04,high,True,11.4,never,bullish
2025-12-05,high,True,8.1,never,bearish
2025-12-08,high,True,9.9,london,bullish
2025-12-09,low,True,12.8,never,bearish
2025-12-10,high,False,7.5,never,bearish
2025-12-12,low,False,15.1,never,bullish
2025-12-15,low,True,15.3,never,bearish
2025-12-16,low,True,12.3,never,bullish
2025-12-17,low,True,24.8,london,bearish
2025-12-18,high,True,10.4,never,bullish
2025-12-19,low,True,13.1,london,bearish
2025-12-22,high,False,8.3,london,bullish
2025-12-23,high,True,14.6,london,bullish
2025-12-24,low,False,22.2,never,bullish
2025-12-26,low,True,13.7,never,bullish
2025-12-29,high,True,22.5,london,bearish
2025-12-30,high,True,8.2,never,bullish
2025-12-31,low,True,15.9,london,bearish
