entry,stop_pips,target_frac,min_range,n_trades,win_rate,expectancy_r,total_r,profit_factor,max_dd_r,avg_risk_pips,avg_rr
immediate,8,3.0,25,175,14.9,0.252,44.1,1.3,27.6,7.8,18.18
reclaim,8,3.0,25,167,18.0,0.179,29.9,1.22,21.3,10.2,9.31
immediate,8,2.0,25,175,15.4,0.159,27.7,1.19,26.0,7.8,12.12
immediate,8,2.0,15,489,19.2,0.156,76.2,1.19,39.6,7.8,8.95
reclaim,8,3.0,15,456,21.7,0.156,71.3,1.2,34.1,10.1,6.74
reclaim,8,2.0,15,456,24.3,0.112,51.1,1.15,28.0,10.1,4.49
immediate,8,3.0,20,303,15.2,0.105,31.7,1.12,34.7,7.9,16.06
reclaim,12,3.0,15,456,28.1,0.103,47.0,1.15,27.7,14.1,4.8
immediate,8,3.0,15,489,16.6,0.102,50.1,1.12,44.6,7.8,13.42
reclaim,8,1.0,25,167,26.3,0.094,15.6,1.13,17.5,10.2,3.1
immediate,8,1.0,25,175,22.3,0.093,16.3,1.12,21.6,7.8,6.06
reclaim,12,1.0,25,167,33.5,0.092,15.4,1.14,13.4,14.2,2.21
reclaim,8,3.0,20,290,18.3,0.09,26.1,1.11,35.2,10.1,7.96
reclaim,12,2.0,15,456,31.4,0.081,37.1,1.12,19.0,14.1,3.2
reclaim,8,2.0,25,167,18.6,0.08,13.4,1.1,20.7,10.2,6.2
reclaim,12,1.0,15,456,42.8,0.079,35.8,1.14,13.6,14.1,1.6
reclaim,8,1.0,15,456,34.4,0.067,30.5,1.1,23.5,10.1,2.25
immediate,8,1.5,15,489,21.3,0.065,31.8,1.08,41.3,7.8,6.71
reclaim,15,3.0,15,456,31.4,0.056,25.3,1.08,25.2,17.1,3.95
reclaim,15,1.0,15,456,46.7,0.053,24.2,1.1,16.0,17.1,1.32
immediate,12,2.0,15,504,25.8,0.05,25.0,1.07,30.4,11.6,5.65
reclaim,15,2.0,15,456,34.9,0.045,20.5,1.07,25.3,17.1,2.63
immediate,12,1.0,25,184,27.2,0.044,8.1,1.06,19.6,11.4,4.28
reclaim,12,2.0,0,668,34.3,0.044,29.2,1.07,29.2,14.0,2.66
immediate,8,2.0,0,731,19.8,0.043,31.3,1.05,53.4,7.6,7.85
reclaim,12,3.0,0,668,29.5,0.039,26.0,1.06,33.1,14.0,3.98
immediate,8,1.5,25,175,16.6,0.039,6.8,1.05,30.6,7.8,9.09
immediate,8,2.0,20,303,15.8,0.035,10.7,1.04,37.4,7.9,10.7
immediate,12,1.0,15,504,35.5,0.035,17.6,1.05,16.7,11.6,2.82
immediate,8,1.0,15,489,27.2,0.034,16.8,1.05,23.6,7.8,4.47
reclaim,8,3.0,0,668,21.9,0.029,19.6,1.04,44.3,10.0,5.6
immediate,12,2.0,0,750,28.3,0.028,21.1,1.04,40.4,11.4,4.74
reclaim,12,1.0,20,290,35.2,0.026,7.6,1.04,20.3,14.1,1.89
reclaim,8,1.5,15,456,26.3,0.021,9.5,1.03,26.8,10.1,3.37
reclaim,12,1.5,15,456,34.0,0.019,8.7,1.03,22.4,14.1,2.4
immediate,15,2.0,15,510,29.2,0.019,9.6,1.03,46.7,14.4,4.41
reclaim,8,2.0,0,668,25.6,0.017,11.3,1.02,42.3,10.0,3.73
reclaim,15,2.0,0,668,37.9,0.017,11.4,1.03,30.2,17.0,2.18
reclaim,12,3.0,20,290,23.4,0.016,4.5,1.02,27.1,14.1,5.67
immediate,12,3.0,15,504,22.8,0.015,7.8,1.02,38.8,11.6,8.47
reclaim,12,1.0,0,668,45.2,0.012,7.9,1.02,25.7,14.0,1.33
reclaim,20,3.0,15,456,35.5,0.01,4.8,1.02,27.2,22.1,3.05
reclaim,12,3.0,25,167,22.2,0.007,1.1,1.01,20.6,14.2,6.64
reclaim,20,1.0,15,456,50.7,0.007,3.1,1.01,13.9,22.1,1.02
reclaim,20,2.0,15,456,39.3,0.007,3.0,1.01,28.6,22.1,2.03
immediate,15,1.0,15,510,39.4,0.006,3.2,1.01,28.2,14.4,2.2
reclaim,8,1.0,20,290,27.6,0.006,1.7,1.01,27.7,10.1,2.65
reclaim,15,3.0,0,668,32.8,0.006,4.0,1.01,37.2,17.0,3.28
reclaim,15,1.0,20,290,39.3,0.005,1.4,1.01,20.1,17.1,1.56
reclaim,15,1.0,0,668,49.6,0.003,2.0,1.01,17.0,17.0,1.09
immediate,12,1.5,15,504,28.4,0.002,1.2,1.0,32.8,11.6,4.24
reclaim,20,2.0,0,668,42.8,0.002,1.7,1.0,30.7,22.0,1.69
reclaim,15,1.0,25,167,35.3,0.001,0.2,1.0,14.1,17.2,1.82
immediate,8,1.0,20,303,23.4,-0.0,-0.1,1.0,24.4,7.9,5.35
immediate,15,2.0,0,756,31.9,-0.001,-1.0,1.0,51.6,14.3,3.64
reclaim,8,1.5,25,167,19.8,-0.004,-0.7,0.99,21.5,10.2,4.65
reclaim,15,1.5,15,456,37.5,-0.005,-2.4,0.99,33.5,17.1,1.97
immediate,12,1.0,20,315,30.2,-0.005,-1.7,0.99,22.7,11.5,3.46
immediate,20,2.0,0,762,37.4,-0.01,-7.4,0.98,52.5,19.2,2.85
reclaim,8,2.0,20,290,18.6,-0.012,-3.5,0.99,33.8,10.1,5.3
immediate,15,3.0,15,510,26.1,-0.012,-6.3,0.98,57.5,14.4,6.61
reclaim,15,3.0,20,290,27.2,-0.014,-4.2,0.98,31.5,17.1,4.67
reclaim,12,1.5,0,668,37.1,-0.015,-10.1,0.98,34.6,14.0,1.99
immediate,12,1.0,0,750,38.0,-0.016,-12.2,0.97,28.9,11.4,2.37
immediate,12,1.5,0,750,31.1,-0.018,-13.5,0.97,47.4,11.4,3.55
immediate,20,2.0,15,516,33.7,-0.018,-9.3,0.97,47.5,19.2,3.52
reclaim,20,3.0,0,668,37.0,-0.02,-13.6,0.96,36.5,22.0,2.53
reclaim,20,1.0,0,668,54.3,-0.02,-13.1,0.96,18.9,22.0,0.84
reclaim,8,1.0,0,668,35.9,-0.025,-16.6,0.96,29.9,10.0,1.87
reclaim,15,1.5,0,668,41.0,-0.026,-17.6,0.95,41.4,17.0,1.64
reclaim,12,2.0,25,167,23.4,-0.027,-4.5,0.96,21.2,14.2,4.43
reclaim,20,1.0,20,290,44.1,-0.027,-7.8,0.95,15.2,22.1,1.2
immediate,15,1.5,15,510,31.8,-0.028,-14.5,0.96,50.2,14.4,3.3
immediate,8,1.5,0,731,22.0,-0.028,-20.4,0.96,57.9,7.6,5.89
reclaim,20,1.5,15,456,41.9,-0.029,-13.3,0.95,30.0,22.1,1.53
immediate,15,1.0,0,756,42.3,-0.031,-23.1,0.95,33.2,14.3,1.82
immediate,12,3.0,20,315,20.3,-0.032,-10.1,0.96,36.3,11.5,10.39
immediate,8,1.5,20,303,17.5,-0.033,-10.0,0.96,36.1,7.9,8.03
immediate,20,1.0,15,516,43.8,-0.035,-18.3,0.93,26.2,19.2,1.76
reclaim,20,1.5,0,668,46.0,-0.036,-23.9,0.93,37.2,22.0,1.26
immediate,12,3.0,0,750,23.9,-0.037,-27.5,0.95,67.3,11.4,7.11
immediate,15,1.5,0,756,34.8,-0.04,-30.0,0.94,55.8,14.3,2.73
immediate,20,1.0,0,762,47.9,-0.044,-33.6,0.91,40.8,19.2,1.43
immediate,8,3.0,0,731,16.3,-0.044,-32.3,0.95,70.1,7.6,11.77
immediate,20,3.0,15,516,30.6,-0.045,-23.3,0.93,54.4,19.2,5.29
immediate,20,1.5,0,762,40.2,-0.046,-35.1,0.92,57.7,19.2,2.14
reclaim,12,2.0,20,290,24.1,-0.047,-13.6,0.94,26.7,14.1,3.78
immediate,8,1.0,0,731,28.3,-0.05,-36.7,0.93,46.4,7.6,3.92
reclaim,20,3.0,20,290,31.7,-0.051,-14.8,0.92,31.5,22.1,3.6
reclaim,8,1.5,0,668,28.1,-0.052,-35.0,0.93,53.7,10.0,2.8
reclaim,15,2.0,20,290,28.3,-0.054,-15.6,0.92,41.2,17.1,3.11
immediate,15,1.0,20,318,33.6,-0.054,-17.1,0.92,30.2,14.4,2.51
immediate,20,1.5,15,516,36.0,-0.056,-29.0,0.91,50.1,19.2,2.64
immediate,12,3.0,25,184,17.4,-0.057,-10.5,0.93,39.3,11.4,12.85
immediate,15,3.0,0,756,27.1,-0.062,-46.8,0.91,76.9,14.3,5.46
immediate,20,3.0,0,762,32.3,-0.063,-48.2,0.9,71.3,19.2,4.28
immediate,12,2.0,20,315,21.0,-0.066,-20.8,0.92,41.9,11.5,6.93
reclaim,20,1.0,25,167,38.3,-0.066,-11.1,0.89,17.7,22.2,1.41
immediate,15,3.0,20,318,23.6,-0.069,-21.9,0.91,48.1,14.4,7.53
immediate,15,1.0,25,185,28.6,-0.076,-14.0,0.89,25.6,14.3,2.95
reclaim,8,1.5,20,290,20.3,-0.077,-22.3,0.9,36.1,10.1,3.98
immediate,12,2.0,25,184,18.5,-0.079,-14.6,0.9,41.9,11.4,8.57
reclaim,20,2.0,20,290,32.8,-0.084,-24.4,0.87,40.5,22.1,2.4
reclaim,15,3.0,25,167,24.0,-0.084,-14.1,0.89,25.6,17.2,5.47
reclaim,15,1.5,20,290,30.7,-0.086,-25.0,0.87,36.4,17.1,2.33
reclaim,12,1.5,20,290,26.6,-0.088,-25.4,0.88,34.4,14.1,2.83
immediate,20,1.0,20,322,37.9,-0.089,-28.6,0.85,34.3,19.2,2.18
reclaim,15,2.0,25,167,25.7,-0.089,-14.9,0.88,29.4,17.2,3.64
reclaim,12,1.5,25,167,24.6,-0.092,-15.4,0.88,25.6,14.2,3.32
immediate,15,2.0,20,318,24.5,-0.092,-29.2,0.88,53.5,14.4,5.02
immediate,12,1.5,20,315,23.2,-0.095,-29.8,0.88,40.5,11.5,5.2
reclaim,20,1.5,20,290,35.2,-0.097,-28.1,0.84,34.9,22.1,1.8
immediate,20,1.0,25,187,32.1,-0.118,-22.1,0.82,28.9,19.1,2.04
immediate,20,3.0,20,322,27.0,-0.121,-38.9,0.83,51.5,19.2,6.53
immediate,15,1.5,20,318,26.7,-0.122,-38.9,0.83,52.5,14.4,3.77
immediate,12,1.5,25,184,19.6,-0.133,-24.5,0.83,46.4,11.4,6.43
reclaim,20,3.0,25,167,26.9,-0.14,-23.3,0.8,30.2,22.2,4.23
immediate,20,2.0,20,322,28.0,-0.14,-45.0,0.8,56.7,19.2,4.35
immediate,15,3.0,25,185,18.9,-0.143,-26.5,0.82,42.7,14.3,8.85
reclaim,15,1.5,25,167,26.9,-0.146,-24.4,0.8,33.5,17.2,2.73
reclaim,20,2.0,25,167,28.7,-0.146,-24.4,0.79,32.2,22.2,2.82
immediate,20,1.5,20,322,30.1,-0.15,-48.2,0.78,55.1,19.2,3.26
immediate,15,2.0,25,185,20.5,-0.151,-28.0,0.81,46.5,14.3,5.9
reclaim,20,1.5,25,167,29.9,-0.178,-29.7,0.74,34.9,22.2,2.11
immediate,20,3.0,25,187,21.9,-0.183,-34.3,0.76,41.2,19.1,6.11
immediate,20,2.0,25,187,23.5,-0.19,-35.5,0.75,43.2,19.1,4.07
immediate,15,1.5,25,185,21.6,-0.204,-37.7,0.74,50.6,14.3,4.43
immediate,20,1.5,25,187,24.6,-0.216,-40.4,0.71,48.5,19.1,3.06
