entry_bar,outcome,r_multiple,risk_pips
589,LOSS,-1.0,11.6
819,LOSS,-1.0,4.8
914,LOSS,-1.0,2.0
994,LOSS,-1.0,8.9
1109,OPEN,0.0,6.5
2132,LOSS,-1.0,4.3
2212,LOSS,-1.0,8.0
2282,WIN,1.841,12.6
3485,LOSS,-1.0,18.6
3700,LOSS,-1.0,5.7
3750,WIN,4.819,12.7
6312,WIN,0.961,15.5
7735,LOSS,-1.0,6.2
7825,WIN,1.264,14.0
9209,LOSS,-1.0,12.3
9324,WIN,1.214,18.2
10632,WIN,0.903,7.2
14923,WIN,0.852,8.8
17801,WIN,1.961,7.6
19211,WIN,1.862,6.5
22105,WIN,1.138,8.0
27890,LOSS,-1.0,9.1
28055,LOSS,-1.0,11.6
28115,LOSS,-1.0,12.3
28170,LOSS,-1.0,7.6
28220,OPEN,0.0,16.8
35035,LOSS,-1.0,2.8
35090,LOSS,-1.0,10.5
35295,LOSS,-1.0,10.4
35450,LOSS,-1.0,12.5
36440,WIN,0.638,11.6
37818,LOSS,-1.0,7.3
37968,OPEN,0.0,10.9
39279,LOSS,-1.0,7.9
39354,LOSS,-1.0,4.2
39489,LOSS,-1.0,5.1
39669,LOSS,-1.0,8.5
40640,LOSS,-1.0,2.9
40650,LOSS,-1.0,2.7
40825,LOSS,-1.0,13.3
41060,OPEN,0.0,14.8
43523,LOSS,-1.0,6.2
43613,OPEN,0.0,8.9
47845,LOSS,-1.0,7.5
47980,LOSS,-1.0,11.2
48170,LOSS,-1.0,5.2
48200,OPEN,0.0,12.5
49393,LOSS,-1.0,8.7
49453,OPEN,0.0,2.5
52130,WIN,0.38,7.9
53619,LOSS,-1.0,8.0
53834,WIN,4.667,3.6
54941,LOSS,-1.0,7.2
55206,LOSS,-1.0,7.9
55291,LOSS,-1.0,9.8
55451,OPEN,0.0,22.1
66598,LOSS,-1.0,6.7
66698,OPEN,0.0,12.6
69418,LOSS,-1.0,12.0
69668,LOSS,-1.0,11.5
69713,LOSS,-1.0,19.7
75068,WIN,2.409,4.4
76512,WIN,1.115,11.3
78004,WIN,2.857,9.1
85147,LOSS,-1.0,10.5
85277,WIN,1.415,9.4
89360,LOSS,-1.0,7.1
89425,LOSS,-1.0,9.0
89790,OPEN,0.0,7.1
92290,WIN,1.574,6.8
97883,LOSS,-1.0,15.0
98218,LOSS,-1.0,6.4
98303,LOSS,-1.0,6.1
98348,OPEN,0.0,8.1
103531,LOSS,-1.0,3.8
103546,LOSS,-1.0,4.5
103576,WIN,0.244,17.2
104997,LOSS,-1.0,12.8
105102,WIN,1.911,4.5
106509,LOSS,-1.0,5.9
106614,OPEN,0.0,8.6
107911,LOSS,-1.0,10.7
108061,LOSS,-1.0,8.3
108161,OPEN,0.0,13.0
109272,WIN,4.738,6.5
113388,LOSS,-1.0,5.8
113513,LOSS,-1.0,5.0
113553,LOSS,-1.0,3.2
113578,LOSS,-1.0,5.4
113743,LOSS,-1.0,3.9
113818,OPEN,0.0,12.7
126192,LOSS,-1.0,7.3
126317,LOSS,-1.0,7.4
126372,LOSS,-1.0,5.3
126562,LOSS,-1.0,4.5
126622,OPEN,0.0,12.0
133374,WIN,2.667,7.8
134746,LOSS,-1.0,2.9
134871,LOSS,-1.0,8.2
135116,LOSS,-1.0,6.8
135206,OPEN,0.0,12.9
137741,LOSS,-1.0,2.9
137776,LOSS,-1.0,6.7
137956,LOSS,-1.0,3.4
138086,OPEN,0.0,12.3
138993,LOSS,-1.0,4.3
139038,WIN,1.531,9.8
140430,LOSS,-1.0,9.2
140530,LOSS,-1.0,9.8
140760,LOSS,-1.0,8.6
140855,LOSS,-1.0,7.1
140895,LOSS,-1.0,9.9
141829,WIN,1.0,6.6
143291,LOSS,-1.0,5.7
143386,WIN,3.863,5.1
144765,LOSS,-1.0,5.5
144795,LOSS,-1.0,9.4
144870,LOSS,-1.0,5.6
145065,OPEN,0.0,3.6
147534,LOSS,-1.0,1.1
147639,LOSS,-1.0,7.9
147689,OPEN,0.0,11.3
159177,LOSS,-1.0,3.9
159217,LOSS,-1.0,3.6
159312,LOSS,-1.0,8.8
159402,LOSS,-1.0,3.1
159432,LOSS,-1.0,5.2
159502,LOSS,-1.0,8.4
159612,OPEN,0.0,14.0
161994,LOSS,-1.0,7.1
162044,WIN,0.386,14.5
164784,LOSS,-1.0,0.4
164914,WIN,3.061,8.2
166197,LOSS,-1.0,5.1
166257,WIN,0.625,11.2
170567,LOSS,-1.0,6.3
170707,LOSS,-1.0,5.7
170767,LOSS,-1.0,4.0
171022,LOSS,-1.0,7.6
171047,OPEN,0.0,10.4
176284,LOSS,-1.0,4.0
176389,LOSS,-1.0,10.9
176689,LOSS,-1.0,6.2
176754,OPEN,0.0,12.5
177787,WIN,1.18,11.1
184859,LOSS,-1.0,5.2
184924,LOSS,-1.0,3.8
185029,LOSS,-1.0,8.7
185099,OPEN,0.0,4.9
186251,WIN,4.6,6.5
187652,LOSS,-1.0,7.4
187692,LOSS,-1.0,6.3
187802,WIN,0.0,12.5
189112,LOSS,-1.0,13.2
189222,LOSS,-1.0,9.2
189407,LOSS,-1.0,5.3
189567,LOSS,-1.0,6.2
189617,OPEN,0.0,15.8
194857,LOSS,-1.0,5.4
194892,LOSS,-1.0,2.4
194952,LOSS,-1.0,6.2
195052,LOSS,-1.0,4.1
195242,LOSS,-1.0,12.1
195267,LOSS,-1.0,8.0
195352,LOSS,-1.0,3.2
196242,LOSS,-1.0,4.3
196267,LOSS,-1.0,5.7
196412,WIN,3.214,7.0
203398,LOSS,-1.0,7.4
203443,WIN,1.125,7.2
206187,LOSS,-1.0,4.1
206312,LOSS,-1.0,12.6
206432,LOSS,-1.0,5.4
206717,OPEN,0.0,10.5
210516,LOSS,-1.0,11.8
210571,LOSS,-1.0,3.0
210671,LOSS,-1.0,7.4
210766,LOSS,-1.0,7.2
211001,LOSS,-1.0,7.7
211041,OPEN,0.0,4.5
213351,LOSS,-1.0,2.1
213486,LOSS,-1.0,5.0
213546,LOSS,-1.0,5.3
213601,OPEN,0.0,8.7
214765,LOSS,-1.0,5.0
214865,LOSS,-1.0,5.3
214950,LOSS,-1.0,5.1
215025,LOSS,-1.0,4.2
215050,LOSS,-1.0,3.1
215120,WIN,1.561,9.8
216235,WIN,2.938,4.8
220437,LOSS,-1.0,4.7
220462,LOSS,-1.0,5.7
220592,LOSS,-1.0,8.1
220662,LOSS,-1.0,5.5
220822,LOSS,-1.0,4.5
221852,LOSS,-1.0,4.3
221867,WIN,1.541,3.7
230391,WIN,3.761,4.6
234746,LOSS,-1.0,6.5
235016,LOSS,-1.0,9.0
235076,LOSS,-1.0,4.7
240184,LOSS,-1.0,3.2
240254,WIN,3.729,5.9
243049,LOSS,-1.0,3.5
243149,LOSS,-1.0,4.7
243229,LOSS,-1.0,9.2
243359,OPEN,0.0,3.8
245854,LOSS,-1.0,7.3
245959,LOSS,-1.0,8.7
246119,LOSS,-1.0,6.1
246144,WIN,1.387,8.0
254466,LOSS,-1.0,4.0
254531,WIN,12.565,2.3
257293,WIN,6.0,3.4
261478,LOSS,-1.0,4.5
261538,LOSS,-1.0,8.3
261723,LOSS,-1.0,6.4
261813,LOSS,-1.0,5.5
261968,WIN,0.0,4.3
265828,LOSS,-1.0,9.9
266243,LOSS,-1.0,10.0
266303,OPEN,0.0,4.5
267144,LOSS,-1.0,3.7
267224,LOSS,-1.0,9.2
267319,LOSS,-1.0,9.3
267394,LOSS,-1.0,16.6
267574,LOSS,-1.0,7.9
267699,OPEN,0.0,14.9
271418,WIN,1.742,6.6
275807,LOSS,-1.0,8.6
276117,LOSS,-1.0,5.7
276157,OPEN,0.0,6.7
277288,LOSS,-1.0,5.4
277353,LOSS,-1.0,6.4
277478,LOSS,-1.0,3.4
277543,OPEN,0.0,6.9
284348,WIN,1.651,6.3
285698,LOSS,-1.0,1.8
285748,WIN,2.387,6.2
287279,LOSS,-1.0,4.8
287394,LOSS,-1.0,5.8
287584,LOSS,-1.0,8.3
287624,LOSS,-1.0,4.3
287669,OPEN,0.0,10.9
288608,LOSS,-1.0,6.7
288733,WIN,4.375,5.6
290020,LOSS,-1.0,6.6
290090,OPEN,0.0,11.1
292823,LOSS,-1.0,1.9
292933,LOSS,-1.0,5.7
293048,OPEN,0.0,6.4
297174,LOSS,-1.0,6.7
297574,LOSS,-1.0,7.1
297609,OPEN,0.0,18.8
302865,WIN,1.606,9.4
305818,LOSS,-1.0,6.5
305868,LOSS,-1.0,5.3
305948,LOSS,-1.0,6.5
305968,LOSS,-1.0,3.9
306013,LOSS,-1.0,4.0
306048,LOSS,-1.0,9.2
306143,LOSS,-1.0,5.8
306218,LOSS,-1.0,5.6
307106,LOSS,-1.0,3.8
307141,WIN,1.103,8.7
308530,LOSS,-1.0,5.8
308605,LOSS,-1.0,4.3
308680,LOSS,-1.0,4.4
308750,LOSS,-1.0,3.7
308850,LOSS,-1.0,2.6
308920,WIN,0.0,8.7
311414,WIN,3.151,5.3
312747,WIN,2.1,5.0
314184,WIN,4.196,4.6
318463,LOSS,-1.0,4.1
318518,LOSS,-1.0,4.8
318588,LOSS,-1.0,7.2
318798,WIN,2.081,6.2
328572,LOSS,-1.0,19.3
328662,OPEN,0.0,14.6
329980,LOSS,-1.0,6.6
330025,WIN,0.19,11.6
331396,LOSS,-1.0,4.2
331496,LOSS,-1.0,4.4
331551,LOSS,-1.0,3.6
331576,LOSS,-1.0,5.3
331721,OPEN,0.0,10.5
332954,LOSS,-1.0,16.7
333059,LOSS,-1.0,8.8
333099,LOSS,-1.0,18.4
333189,LOSS,-1.0,16.0
333224,LOSS,-1.0,6.5
333349,OPEN,0.0,9.9
335851,LOSS,-1.0,9.3
335931,LOSS,-1.0,13.5
336161,WIN,5.787,14.1
337131,LOSS,-1.0,9.4
337341,WIN,0.296,17.9
342863,LOSS,-1.0,6.0
342913,LOSS,-1.0,8.1
342968,WIN,0.124,13.7
344351,LOSS,-1.0,4.9
344456,LOSS,-1.0,3.7
344476,WIN,0.699,8.3
351449,LOSS,-1.0,1.5
351524,LOSS,-1.0,5.6
351579,LOSS,-1.0,4.3
351634,LOSS,-1.0,7.0
351774,WIN,0.733,9.0
352943,LOSS,-1.0,7.5
353013,LOSS,-1.0,6.2
353308,OPEN,0.0,19.8
355824,LOSS,-1.0,5.1
355889,LOSS,-1.0,7.2
356094,LOSS,-1.0,9.0
356184,LOSS,-1.0,6.1
356254,LOSS,-1.0,9.9
356324,OPEN,0.0,12.5
357227,LOSS,-1.0,8.3
357287,LOSS,-1.0,4.6
357557,WIN,1.107,13.1
361653,WIN,6.0,2.6
362962,LOSS,-1.0,4.1
363047,WIN,0.0,3.8
372859,LOSS,-1.0,2.5
372899,LOSS,-1.0,4.1
372999,LOSS,-1.0,7.5
373039,LOSS,-1.0,6.2
373074,LOSS,-1.0,7.0
373139,LOSS,-1.0,7.4
373174,LOSS,-1.0,13.1
373344,OPEN,0.0,8.3
375842,LOSS,-1.0,2.4
375902,WIN,9.2,2.0
378595,LOSS,-1.0,6.3
378705,WIN,2.0,6.5
381520,LOSS,-1.0,12.0
381885,LOSS,-1.0,5.7
384360,LOSS,-1.0,5.7
384425,WIN,3.273,7.7
387137,LOSS,-1.0,5.8
387177,LOSS,-1.0,4.2
387292,LOSS,-1.0,8.7
387382,LOSS,-1.0,4.0
387532,LOSS,-1.0,9.1
387637,LOSS,-1.0,13.4
387712,OPEN,0.0,7.5
388666,WIN,0.864,11.0
390060,LOSS,-1.0,8.0
390130,LOSS,-1.0,5.6
390185,LOSS,-1.0,7.1
390400,LOSS,-1.0,7.0
390470,LOSS,-1.0,6.4
390505,LOSS,-1.0,6.8
398626,LOSS,-1.0,7.0
398746,LOSS,-1.0,4.9
398826,LOSS,-1.0,8.8
399051,LOSS,-1.0,9.3
399171,OPEN,0.0,18.3
400148,LOSS,-1.0,16.2
400353,OPEN,0.0,8.7
410165,LOSS,-1.0,8.9
410255,WIN,4.07,5.7
414411,LOSS,-1.0,7.7
414526,LOSS,-1.0,11.6
414576,LOSS,-1.0,13.0
414811,LOSS,-1.0,8.8
415829,LOSS,-1.0,5.8
415929,LOSS,-1.0,11.1
416109,OPEN,0.0,8.5
417326,OPEN,0.0,19.2
418701,LOSS,-1.0,2.6
418741,LOSS,-1.0,8.3
418786,LOSS,-1.0,3.1
418856,LOSS,-1.0,1.3
419026,WIN,1.024,4.2
420134,LOSS,-1.0,4.8
420199,WIN,7.885,6.1
421822,OPEN,0.0,21.1
427355,LOSS,-1.0,18.1
427565,LOSS,-1.0,25.8
427790,LOSS,-1.0,7.9
427880,OPEN,0.0,21.9
428767,LOSS,-1.0,8.1
428802,LOSS,-1.0,10.8
428877,WIN,2.976,8.3
434516,WIN,1.802,27.3
437391,LOSS,-1.0,10.6
437466,LOSS,-1.0,7.6
437566,LOSS,-1.0,11.4
437806,LOSS,-1.0,9.4
437826,LOSS,-1.0,18.3
437941,OPEN,0.0,21.7
438849,WIN,0.247,24.3
441785,LOSS,-1.0,3.9
441930,LOSS,-1.0,21.2
442310,OPEN,0.0,13.7
443250,OPEN,0.0,23.2
444614,WIN,1.267,11.6
446144,WIN,1.634,14.2
451797,WIN,1.8,5.0
457470,LOSS,-1.0,8.3
457525,LOSS,-1.0,5.5
457700,LOSS,-1.0,11.5
457825,LOSS,-1.0,14.3
457885,OPEN,0.0,19.1
458895,LOSS,-1.0,2.9
458960,LOSS,-1.0,11.6
459060,LOSS,-1.0,8.3
459390,OPEN,0.0,12.9
467478,WIN,1.534,14.8
473187,LOSS,-1.0,11.0
473527,WIN,0.655,22.0
474660,WIN,5.565,6.2
476261,LOSS,-1.0,5.5
476456,OPEN,0.0,8.2
478975,LOSS,-1.0,6.0
479075,LOSS,-1.0,9.4
479150,LOSS,-1.0,12.1
479405,OPEN,0.0,13.1
480537,LOSS,-1.0,7.7
480627,LOSS,-1.0,11.4
480917,OPEN,0.0,15.7
481926,OPEN,0.0,21.3
483255,WIN,1.179,7.8
490430,LOSS,-1.0,8.8
490520,LOSS,-1.0,19.3
490560,LOSS,-1.0,8.9
490635,LOSS,-1.0,9.9
490725,OPEN,0.0,13.9
501867,LOSS,-1.0,8.6
501912,LOSS,-1.0,8.4
501972,LOSS,-1.0,3.9
502007,LOSS,-1.0,7.0
502052,WIN,3.623,10.6
504738,LOSS,-1.0,10.1
504783,LOSS,-1.0,6.5
504893,WIN,1.24,20.8
506342,LOSS,-1.0,6.3
506482,OPEN,0.0,13.2
507651,LOSS,-1.0,4.9
507681,LOSS,-1.0,18.6
507776,LOSS,-1.0,11.5
507966,OPEN,0.0,19.9
511902,WIN,2.207,12.1
513384,LOSS,-1.0,10.3
513559,LOSS,-1.0,12.6
514869,LOSS,-1.0,14.9
515294,LOSS,-1.0,4.3
520523,LOSS,-1.0,12.8
520718,LOSS,-1.0,8.9
520798,LOSS,-1.0,8.6
521058,OPEN,0.0,6.0
524886,LOSS,-1.0,7.4
524911,LOSS,-1.0,6.4
524946,LOSS,-1.0,8.9
525076,LOSS,-1.0,3.8
525161,LOSS,-1.0,13.6
525241,LOSS,-1.0,21.4
525336,LOSS,-1.0,6.6
527721,LOSS,-1.0,9.5
527786,WIN,3.457,9.4
533480,WIN,1.147,12.9
536336,LOSS,-1.0,9.4
536371,LOSS,-1.0,10.8
536416,OPEN,0.0,11.2
537782,LOSS,-1.0,28.5
537872,WIN,2.449,23.6
542034,LOSS,-1.0,19.2
542189,OPEN,0.0,12.1
547695,LOSS,-1.0,3.4
547955,LOSS,-1.0,11.4
548210,OPEN,0.0,14.7
549265,LOSS,-1.0,9.7
549705,OPEN,0.0,10.3
550685,LOSS,-1.0,10.7
550765,WIN,1.007,13.5
553476,WIN,5.111,5.4
557733,WIN,1.518,8.5
560654,WIN,2.246,11.8
566332,LOSS,-1.0,5.6
566387,LOSS,-1.0,14.6
566407,WIN,0.16,20.6
572268,LOSS,-1.0,24.6
572348,OPEN,0.0,23.0
574972,WIN,3.99,9.7
577930,WIN,0.357,30.5
580696,WIN,1.451,9.1
582136,LOSS,-1.0,4.6
582166,WIN,1.551,18.7
583641,WIN,2.337,19.0
585247,LOSS,-1.0,12.2
585577,OPEN,0.0,3.7
589396,LOSS,-1.0,9.0
589491,LOSS,-1.0,7.9
589526,LOSS,-1.0,7.2
589566,LOSS,-1.0,6.4
589596,LOSS,-1.0,16.8
589776,LOSS,-1.0,10.1
589866,OPEN,0.0,13.3
592177,LOSS,-1.0,5.5
592327,LOSS,-1.0,6.1
592352,LOSS,-1.0,12.2
592507,LOSS,-1.0,7.1
592567,LOSS,-1.0,13.8
592592,LOSS,-1.0,6.4
592757,OPEN,0.0,13.1
593662,LOSS,-1.0,5.8
593812,OPEN,0.0,8.3
602233,WIN,0.8,7.5
605225,WIN,0.947,13.2
610897,WIN,3.123,17.1
613811,LOSS,-1.0,12.2
613936,LOSS,-1.0,8.6
614026,LOSS,-1.0,13.0
614136,LOSS,-1.0,12.1
614231,OPEN,0.0,16.3
615300,LOSS,-1.0,10.3
615400,OPEN,0.0,21.0
616745,WIN,0.0,9.4
619586,LOSS,-1.0,5.5
619771,LOSS,-1.0,8.1
619821,LOSS,-1.0,3.0
619911,LOSS,-1.0,10.0
620046,LOSS,-1.0,8.4
622454,WIN,2.726,11.7
623859,LOSS,-1.0,16.5
623914,WIN,2.941,13.5
625290,WIN,0.888,11.6
626804,LOSS,-1.0,15.3
626834,OPEN,0.0,13.3
628212,OPEN,0.0,30.2
629546,LOSS,-1.0,8.2
629591,LOSS,-1.0,22.0
629711,LOSS,-1.0,10.1
629781,LOSS,-1.0,6.9
629856,WIN,6.79,8.1
639735,OPEN,0.0,32.3
642539,LOSS,-1.0,10.1
642564,LOSS,-1.0,20.4
642639,OPEN,0.0,21.0
643873,LOSS,-1.0,7.4
643908,WIN,1.399,21.8
648186,WIN,3.786,7.0
651149,LOSS,-1.0,21.6
651339,LOSS,-1.0,13.4
651549,LOSS,-1.0,19.9
652554,WIN,0.0,17.4
659651,LOSS,-1.0,1.4
659701,WIN,3.615,10.9
663973,WIN,0.5,12.6
665444,LOSS,-1.0,3.6
665449,WIN,2.333,14.4
668282,LOSS,-1.0,10.6
668307,LOSS,-1.0,15.6
668387,LOSS,-1.0,10.6
668577,LOSS,-1.0,15.9
668642,LOSS,-1.0,18.0
668767,LOSS,-1.0,15.5
668812,OPEN,0.0,22.5
674017,LOSS,-1.0,8.6
674052,LOSS,-1.0,3.6
674117,LOSS,-1.0,9.6
674187,LOSS,-1.0,21.6
674572,OPEN,0.0,6.4
679767,LOSS,-1.0,6.4
679962,LOSS,-1.0,8.9
679987,LOSS,-1.0,11.3
680107,LOSS,-1.0,11.9
680162,WIN,3.011,17.4
684340,LOSS,-1.0,11.2
684465,LOSS,-1.0,29.9
684535,OPEN,0.0,13.1
685660,LOSS,-1.0,9.2
685750,LOSS,-1.0,11.6
685825,LOSS,-1.0,17.5
685885,OPEN,0.0,9.3
689759,WIN,1.105,13.3
691263,LOSS,-1.0,9.5
691403,LOSS,-1.0,24.2
691513,LOSS,-1.0,4.2
691588,LOSS,-1.0,13.3
691638,LOSS,-1.0,17.6
691713,LOSS,-1.0,5.6
691748,LOSS,-1.0,6.8
691768,LOSS,-1.0,12.5
692762,WIN,0.328,34.1
694135,LOSS,-1.0,13.2
694325,LOSS,-1.0,16.6
694590,OPEN,0.0,22.5
695537,LOSS,-1.0,17.3
695582,LOSS,-1.0,17.6
695752,OPEN,0.0,12.4
697051,WIN,1.65,17.7
702756,LOSS,-1.0,7.8
702886,WIN,0.151,15.2
707050,LOSS,-1.0,4.8
707145,LOSS,-1.0,6.6
707245,LOSS,-1.0,9.1
707265,OPEN,0.0,8.7
710085,LOSS,-1.0,18.2
710270,LOSS,-1.0,27.1
710335,WIN,4.68,10.0
711314,LOSS,-1.0,5.5
711334,WIN,1.519,16.0
712747,LOSS,-1.0,1.3
712802,LOSS,-1.0,18.4
712877,WIN,1.66,15.0
718546,WIN,5.117,6.0
719947,LOSS,-1.0,8.6
720037,WIN,0.176,14.8
721366,LOSS,-1.0,7.5
721426,LOSS,-1.0,7.4
721441,LOSS,-1.0,6.1
721561,LOSS,-1.0,10.1
721621,LOSS,-1.0,3.3
721696,LOSS,-1.0,10.1
721801,LOSS,-1.0,14.5
721876,OPEN,0.0,10.3
722851,LOSS,-1.0,10.1
722866,WIN,5.044,4.5
724236,WIN,1.957,6.9
727131,WIN,1.26,9.6
728535,LOSS,-1.0,5.2
728570,LOSS,-1.0,7.8
728705,WIN,1.582,23.9
731473,LOSS,-1.0,9.2
731488,LOSS,-1.0,12.4
731643,WIN,1.056,10.7
732910,LOSS,-1.0,2.2
732945,LOSS,-1.0,19.4
733035,WIN,2.949,9.8
734343,LOSS,-1.0,8.0
734558,LOSS,-1.0,8.0
734653,LOSS,-1.0,9.2
734713,OPEN,0.0,28.9
735732,LOSS,-1.0,2.0
736058,OPEN,0.0,7.5
737062,LOSS,-1.0,8.7
737327,WIN,2.275,10.2
738527,LOSS,-1.0,7.0
738882,LOSS,-1.0,20.3
738967,WIN,0.959,24.2
745704,OPEN,0.0,15.1
749927,LOSS,-1.0,11.5
750017,LOSS,-1.0,5.9
750312,LOSS,-1.0,13.0
750337,LOSS,-1.0,9.7
750462,LOSS,-1.0,3.7
751433,LOSS,-1.0,6.5
751538,WIN,1.434,10.6
752803,WIN,3.254,6.3
755768,WIN,1.006,16.2
758604,LOSS,-1.0,12.3
758899,LOSS,-1.0,10.5
758944,WIN,9.194,6.2
760029,LOSS,-1.0,10.7
760139,LOSS,-1.0,1.2
760384,LOSS,-1.0,3.8
760409,OPEN,0.0,14.9
761476,LOSS,-1.0,7.9
761556,LOSS,-1.0,7.9
761581,LOSS,-1.0,9.5
761716,OPEN,0.0,16.7
764254,LOSS,-1.0,14.3
764429,WIN,2.0,13.3
765671,LOSS,-1.0,6.1
765731,WIN,1.234,12.8
767118,WIN,3.712,5.2
774228,LOSS,-1.0,4.3
774273,LOSS,-1.0,7.2
774313,LOSS,-1.0,8.8
774418,LOSS,-1.0,4.0
774493,LOSS,-1.0,4.9
774528,LOSS,-1.0,4.1
774643,LOSS,-1.0,6.4
774783,OPEN,0.0,5.6
777071,WIN,0.0,14.6
781454,LOSS,-1.0,16.5
781529,WIN,4.0,7.0
782786,LOSS,-1.0,10.0
783041,LOSS,-1.0,15.5
783261,LOSS,-1.0,9.6
783291,OPEN,0.0,19.7
784254,LOSS,-1.0,6.3
784294,LOSS,-1.0,3.9
784354,WIN,1.015,13.7
785717,LOSS,-1.0,11.0
786022,LOSS,-1.0,9.6
787094,LOSS,-1.0,6.3
787294,LOSS,-1.0,13.7
787464,WIN,1.718,15.6
790069,LOSS,-1.0,6.1
790099,LOSS,-1.0,11.1
790189,WIN,3.712,5.2
792821,LOSS,-1.0,4.6
792856,WIN,2.538,8.0
800124,OPEN,0.0,13.8
801938,LOSS,-1.0,12.1
802008,WIN,1.482,11.0
802933,LOSS,-1.0,2.2
802998,LOSS,-1.0,6.5
803183,LOSS,-1.0,5.0
803263,LOSS,-1.0,7.5
805974,LOSS,-1.0,4.4
806134,LOSS,-1.0,4.8
806266,LOSS,-1.0,7.4
806986,WIN,0.267,21.7
808004,WIN,6.69,8.7
810952,LOSS,-1.0,10.7
811027,WIN,3.989,9.3
811992,LOSS,-1.0,8.2
812042,WIN,4.602,9.8
816090,WIN,1.355,20.3
819125,LOSS,-1.0,4.8
819335,LOSS,-1.0,10.2
821053,LOSS,-1.0,11.4
821108,LOSS,-1.0,12.9
821178,LOSS,-1.0,8.1
821243,LOSS,-1.0,16.8
821298,LOSS,-1.0,6.0
821403,OPEN,0.0,15.8
823274,LOSS,-1.0,5.7
823324,LOSS,-1.0,7.8
823424,LOSS,-1.0,9.3
826331,LOSS,-1.0,9.0
826611,LOSS,-1.0,3.0
826626,LOSS,-1.0,13.1
826796,OPEN,0.0,8.8
828792,LOSS,-1.0,7.0
829047,LOSS,-1.0,6.5
829077,LOSS,-1.0,8.5
829157,OPEN,0.0,6.4
829799,LOSS,-1.0,5.8
829879,LOSS,-1.0,4.5
829999,LOSS,-1.0,3.5
830089,LOSS,-1.0,7.3
830149,OPEN,0.0,27.0
831829,WIN,1.727,9.9
833849,LOSS,-1.0,2.9
833909,LOSS,-1.0,6.4
834059,OPEN,0.0,10.5
835944,LOSS,-1.0,5.6
836039,LOSS,-1.0,9.5
836069,WIN,1.295,11.2
839946,LOSS,-1.0,4.9
840166,LOSS,-1.0,10.7
840241,LOSS,-1.0,16.8
840336,OPEN,0.0,24.9
840973,WIN,1.849,8.6
844028,LOSS,-1.0,6.8
844128,WIN,0.006,16.2
845014,LOSS,-1.0,5.1
845044,LOSS,-1.0,7.2
845154,LOSS,-1.0,3.7
845998,WIN,1.243,10.3
847042,LOSS,-1.0,5.3
847092,WIN,0.431,16.0
848077,LOSS,-1.0,6.2
848172,WIN,1.04,17.5
849061,LOSS,-1.0,6.7
849091,WIN,0.085,12.9
852158,LOSS,-1.0,3.3
852258,WIN,0.0,8.3
853162,LOSS,-1.0,6.1
853252,LOSS,-1.0,5.4
853297,LOSS,-1.0,6.4
853472,LOSS,-1.0,3.9
857305,LOSS,-1.0,11.1
857580,LOSS,-1.0,6.7
860278,LOSS,-1.0,2.3
860308,LOSS,-1.0,7.0
860428,WIN,0.905,9.5
862435,LOSS,-1.0,10.8
862635,WIN,1.444,14.4
863320,WIN,3.327,5.5
867341,WIN,1.213,9.4
869453,WIN,2.694,4.9
871477,WIN,0.537,6.7
873418,LOSS,-1.0,5.4
873628,OPEN,0.0,18.6
874453,LOSS,-1.0,3.2
874508,LOSS,-1.0,11.1
874618,LOSS,-1.0,7.7
874653,LOSS,-1.0,9.1
874758,OPEN,0.0,31.1
877515,WIN,0.753,15.4
879461,LOSS,-1.0,6.7
879516,LOSS,-1.0,9.0
879556,WIN,2.449,8.9
883418,WIN,0.692,6.5
884501,LOSS,-1.0,5.9
884556,LOSS,-1.0,4.3
884761,OPEN,0.0,9.1
891534,LOSS,-1.0,4.7
891579,LOSS,-1.0,17.8
891774,OPEN,0.0,19.2
892521,WIN,3.207,2.9
894558,WIN,1.629,9.7
895550,LOSS,-1.0,3.5
895885,LOSS,-1.0,7.3
898580,LOSS,-1.0,2.8
898610,LOSS,-1.0,9.2
898655,LOSS,-1.0,5.4
898720,WIN,1.615,13.0
899628,WIN,2.876,9.7
900549,WIN,0.472,10.6
902638,LOSS,-1.0,4.0
902783,WIN,0.0,12.3
903666,WIN,0.636,13.2
904666,WIN,1.975,8.1
905686,LOSS,-1.0,8.7
905781,LOSS,-1.0,7.9
905821,LOSS,-1.0,6.4
905846,LOSS,-1.0,7.6
905931,OPEN,0.0,25.0
906849,WIN,4.636,11.8
907720,LOSS,-1.0,16.1
908005,LOSS,-1.0,13.0
908070,OPEN,0.0,14.4
917453,WIN,6.429,4.2
918856,LOSS,-1.0,4.7
918936,LOSS,-1.0,6.8
919051,LOSS,-1.0,5.7
919306,LOSS,-1.0,9.0
919386,LOSS,-1.0,6.2
919401,OPEN,0.0,8.9
920385,LOSS,-1.0,11.4
920485,LOSS,-1.0,5.2
920600,LOSS,-1.0,4.8
920680,LOSS,-1.0,9.2
920780,OPEN,0.0,20.6
921770,LOSS,-1.0,12.1
921905,WIN,2.12,7.5
924662,LOSS,-1.0,7.7
924767,LOSS,-1.0,12.2
924837,WIN,4.361,8.3
926019,LOSS,-1.0,6.3
926059,LOSS,-1.0,7.6
926199,LOSS,-1.0,1.1
926319,WIN,2.78,5.9
927534,LOSS,-1.0,8.2
927769,LOSS,-1.0,5.5
927834,LOSS,-1.0,4.0
927894,LOSS,-1.0,7.7
930451,LOSS,-1.0,6.0
930576,LOSS,-1.0,9.3
930666,LOSS,-1.0,6.1
930731,OPEN,0.0,5.2
931795,LOSS,-1.0,6.2
931875,WIN,1.832,13.1
933177,LOSS,-1.0,7.8
933262,WIN,0.0,46.2
937536,LOSS,-1.0,4.0
937551,LOSS,-1.0,1.5
937581,LOSS,-1.0,4.2
937806,OPEN,0.0,15.6
940380,WIN,1.275,5.1
944713,LOSS,-1.0,4.8
944788,LOSS,-1.0,12.9
945008,OPEN,0.0,9.6
947468,LOSS,-1.0,9.7
947528,LOSS,-1.0,12.7
947583,LOSS,-1.0,19.9
947793,LOSS,-1.0,1.3
947828,LOSS,-1.0,1.5
947948,WIN,0.0,26.1
950345,WIN,4.37,5.4
951845,LOSS,-1.0,5.8
952225,LOSS,-1.0,11.1
952290,OPEN,0.0,13.4
956056,WIN,1.316,9.5
957529,LOSS,-1.0,9.9
957664,LOSS,-1.0,6.0
957734,LOSS,-1.0,9.7
957999,OPEN,0.0,26.4
958929,WIN,0.493,6.7
963256,LOSS,-1.0,5.1
963346,LOSS,-1.0,10.8
963421,LOSS,-1.0,8.8
963661,LOSS,-1.0,8.0
963731,OPEN,0.0,14.3
964703,WIN,0.0,34.3
968977,WIN,0.81,10.0
971765,LOSS,-1.0,8.3
971855,LOSS,-1.0,9.4
971915,LOSS,-1.0,8.5
971995,OPEN,0.0,8.6
984670,LOSS,-1.0,9.6
984735,WIN,0.376,11.7
986124,LOSS,-1.0,4.0
986139,WIN,0.0,9.5
987585,LOSS,-1.0,0.5
987660,LOSS,-1.0,9.5
987735,LOSS,-1.0,4.4
987750,LOSS,-1.0,7.6
987975,LOSS,-1.0,11.2
988075,OPEN,0.0,11.0
990429,WIN,4.617,6.0
996217,WIN,3.102,5.9
1000511,LOSS,-1.0,3.5
1000541,WIN,0.327,5.5
1001954,LOSS,-1.0,2.7
1002139,LOSS,-1.0,6.4
1002374,LOSS,-1.0,7.3
1002484,OPEN,0.0,9.1
1003520,LOSS,-1.0,7.6
1003645,WIN,8.506,7.9
1004832,WIN,1.0,5.2
1006314,WIN,0.098,15.3
1007690,LOSS,-1.0,4.2
1007770,LOSS,-1.0,7.8
1007870,LOSS,-1.0,4.0
1008055,LOSS,-1.0,19.0
1008110,LOSS,-1.0,9.1
1008265,LOSS,-1.0,4.3
1009122,LOSS,-1.0,10.5
1009217,OPEN,0.0,14.1
1016273,LOSS,-1.0,2.5
1016368,LOSS,-1.0,4.1
1016438,WIN,0.353,15.0
1017736,LOSS,-1.0,8.2
1017781,LOSS,-1.0,6.2
1017896,LOSS,-1.0,8.2
1018121,LOSS,-1.0,10.2
1020697,LOSS,-1.0,9.1
1020977,LOSS,-1.0,16.5
1021097,OPEN,0.0,28.2
1023599,LOSS,-1.0,10.3
1023899,OPEN,0.0,9.7
1027803,LOSS,-1.0,8.1
1027853,WIN,0.962,21.3
1029191,LOSS,-1.0,3.9
1029211,LOSS,-1.0,9.3
1029276,LOSS,-1.0,7.7
1029471,LOSS,-1.0,5.4
1029681,OPEN,0.0,7.6
1030615,WIN,4.159,6.3
1046408,LOSS,-1.0,7.4
1046483,LOSS,-1.0,4.1
1046628,LOSS,-1.0,11.4
1046763,OPEN,0.0,9.4
1052123,LOSS,-1.0,3.2
1052193,LOSS,-1.0,6.9
1052243,LOSS,-1.0,3.7
1052293,LOSS,-1.0,6.5
1052538,LOSS,-1.0,9.0
1052578,LOSS,-1.0,4.1
1052608,OPEN,0.0,11.5
1053716,LOSS,-1.0,7.1
1053951,LOSS,-1.0,17.8
1054081,LOSS,-1.0,9.2
1054106,OPEN,0.0,4.7
1061087,LOSS,-1.0,4.8
1061292,LOSS,-1.0,4.3
1061397,LOSS,-1.0,7.9
1061462,LOSS,-1.0,6.8
1061597,LOSS,-1.0,6.3
1062538,WIN,0.73,7.4
1066879,WIN,1.743,7.0
1068301,LOSS,-1.0,3.7
1068321,LOSS,-1.0,7.3
1068426,OPEN,0.0,7.7
1075424,WIN,1.925,4.0
1082282,LOSS,-1.0,2.6
1082447,WIN,0.0,9.7
1086610,WIN,16.273,2.2
1088110,LOSS,-1.0,8.7
1088120,LOSS,-1.0,7.5
1088220,LOSS,-1.0,8.0
1088495,OPEN,0.0,21.0
1089544,LOSS,-1.0,8.1
1089614,LOSS,-1.0,7.5
1089849,LOSS,-1.0,10.0
1092394,WIN,0.0,10.5
1098136,LOSS,-1.0,6.7
1098171,LOSS,-1.0,7.3
1098261,WIN,3.078,6.4
1099606,WIN,1.254,5.9
1100993,WIN,1.568,8.1
1102427,LOSS,-1.0,2.8
1102467,LOSS,-1.0,7.2
1102712,LOSS,-1.0,7.1
1102797,LOSS,-1.0,4.5
1102877,LOSS,-1.0,11.8
1102927,WIN,0.413,12.6
1103877,WIN,0.586,8.7
1105338,LOSS,-1.0,3.8
1105378,WIN,0.244,11.9
1106775,WIN,0.0,10.5
1108162,LOSS,-1.0,3.0
1108207,WIN,1.927,4.1
1109641,WIN,0.0,12.0
1111077,LOSS,-1.0,12.0
1111367,LOSS,-1.0,4.8
1111442,LOSS,-1.0,12.7
1111532,OPEN,0.0,14.6
1112500,LOSS,-1.0,5.5
1112585,LOSS,-1.0,5.8
1112695,LOSS,-1.0,2.4
1112745,LOSS,-1.0,2.6
1112960,LOSS,-1.0,5.4
1112995,OPEN,0.0,7.8
1113935,WIN,2.318,4.4
1115342,LOSS,-1.0,5.1
1115397,LOSS,-1.0,2.1
1115557,LOSS,-1.0,3.5
1115652,LOSS,-1.0,4.5
1115792,OPEN,0.0,11.2
1118327,WIN,1.103,32.9
1119717,WIN,0.5,7.2
1121116,LOSS,-1.0,9.1
1121296,LOSS,-1.0,2.1
1121346,LOSS,-1.0,4.9
1121411,LOSS,-1.0,6.8
1121486,LOSS,-1.0,9.3
1121521,LOSS,-1.0,4.1
1121616,LOSS,-1.0,7.4
1122547,LOSS,-1.0,9.5
1122602,WIN,2.333,4.8
1128258,LOSS,-1.0,8.0
1128303,WIN,1.318,6.6
1131137,LOSS,-1.0,4.4
1131307,LOSS,-1.0,5.3
1131347,LOSS,-1.0,3.9
1131427,LOSS,-1.0,3.4
1131572,LOSS,-1.0,8.5
1131657,LOSS,-1.0,4.1
1135498,LOSS,-1.0,5.7
1135603,WIN,1.448,2.9
1136936,WIN,1.229,4.8
1138349,WIN,0.085,5.9
1141246,LOSS,-1.0,3.8
1141381,OPEN,0.0,4.1
1142669,LOSS,-1.0,3.8
1142719,LOSS,-1.0,5.5
1142918,WIN,5.139,3.6
1145529,WIN,0.361,7.2
1146938,LOSS,-1.0,2.5
1147133,WIN,0.0,7.3
1149843,LOSS,-1.0,7.7
1149883,LOSS,-1.0,15.1
1150148,LOSS,-1.0,0.7
1150173,LOSS,-1.0,5.6
1150213,LOSS,-1.0,3.5
1150268,OPEN,0.0,8.7
1151227,LOSS,-1.0,4.3
1151437,LOSS,-1.0,3.2
1151507,WIN,5.0,4.0
1152664,LOSS,-1.0,5.2
1152804,LOSS,-1.0,3.5
1152884,LOSS,-1.0,2.8
1152919,WIN,1.321,5.6
1161233,LOSS,-1.0,5.4
1161288,LOSS,-1.0,4.7
1161338,LOSS,-1.0,3.6
1161403,LOSS,-1.0,1.7
1161433,LOSS,-1.0,3.9
1161523,LOSS,-1.0,6.3
1161598,OPEN,0.0,9.3
1171187,LOSS,-1.0,7.8
1171282,LOSS,-1.0,4.5
1171372,LOSS,-1.0,2.2
1171412,LOSS,-1.0,4.1
1171487,WIN,1.281,11.4
1175496,WIN,6.111,3.6
1176956,LOSS,-1.0,4.2
1177021,LOSS,-1.0,6.8
1177131,LOSS,-1.0,6.0
1177301,LOSS,-1.0,7.7
1177341,LOSS,-1.0,6.6
1177416,OPEN,0.0,10.6
1182667,LOSS,-1.0,10.3
1182777,LOSS,-1.0,1.8
1182882,LOSS,-1.0,5.3
1182942,LOSS,-1.0,3.9
1182997,WIN,0.232,19.4
1184107,LOSS,-1.0,9.0
1184232,WIN,1.178,15.7
1185563,LOSS,-1.0,10.6
1185723,LOSS,-1.0,3.1
1185753,LOSS,-1.0,3.2
1185793,LOSS,-1.0,4.8
1185858,WIN,0.833,4.8
1189803,LOSS,-1.0,6.2
1189883,WIN,0.755,9.8
1191376,LOSS,-1.0,2.2
1191471,LOSS,-1.0,7.4
1191541,LOSS,-1.0,4.4
1191571,LOSS,-1.0,4.6
1191646,OPEN,0.0,15.5
1192854,LOSS,-1.0,1.7
1192879,LOSS,-1.0,4.9
1192964,LOSS,-1.0,2.3
1193079,OPEN,0.0,9.1
1198370,WIN,0.0,3.6
1199774,LOSS,-1.0,3.1
1200004,LOSS,-1.0,5.8
1200174,LOSS,-1.0,0.4
1200244,LOSS,-1.0,2.8
1200294,OPEN,0.0,2.3
1202724,LOSS,-1.0,4.3
1202814,LOSS,-1.0,4.8
1203004,LOSS,-1.0,8.0
1203039,LOSS,-1.0,6.7
1203059,LOSS,-1.0,11.8
1206914,LOSS,-1.0,3.4
1207004,LOSS,-1.0,3.9
1207039,LOSS,-1.0,2.3
1207084,WIN,0.152,4.6
1208447,LOSS,-1.0,5.6
1208587,WIN,4.6,4.0
1212761,LOSS,-1.0,5.1
1212856,LOSS,-1.0,4.0
1212916,LOSS,-1.0,4.9
1213056,LOSS,-1.0,4.2
1215462,LOSS,-1.0,4.2
1215792,WIN,2.811,7.4
1220081,LOSS,-1.0,5.9
1220116,LOSS,-1.0,3.2
1220206,LOSS,-1.0,4.5
1220241,OPEN,0.0,12.0
1226995,WIN,0.275,9.1
1229764,LOSS,-1.0,4.3
1229794,WIN,1.349,4.3
1231198,LOSS,-1.0,4.4
1231318,LOSS,-1.0,5.7
1231378,LOSS,-1.0,4.3
1231633,LOSS,-1.0,11.1
1231708,LOSS,-1.0,5.4
1241152,WIN,1.297,6.4
1242626,LOSS,-1.0,1.8
1242811,LOSS,-1.0,5.5
1242921,LOSS,-1.0,2.9
1243006,LOSS,-1.0,4.1
1243041,OPEN,0.0,4.6
1243971,WIN,0.605,7.6
1246868,LOSS,-1.0,4.1
1246938,LOSS,-1.0,7.0
1247078,LOSS,-1.0,4.9
1247143,LOSS,-1.0,5.0
1247303,OPEN,0.0,5.0
1249742,LOSS,-1.0,3.8
1249912,WIN,4.096,7.3
1254058,LOSS,-1.0,6.6
1254178,LOSS,-1.0,6.0
1255399,LOSS,-1.0,3.5
1255429,LOSS,-1.0,4.9
1255484,LOSS,-1.0,5.4
1255534,LOSS,-1.0,3.9
1255564,LOSS,-1.0,5.0
1255629,LOSS,-1.0,8.0
1255774,OPEN,0.0,13.9
1259724,LOSS,-1.0,3.1
1259839,LOSS,-1.0,5.7
1259979,LOSS,-1.0,2.7
1260044,LOSS,-1.0,3.2
1260144,LOSS,-1.0,4.4
1263933,LOSS,-1.0,6.1
1264113,LOSS,-1.0,1.8
1264143,LOSS,-1.0,3.8
1264193,LOSS,-1.0,8.3
1264378,LOSS,-1.0,5.7
1264428,LOSS,-1.0,4.3
1264478,OPEN,0.0,4.7
1273932,LOSS,-1.0,3.5
1274022,WIN,0.0,12.4
1275380,WIN,1.171,4.1
1279714,LOSS,-1.0,5.4
1279779,LOSS,-1.0,6.6
1279904,LOSS,-1.0,3.3
1279954,WIN,4.22,4.1
1284016,LOSS,-1.0,7.3
1284121,LOSS,-1.0,7.8
1284206,LOSS,-1.0,7.4
1284576,OPEN,0.0,5.8
1289827,WIN,1.512,8.6
1291251,WIN,7.889,1.8
1292707,LOSS,-1.0,3.2
1292877,LOSS,-1.0,6.8
1293077,LOSS,-1.0,4.3
1293177,OPEN,0.0,7.2
1294039,WIN,2.667,3.0
1296941,LOSS,-1.0,4.2
1296996,WIN,1.321,5.3
1298343,LOSS,-1.0,1.1
1298383,LOSS,-1.0,5.6
1298423,LOSS,-1.0,5.0
1298498,LOSS,-1.0,4.0
1298613,LOSS,-1.0,5.5
1298713,LOSS,-1.0,5.6
1298823,OPEN,0.0,7.0
1299806,LOSS,-1.0,8.8
1299936,LOSS,-1.0,7.0
1300341,OPEN,0.0,14.2
1304169,WIN,1.75,3.2
1305588,WIN,12.462,1.3
1308411,LOSS,-1.0,1.3
1308501,LOSS,-1.0,9.4
1308611,WIN,0.929,9.9
1311265,WIN,1.816,4.9
1312752,LOSS,-1.0,0.3
1312792,LOSS,-1.0,4.4
1312842,WIN,1.931,7.2
1314268,OPEN,0.0,5.9
1316999,LOSS,-1.0,3.3
1317044,WIN,3.27,3.7
1318436,LOSS,-1.0,3.7
1318466,LOSS,-1.0,8.8
1318531,LOSS,-1.0,2.2
1318576,LOSS,-1.0,3.7
1318711,LOSS,-1.0,3.5
1318781,LOSS,-1.0,6.0
1318846,LOSS,-1.0,4.2
1319812,LOSS,-1.0,2.5
1319842,LOSS,-1.0,5.5
1319887,WIN,0.933,6.0
1322763,WIN,2.976,4.2
1324148,LOSS,-1.0,7.3
1324203,LOSS,-1.0,5.2
1324448,WIN,6.137,5.1
1325588,WIN,1.712,6.6
1328522,LOSS,-1.0,5.2
1328592,LOSS,-1.0,1.5
1328622,LOSS,-1.0,5.9
1328807,LOSS,-1.0,8.2
1328892,OPEN,0.0,15.6
1329894,WIN,0.596,5.7
1332748,LOSS,-1.0,1.8
1332893,LOSS,-1.0,7.4
1332963,OPEN,0.0,10.1
1334169,LOSS,-1.0,4.1
1334239,WIN,1.628,9.4
1337018,LOSS,-1.0,7.1
1337203,LOSS,-1.0,6.0
1337233,LOSS,-1.0,1.7
1337448,LOSS,-1.0,11.1
1337528,OPEN,0.0,6.3
1339899,LOSS,-1.0,3.1
1339964,WIN,2.753,7.7
1351403,LOSS,-1.0,5.5
1351433,LOSS,-1.0,7.0
1351498,WIN,3.673,4.9
1355752,LOSS,-1.0,4.8
1355862,WIN,2.375,7.2
1357140,LOSS,-1.0,2.9
1357215,LOSS,-1.0,3.4
1357275,LOSS,-1.0,4.7
1357335,WIN,1.63,8.1
1362849,LOSS,-1.0,2.6
1362904,LOSS,-1.0,7.0
1363199,LOSS,-1.0,2.3
1363304,LOSS,-1.0,7.7
1363369,OPEN,0.0,7.7
1365763,LOSS,-1.0,4.5
1365848,WIN,2.0,7.6
1367141,WIN,2.914,3.5
1368768,LOSS,-1.0,7.5
1369113,LOSS,-1.0,8.8
1371480,LOSS,-1.0,3.6
1371585,LOSS,-1.0,6.5
1371780,LOSS,-1.0,6.5
1371945,OPEN,0.0,9.4
1374476,WIN,1.664,11.9
1375822,LOSS,-1.0,8.4
1375982,LOSS,-1.0,7.3
1376117,LOSS,-1.0,7.0
1376167,OPEN,0.0,14.1
1380078,LOSS,-1.0,4.8
1380128,LOSS,-1.0,3.2
1380153,LOSS,-1.0,4.0
1380323,LOSS,-1.0,5.8
1380478,LOSS,-1.0,8.3
1380548,LOSS,-1.0,11.2
1382945,LOSS,-1.0,20.9
1383040,LOSS,-1.0,15.7
1383405,OPEN,0.0,9.5
1391565,LOSS,-1.0,5.7
1391685,LOSS,-1.0,13.2
1391910,WIN,0.979,32.8
1393069,LOSS,-1.0,11.7
1393144,LOSS,-1.0,12.4
1393449,LOSS,-1.0,7.2
1393514,LOSS,-1.0,7.3
1401851,LOSS,-1.0,10.4
1401951,OPEN,0.0,21.9
1403136,LOSS,-1.0,21.1
1403491,LOSS,-1.0,28.4
1403586,LOSS,-1.0,17.3
1405954,WIN,0.732,23.5
1408824,LOSS,-1.0,14.5
1408909,OPEN,0.0,11.7
1410217,WIN,2.015,13.6
1411681,LOSS,-1.0,2.1
1411721,LOSS,-1.0,8.5
1411736,LOSS,-1.0,4.3
1412136,OPEN,0.0,14.7
1413207,LOSS,-1.0,19.9
1413512,LOSS,-1.0,4.8
1414682,LOSS,-1.0,7.5
1414747,LOSS,-1.0,5.4
1414792,LOSS,-1.0,5.7
1415012,LOSS,-1.0,10.4
1415097,OPEN,0.0,18.8
1415966,WIN,2.081,7.4
1418874,WIN,0.929,15.5
1424555,WIN,3.41,3.9
1426072,LOSS,-1.0,11.8
1426132,LOSS,-1.0,4.8
1426152,WIN,3.885,10.4
1427520,LOSS,-1.0,6.1
1427765,LOSS,-1.0,8.2
1427835,LOSS,-1.0,17.6
1436489,LOSS,-1.0,8.0
1436634,WIN,0.0,12.3
1439187,LOSS,-1.0,3.5
1439252,LOSS,-1.0,0.5
1439367,LOSS,-1.0,13.5
1439492,LOSS,-1.0,7.1
1439672,OPEN,0.0,14.3
1440725,LOSS,-1.0,7.5
1440775,LOSS,-1.0,16.8
1440940,LOSS,-1.0,30.7
1441055,OPEN,0.0,78.0
1442114,LOSS,-1.0,2.4
1442234,LOSS,-1.0,3.6
1442299,LOSS,-1.0,3.6
1442374,LOSS,-1.0,1.4
1442459,WIN,2.011,9.2
1449284,LOSS,-1.0,12.3
1449364,LOSS,-1.0,20.5
1449749,LOSS,-1.0,9.2
1449809,OPEN,0.0,19.1
1452177,WIN,0.959,7.4
1454995,LOSS,-1.0,10.5
1455210,LOSS,-1.0,4.2
1455290,LOSS,-1.0,5.0
1455350,LOSS,-1.0,13.0
1455480,OPEN,0.0,27.1
1460725,LOSS,-1.0,8.2
1460885,LOSS,-1.0,10.5
1461265,OPEN,0.0,7.4
1467977,WIN,1.245,15.9
1469517,LOSS,-1.0,21.3
1469742,LOSS,-1.0,19.5
1469892,OPEN,0.0,25.5
1472279,LOSS,-1.0,11.7
1472399,LOSS,-1.0,13.9
1472469,LOSS,-1.0,8.8
1472734,OPEN,0.0,23.3
1476557,LOSS,-1.0,4.3
1476717,LOSS,-1.0,6.7
1476802,LOSS,-1.0,2.9
1476892,LOSS,-1.0,4.5
1476947,LOSS,-1.0,6.6
1476967,OPEN,0.0,9.6
1477979,LOSS,-1.0,5.5
1478044,LOSS,-1.0,5.1
1478194,LOSS,-1.0,5.1
1478249,LOSS,-1.0,5.5
1478319,LOSS,-1.0,2.7
1478459,LOSS,-1.0,5.8
1478499,LOSS,-1.0,6.7
1478574,OPEN,0.0,6.5
1479496,LOSS,-1.0,5.9
1479696,WIN,3.557,7.0
1481060,LOSS,-1.0,6.0
1481205,WIN,0.214,8.4
1482326,LOSS,-1.0,8.4
1482441,LOSS,-1.0,4.2
1482791,OPEN,0.0,23.4
1486961,WIN,0.0,4.9
1488111,LOSS,-1.0,11.1
1488276,LOSS,-1.0,3.6
1488421,LOSS,-1.0,7.8
1488496,LOSS,-1.0,3.8
1488566,LOSS,-1.0,6.8
1492361,WIN,1.015,6.7
1495402,LOSS,-1.0,5.8
1495472,LOSS,-1.0,4.1
1495562,LOSS,-1.0,5.2
1495597,WIN,2.83,5.3
1496793,LOSS,-1.0,9.6
1497033,LOSS,-1.0,6.8
1497143,LOSS,-1.0,7.3
1497168,OPEN,0.0,13.7
1499652,LOSS,-1.0,9.7
1499692,LOSS,-1.0,11.2
1499897,OPEN,0.0,10.1
1501141,LOSS,-1.0,15.5
1501441,LOSS,-1.0,20.0
1501556,OPEN,0.0,8.0
1502455,LOSS,-1.0,9.7
1502520,WIN,0.944,12.6
1503891,LOSS,-1.0,5.6
1503941,LOSS,-1.0,10.2
1503991,LOSS,-1.0,12.9
1504241,OPEN,0.0,30.9
1506835,LOSS,-1.0,14.9
1506925,LOSS,-1.0,21.5
1507185,LOSS,-1.0,7.1
1514078,WIN,5.521,7.3
1519735,LOSS,-1.0,10.1
1519810,WIN,1.24,18.3
1522737,LOSS,-1.0,4.5
1522777,WIN,0.98,10.1
1526831,WIN,0.607,13.5
1531077,LOSS,-1.0,12.1
1531132,LOSS,-1.0,17.8
1531432,LOSS,-1.0,15.5
1531512,LOSS,-1.0,15.8
1531617,OPEN,0.0,24.2
1533963,LOSS,-1.0,21.0
1533993,LOSS,-1.0,17.6
1534023,WIN,4.628,23.1
1535437,LOSS,-1.0,1.2
1535542,WIN,1.446,13.9
1536818,LOSS,-1.0,16.1
1536898,LOSS,-1.0,42.8
1537258,OPEN,0.0,15.0
1538455,LOSS,-1.0,10.1
1538510,LOSS,-1.0,15.1
1538590,LOSS,-1.0,17.8
1538660,LOSS,-1.0,35.5
1538750,LOSS,-1.0,3.8
1541186,WIN,4.418,15.3
1542579,LOSS,-1.0,22.0
1542724,WIN,0.945,32.5
1544042,LOSS,-1.0,17.7
1544107,OPEN,0.0,6.2
1548311,LOSS,-1.0,19.0
1548521,OPEN,0.0,16.0
1549766,WIN,2.705,17.6
1552772,LOSS,-1.0,20.4
1552897,OPEN,0.0,13.1
1555614,WIN,0.0,18.9
1558448,WIN,1.224,20.1
1561278,LOSS,-1.0,6.4
1561323,LOSS,-1.0,9.3
1561373,LOSS,-1.0,15.5
1561488,LOSS,-1.0,10.7
1561738,OPEN,0.0,17.5
1564117,LOSS,-1.0,5.4
1564192,LOSS,-1.0,9.6
1564282,LOSS,-1.0,14.2
1564597,LOSS,-1.0,15.0
1564647,OPEN,0.0,27.7
1565621,LOSS,-1.0,8.8
1565731,LOSS,-1.0,9.8
1565826,LOSS,-1.0,9.8
1565886,LOSS,-1.0,9.3
1565946,LOSS,-1.0,6.0
1566111,OPEN,0.0,13.9
1568487,LOSS,-1.0,7.3
1568547,LOSS,-1.0,7.6
1568622,LOSS,-1.0,4.0
1568777,LOSS,-1.0,15.3
1568912,LOSS,-1.0,6.0
1568987,OPEN,0.0,32.0
1571437,LOSS,-1.0,19.0
1571702,LOSS,-1.0,3.9
1571782,LOSS,-1.0,13.0
1571902,LOSS,-1.0,4.1
1574269,LOSS,-1.0,6.3
1574654,WIN,0.626,29.4
1575683,WIN,2.488,8.4
1577223,LOSS,-1.0,8.8
1577343,LOSS,-1.0,7.6
1577393,OPEN,0.0,20.3
1578538,LOSS,-1.0,10.9
1578638,OPEN,0.0,11.0
1579987,LOSS,-1.0,12.0
1580272,LOSS,-1.0,6.1
1580447,LOSS,-1.0,11.0
1580507,OPEN,0.0,10.5
1582836,LOSS,-1.0,9.8
1582971,LOSS,-1.0,7.9
1583126,LOSS,-1.0,8.0
1583161,LOSS,-1.0,20.2
1588689,LOSS,-1.0,10.0
1588794,LOSS,-1.0,8.0
1588879,LOSS,-1.0,12.1
1589024,LOSS,-1.0,18.2
1589069,LOSS,-1.0,10.9
1591520,LOSS,-1.0,5.9
1591565,LOSS,-1.0,16.1
1591655,LOSS,-1.0,11.4
1591965,OPEN,0.0,12.6
1598684,LOSS,-1.0,8.9
1598839,WIN,4.273,8.8
1602924,LOSS,-1.0,7.2
1603079,LOSS,-1.0,7.8
1603139,LOSS,-1.0,9.5
1603254,LOSS,-1.0,14.6
1603349,OPEN,0.0,22.7
1605794,LOSS,-1.0,6.6
1605864,LOSS,-1.0,8.4
1605909,LOSS,-1.0,8.5
1606254,LOSS,-1.0,7.2
1606314,OPEN,0.0,20.7
1607280,LOSS,-1.0,5.4
1607580,LOSS,-1.0,5.4
1607620,WIN,3.236,7.2
1608710,LOSS,-1.0,8.1
1608765,LOSS,-1.0,10.0
1609260,OPEN,0.0,10.7
1613008,WIN,1.698,18.2
1614468,WIN,0.835,19.4
1617476,OPEN,0.0,8.4
1620252,WIN,0.65,23.7
1625914,LOSS,-1.0,10.2
1626428,OPEN,0.0,9.9
1628929,WIN,1.782,12.4
1630313,WIN,1.295,11.2
1635988,LOSS,-1.0,5.6
1636103,LOSS,-1.0,4.1
1636158,LOSS,-1.0,4.8
1636358,WIN,0.0,8.4
1637425,LOSS,-1.0,2.6
1637450,LOSS,-1.0,1.9
1637490,WIN,1.66,9.7
1641800,LOSS,-1.0,10.6
1641910,LOSS,-1.0,13.1
1642110,LOSS,-1.0,6.0
1647570,WIN,1.839,8.7
1653287,WIN,2.626,14.7
1654676,LOSS,-1.0,4.1
1654806,WIN,0.596,9.4
1659010,LOSS,-1.0,4.5
1659095,LOSS,-1.0,7.0
1659310,LOSS,-1.0,9.9
1659490,LOSS,-1.0,9.2
1659540,LOSS,-1.0,3.2
1660408,LOSS,-1.0,6.1
1660438,LOSS,-1.0,5.0
1660573,WIN,4.833,6.6
1666230,LOSS,-1.0,5.9
1666345,LOSS,-1.0,4.0
1666375,LOSS,-1.0,7.0
1666520,LOSS,-1.0,9.8
1666685,OPEN,0.0,12.1
1669053,LOSS,-1.0,3.1
1669133,LOSS,-1.0,3.4
1669258,LOSS,-1.0,6.6
1669333,LOSS,-1.0,5.4
1669378,LOSS,-1.0,4.8
1669433,LOSS,-1.0,15.4
1669508,LOSS,-1.0,5.4
1669528,OPEN,0.0,7.4
1671996,LOSS,-1.0,6.2
1672181,LOSS,-1.0,1.6
1672231,LOSS,-1.0,3.7
1672261,OPEN,0.0,12.2
1673302,LOSS,-1.0,8.1
1673447,LOSS,-1.0,11.0
1673582,LOSS,-1.0,8.6
1673747,OPEN,0.0,11.7
1677662,WIN,4.306,4.9
1683522,WIN,1.352,14.5
1684853,LOSS,-1.0,6.4
1684923,LOSS,-1.0,8.5
1684988,OPEN,0.0,12.9
1687704,WIN,2.95,2.0
1690511,LOSS,-1.0,8.9
1690626,LOSS,-1.0,3.6
1690796,LOSS,-1.0,4.5
1690911,LOSS,-1.0,16.4
1691001,LOSS,-1.0,24.6
1691959,LOSS,-1.0,5.2
1692084,LOSS,-1.0,6.0
1692424,OPEN,0.0,5.2
1693381,WIN,3.107,2.8
1694842,WIN,2.021,9.7
1700591,LOSS,-1.0,6.1
1700711,LOSS,-1.0,11.5
1700796,LOSS,-1.0,5.2
1700856,LOSS,-1.0,6.7
1700931,LOSS,-1.0,5.0
1701011,LOSS,-1.0,7.5
1701096,LOSS,-1.0,9.4
1706364,LOSS,-1.0,9.5
1706409,LOSS,-1.0,6.0
1706459,LOSS,-1.0,6.8
1706504,LOSS,-1.0,6.9
1706564,LOSS,-1.0,7.5
1706679,LOSS,-1.0,9.1
1706714,LOSS,-1.0,3.7
1706744,OPEN,0.0,10.8
1712080,LOSS,-1.0,9.8
1712220,LOSS,-1.0,4.7
1712265,LOSS,-1.0,3.7
1712505,LOSS,-1.0,17.0
1712620,OPEN,0.0,6.9
1713553,LOSS,-1.0,7.9
1713848,LOSS,-1.0,14.1
1713943,OPEN,0.0,13.6
1714951,LOSS,-1.0,7.5
1715071,OPEN,0.0,8.5
1716406,WIN,3.305,10.5
1717800,LOSS,-1.0,8.8
1717890,LOSS,-1.0,6.3
1717965,LOSS,-1.0,3.8
1718145,WIN,2.163,10.4
1726408,LOSS,-1.0,6.3
1726448,LOSS,-1.0,9.9
1726533,WIN,3.07,7.1
1727852,WIN,1.168,13.7
1729242,WIN,2.509,11.0
1730754,LOSS,-1.0,6.5
1730789,LOSS,-1.0,9.9
1730849,LOSS,-1.0,7.3
1731004,LOSS,-1.0,7.2
1731189,LOSS,-1.0,12.0
1733579,WIN,1.243,14.8
1735033,WIN,0.978,4.5
1737919,WIN,0.248,12.1
1749398,WIN,1.378,8.2
1750826,WIN,6.386,4.4
1753683,LOSS,-1.0,5.2
1753728,LOSS,-1.0,8.3
1753803,LOSS,-1.0,3.5
1753938,LOSS,-1.0,6.3
1754073,OPEN,0.0,13.0
1756555,LOSS,-1.0,5.1
1756615,WIN,5.636,5.5
1758033,LOSS,-1.0,7.0
1758118,LOSS,-1.0,5.2
1758163,LOSS,-1.0,1.6
1758213,LOSS,-1.0,7.1
1758373,LOSS,-1.0,8.0
1758408,OPEN,0.0,4.4
1759405,WIN,2.64,5.0
1760904,LOSS,-1.0,9.9
1760959,LOSS,-1.0,12.8
1761394,LOSS,-1.0,3.6
1762295,WIN,0.339,12.4
1763736,LOSS,-1.0,2.2
1763801,LOSS,-1.0,7.7
1763906,WIN,0.75,6.8
1765233,WIN,0.428,15.2
1766610,WIN,0.79,10.0
1769484,LOSS,-1.0,7.0
1769544,WIN,0.554,13.0
1770905,LOSS,-1.0,7.6
1770975,LOSS,-1.0,7.4
1770995,LOSS,-1.0,6.7
1771105,LOSS,-1.0,5.0
1771170,LOSS,-1.0,5.7
1771240,OPEN,0.0,11.4
1772352,LOSS,-1.0,4.4
1772542,LOSS,-1.0,8.4
1772687,LOSS,-1.0,20.6
1772832,LOSS,-1.0,10.6
1773814,LOSS,-1.0,5.3
1774069,LOSS,-1.0,3.1
1774124,WIN,0.527,9.1
1778226,LOSS,-1.0,5.4
1778421,OPEN,0.0,9.4
1779460,WIN,1.778,4.5
1780899,LOSS,-1.0,4.0
1781009,LOSS,-1.0,4.7
1781044,LOSS,-1.0,0.7
1781109,LOSS,-1.0,6.2
1781219,LOSS,-1.0,7.6
1781279,OPEN,0.0,10.0
1782419,LOSS,-1.0,4.5
1782484,LOSS,-1.0,6.4
1782599,LOSS,-1.0,4.3
1782754,OPEN,0.0,8.1
1783785,WIN,1.931,8.7
1785219,WIN,0.908,9.8
1788079,LOSS,-1.0,3.9
1788174,OPEN,0.0,15.3
1796675,LOSS,-1.0,3.4
1796720,WIN,0.0,11.6
1799604,LOSS,-1.0,8.0
1799709,LOSS,-1.0,9.2
1799959,LOSS,-1.0,4.3
1800029,LOSS,-1.0,7.1
1800064,OPEN,0.0,4.6
1801077,LOSS,-1.0,4.8
1801222,LOSS,-1.0,3.8
1801312,WIN,5.283,5.3
1805602,LOSS,-1.0,5.4
1805662,WIN,0.687,15.0
1806916,WIN,0.214,8.4
