entry,stop_mode,stop_pips,target_frac,be_at_r,min_rr,n_trades,win_rate,expectancy_r,total_r,profit_factor,max_dd_r,avg_risk_pips,avg_rr
immediate,beyond_extreme,8,1.0,,,763,35.9,0.031,23.4,1.05,24.7,10.3,2.09
reclaim,beyond_extreme,8,1.0,,,668,44.6,0.014,9.2,1.03,15.7,14.5,1.41
reclaim,beyond_level,12,1.0,,,668,45.2,0.012,7.9,1.02,25.7,14.0,1.33
immediate,beyond_extreme,30,0.75,,,763,65.5,0.008,5.7,1.03,20.2,32.3,0.49
immediate,beyond_extreme,20,0.75,,,763,59.5,0.008,6.3,1.02,21.5,22.3,0.72
immediate,beyond_extreme,25,0.75,,,763,62.8,0.006,4.2,1.02,18.4,27.3,0.58
immediate,beyond_extreme,12,1.0,,,763,43.1,0.006,4.7,1.01,18.9,14.3,1.5
reclaim,beyond_level,15,1.0,,,668,49.6,0.003,2.0,1.01,17.0,17.0,1.09
immediate,beyond_extreme,15,1.0,,,763,47.3,0.003,2.1,1.01,19.5,17.3,1.23
immediate,beyond_level,25,0.75,,,763,60.6,0.001,1.0,1.0,16.4,24.2,0.72
immediate,beyond_extreme,20,1.0,,,763,52.4,0.001,0.9,1.0,17.5,22.3,0.96
immediate,beyond_extreme,30,0.75,1.0,,763,64.9,0.001,0.9,1.0,20.6,32.3,0.49
reclaim,beyond_extreme,12,1.0,,,668,50.4,-0.002,-1.3,1.0,17.7,18.5,1.07
immediate,beyond_extreme,25,0.75,1.0,,763,61.9,-0.003,-2.2,0.99,18.4,27.3,0.58
immediate,beyond_extreme,30,1.0,,,763,58.2,-0.004,-2.9,0.99,18.7,32.3,0.66
immediate,beyond_extreme,25,1.0,,,763,55.7,-0.004,-2.8,0.99,19.4,27.3,0.78
immediate,beyond_level,25,1.0,,,763,53.3,-0.005,-4.1,0.99,14.9,24.2,0.96
immediate,beyond_level,25,0.75,1.0,,763,59.2,-0.005,-3.5,0.99,16.4,24.2,0.72
immediate,beyond_extreme,20,0.75,1.0,,763,58.2,-0.006,-4.3,0.99,22.0,22.3,0.72
immediate,beyond_level,30,0.75,,,763,62.8,-0.006,-4.8,0.98,25.8,29.2,0.58
reclaim,beyond_extreme,15,0.75,,,668,60.8,-0.007,-4.5,0.98,14.9,21.5,0.68
reclaim,beyond_extreme,15,1.0,,,668,53.7,-0.008,-5.6,0.98,19.2,21.5,0.9
reclaim,beyond_level,25,0.75,,,668,65.1,-0.008,-5.4,0.97,14.0,27.0,0.51
reclaim,beyond_extreme,5,1.0,,,668,37.6,-0.008,-5.7,0.99,33.0,11.5,1.88
reclaim,beyond_extreme,20,0.75,,,668,64.4,-0.009,-5.9,0.97,16.4,26.5,0.54
immediate,beyond_extreme,15,0.75,,,763,53.3,-0.009,-6.9,0.98,27.4,17.3,0.93
reclaim,beyond_extreme,30,0.75,,,668,68.7,-0.009,-6.0,0.97,16.7,36.5,0.39
reclaim,beyond_extreme,25,0.75,,,668,67.4,-0.01,-6.6,0.97,16.6,31.5,0.45
reclaim,beyond_extreme,20,1.0,,,668,57.5,-0.01,-6.9,0.97,14.6,26.5,0.72
reclaim,beyond_extreme,30,0.75,1.0,,668,68.4,-0.011,-7.2,0.96,16.7,36.5,0.39
reclaim,beyond_extreme,15,0.75,1.0,,668,59.6,-0.011,-7.6,0.97,15.4,21.5,0.68
immediate,beyond_level,30,1.0,,,763,56.0,-0.012,-9.0,0.97,23.6,29.2,0.77
reclaim,beyond_extreme,12,0.75,,,668,56.7,-0.012,-7.7,0.97,17.6,18.5,0.8
reclaim,beyond_extreme,20,0.75,1.0,,668,63.9,-0.012,-7.9,0.96,16.4,26.5,0.54
immediate,beyond_extreme,30,1.0,1.0,,763,57.3,-0.012,-9.3,0.97,18.8,32.3,0.66
immediate,beyond_extreme,20,0.5,,,763,67.5,-0.013,-9.6,0.96,25.4,22.3,0.48
reclaim,beyond_extreme,25,0.75,1.0,,668,66.9,-0.013,-8.4,0.96,16.6,31.5,0.45
immediate,beyond_extreme,30,0.5,,,763,72.9,-0.014,-10.8,0.94,23.8,32.3,0.33
reclaim,beyond_extreme,8,0.75,,,668,50.1,-0.015,-9.7,0.97,21.4,14.5,1.06
immediate,beyond_level,30,0.75,1.0,,763,61.6,-0.015,-11.5,0.95,25.8,29.2,0.58
reclaim,beyond_extreme,30,1.0,,,668,61.7,-0.015,-10.3,0.95,15.6,36.5,0.52
reclaim,beyond_extreme,15,1.0,1.0,,668,51.2,-0.015,-10.3,0.96,22.2,21.5,0.9
reclaim,beyond_level,25,1.0,,,668,57.9,-0.016,-10.8,0.96,18.2,27.0,0.69
reclaim,beyond_level,25,0.75,1.0,,668,64.4,-0.016,-10.4,0.95,14.4,27.0,0.51
immediate,beyond_level,12,1.0,,,750,38.0,-0.016,-12.2,0.97,28.9,11.4,2.37
reclaim,beyond_level,25,0.5,,,668,73.2,-0.017,-11.5,0.93,17.2,27.0,0.34
reclaim,beyond_extreme,30,1.0,1.0,,668,61.4,-0.017,-11.2,0.95,15.6,36.5,0.52
immediate,beyond_extreme,8,0.75,,,763,40.6,-0.018,-14.1,0.97,41.4,10.3,1.57
immediate,beyond_extreme,20,0.5,1.0,,763,67.1,-0.018,-13.8,0.94,25.4,22.3,0.48
immediate,beyond_extreme,15,0.75,1.0,,763,51.5,-0.018,-13.8,0.96,28.7,17.3,0.93
reclaim,beyond_extreme,25,1.0,,,668,60.2,-0.019,-12.5,0.95,16.8,31.5,0.6
reclaim,beyond_extreme,20,1.0,1.0,,668,56.1,-0.019,-12.4,0.95,18.0,26.5,0.72
reclaim,beyond_level,30,0.75,,,668,66.6,-0.019,-12.9,0.93,19.0,32.0,0.43
reclaim,beyond_extreme,15,0.5,,,668,68.9,-0.019,-12.8,0.94,18.7,21.5,0.45
immediate,beyond_extreme,25,0.5,,,763,70.2,-0.019,-14.9,0.93,23.2,27.3,0.39
immediate,beyond_extreme,30,0.5,1.0,,763,72.3,-0.019,-14.4,0.92,24.1,32.3,0.33
immediate,beyond_level,25,1.0,1.0,,763,51.0,-0.019,-14.1,0.96,19.5,24.2,0.96
immediate,beyond_extreme,12,0.75,,,763,48.6,-0.019,-14.6,0.96,33.2,14.3,1.12
immediate,beyond_extreme,20,1.0,1.0,,763,49.8,-0.019,-14.6,0.96,23.5,22.3,0.96
reclaim,beyond_level,12,0.75,,,668,50.7,-0.019,-13.0,0.96,23.0,14.0,1.0
immediate,beyond_extreme,25,1.0,1.0,,763,53.9,-0.02,-15.4,0.95,21.2,27.3,0.78
reclaim,beyond_level,20,1.0,,,668,54.3,-0.02,-13.1,0.96,18.9,22.0,0.84
reclaim,beyond_extreme,25,1.0,1.0,,668,59.7,-0.02,-13.2,0.94,17.5,31.5,0.6
reclaim,beyond_extreme,20,0.5,,,668,72.3,-0.021,-14.1,0.92,18.7,26.5,0.36
reclaim,beyond_extreme,8,1.0,1.0,,668,40.3,-0.021,-13.9,0.96,29.0,14.5,1.41
reclaim,beyond_extreme,30,0.5,,,668,75.9,-0.022,-14.6,0.89,18.7,36.5,0.26
reclaim,beyond_level,15,0.75,,,668,55.4,-0.022,-14.6,0.95,21.4,17.0,0.82
reclaim,beyond_level,30,0.75,1.0,,668,66.2,-0.022,-14.6,0.93,19.0,32.0,0.43
reclaim,beyond_extreme,20,0.5,1.0,,668,72.2,-0.022,-14.4,0.92,18.7,26.5,0.36
immediate,beyond_extreme,15,1.0,1.0,,763,43.0,-0.022,-16.8,0.95,27.3,17.3,1.23
reclaim,beyond_extreme,30,0.5,1.0,,668,75.7,-0.023,-15.2,0.89,18.7,36.5,0.26
immediate,beyond_extreme,12,1.0,1.0,,763,37.9,-0.023,-17.2,0.95,28.4,14.3,1.5
reclaim,beyond_level,25,1.0,1.0,,668,57.0,-0.023,-15.5,0.94,22.1,27.0,0.69
reclaim,beyond_level,25,0.5,1.0,,668,72.6,-0.023,-15.3,0.91,17.8,27.0,0.34
reclaim,beyond_extreme,15,0.5,1.0,,668,68.0,-0.024,-15.9,0.92,19.4,21.5,0.45
immediate,beyond_extreme,25,0.5,1.0,,763,69.7,-0.025,-19.0,0.91,23.2,27.3,0.39
immediate,beyond_level,25,0.5,,,763,68.0,-0.025,-19.1,0.92,25.9,24.2,0.48
reclaim,beyond_level,8,1.0,,,668,35.9,-0.025,-16.6,0.96,29.9,10.0,1.87
reclaim,beyond_extreme,25,0.5,,,668,74.6,-0.026,-17.5,0.89,22.1,31.5,0.3
reclaim,beyond_level,30,1.0,,,668,59.7,-0.026,-17.3,0.92,20.3,32.0,0.58
reclaim,beyond_level,20,0.75,,,668,60.8,-0.026,-17.3,0.93,21.8,22.0,0.63
immediate,beyond_level,25,0.5,1.0,,763,67.5,-0.026,-19.5,0.92,26.6,24.2,0.48
reclaim,beyond_level,30,0.5,,,668,74.3,-0.027,-18.1,0.88,22.3,32.0,0.29
immediate,beyond_level,30,0.5,,,763,70.4,-0.027,-20.8,0.9,32.5,29.2,0.38
immediate,beyond_level,30,1.0,1.0,,763,54.4,-0.027,-20.9,0.93,27.2,29.2,0.77
reclaim,beyond_extreme,12,0.75,1.0,,668,54.8,-0.027,-18.2,0.93,22.5,18.5,0.8
reclaim,beyond_level,20,0.5,,,668,69.3,-0.027,-18.0,0.91,25.2,22.0,0.42
immediate,beyond_extreme,12,0.75,1.0,,763,45.9,-0.027,-20.3,0.94,33.2,14.3,1.12
reclaim,beyond_extreme,25,0.5,1.0,,668,74.3,-0.028,-18.5,0.88,22.1,31.5,0.3
reclaim,beyond_level,30,0.5,1.0,,668,74.0,-0.028,-18.9,0.88,22.3,32.0,0.29
reclaim,beyond_extreme,12,0.5,,,668,65.0,-0.028,-18.8,0.92,23.5,18.5,0.53
reclaim,beyond_extreme,12,1.0,1.0,,668,46.7,-0.029,-19.4,0.94,27.8,18.5,1.07
reclaim,beyond_extreme,8,0.75,1.0,,668,47.8,-0.029,-19.3,0.94,29.2,14.5,1.06
reclaim,beyond_level,12,1.0,1.0,,668,40.4,-0.03,-20.2,0.94,30.9,14.0,1.33
reclaim,beyond_level,20,1.0,1.0,,668,52.4,-0.03,-20.2,0.93,26.0,22.0,0.84
reclaim,beyond_level,30,1.0,1.0,,668,59.1,-0.031,-20.4,0.91,23.3,32.0,0.58
immediate,beyond_level,15,1.0,,,756,42.3,-0.031,-23.1,0.95,33.2,14.3,1.82
immediate,beyond_level,30,0.5,1.0,,763,69.7,-0.031,-23.7,0.89,32.5,29.2,0.38
immediate,beyond_extreme,8,1.0,1.0,,763,28.8,-0.031,-23.4,0.94,56.0,10.3,2.09
immediate,beyond_extreme,15,0.5,,,763,61.5,-0.032,-24.6,0.92,36.0,17.3,0.62
reclaim,beyond_level,20,0.5,1.0,,668,68.7,-0.033,-22.0,0.89,28.8,22.0,0.42
reclaim,beyond_level,20,0.75,1.0,,668,59.9,-0.034,-22.5,0.91,27.0,22.0,0.63
reclaim,beyond_level,15,1.0,1.0,,668,45.2,-0.037,-24.5,0.92,31.2,17.0,1.09
reclaim,beyond_extreme,12,0.5,1.0,,668,63.9,-0.037,-24.6,0.89,27.4,18.5,0.53
reclaim,beyond_level,15,0.75,1.0,,668,53.3,-0.037,-24.7,0.91,30.2,17.0,0.82
immediate,beyond_level,12,0.75,,,750,43.3,-0.039,-29.1,0.93,34.9,11.4,1.78
reclaim,beyond_extreme,8,0.5,,,668,58.4,-0.039,-26.1,0.91,31.8,14.5,0.71
immediate,beyond_extreme,8,0.75,1.0,,763,35.8,-0.039,-29.7,0.92,54.0,10.3,1.57
reclaim,beyond_level,15,0.5,,,668,63.3,-0.04,-27.0,0.89,30.8,17.0,0.55
reclaim,beyond_level,12,0.5,,,668,59.0,-0.04,-26.8,0.9,28.7,14.0,0.66
immediate,beyond_extreme,15,0.5,1.0,,763,60.6,-0.04,-30.7,0.89,41.2,17.3,0.62
immediate,beyond_level,20,0.75,1.0,,762,53.3,-0.042,-32.1,0.9,40.6,19.2,1.07
reclaim,beyond_level,12,0.75,1.0,,668,48.2,-0.042,-28.3,0.91,32.5,14.0,1.0
immediate,beyond_level,20,1.0,,,762,47.9,-0.044,-33.6,0.91,40.8,19.2,1.43
immediate,beyond_level,15,0.75,1.0,,756,45.8,-0.044,-33.3,0.91,47.4,14.3,1.36
immediate,beyond_extreme,8,0.5,,,763,48.9,-0.044,-33.6,0.91,48.0,10.3,1.05
immediate,beyond_level,20,0.75,,,762,54.5,-0.045,-34.4,0.9,43.8,19.2,1.07
immediate,beyond_level,15,0.75,,,756,48.0,-0.046,-34.7,0.91,53.8,14.3,1.36
immediate,beyond_extreme,12,0.5,,,763,56.5,-0.048,-36.5,0.89,44.6,14.3,0.75
reclaim,beyond_extreme,8,0.5,1.0,,668,56.9,-0.049,-32.4,0.88,37.9,14.5,0.71
immediate,beyond_level,12,0.5,,,750,51.5,-0.05,-37.8,0.9,41.9,11.4,1.18
immediate,beyond_level,20,0.5,,,762,62.9,-0.05,-38.4,0.86,48.0,19.2,0.71
immediate,beyond_level,8,1.0,,,731,28.3,-0.05,-36.7,0.93,46.4,7.6,3.92
immediate,beyond_level,20,0.5,1.0,,762,62.2,-0.05,-38.4,0.86,48.1,19.2,0.71
immediate,beyond_level,15,1.0,1.0,,756,37.7,-0.051,-38.7,0.9,47.7,14.3,1.82
immediate,beyond_extreme,12,0.5,1.0,,763,55.0,-0.053,-40.4,0.87,48.4,14.3,0.75
reclaim,beyond_extreme,5,0.75,,,668,42.4,-0.054,-35.9,0.91,41.1,11.5,1.41
immediate,beyond_extreme,8,0.5,1.0,,763,45.9,-0.055,-42.1,0.88,50.0,10.3,1.05
reclaim,beyond_level,15,0.5,1.0,,668,61.8,-0.055,-36.4,0.85,39.1,17.0,0.55
reclaim,beyond_level,12,0.5,1.0,,668,57.6,-0.056,-37.5,0.86,39.3,14.0,0.66
immediate,beyond_level,12,0.75,1.0,,750,39.1,-0.056,-41.9,0.89,46.9,11.4,1.78
immediate,beyond_level,20,1.0,1.0,,762,44.4,-0.057,-43.7,0.88,50.9,19.2,1.43
immediate,beyond_level,15,0.5,,,756,56.2,-0.06,-45.5,0.86,53.2,14.3,0.91
immediate,beyond_level,12,0.5,1.0,,750,48.8,-0.062,-46.5,0.86,50.0,11.4,1.18
immediate,beyond_level,15,0.5,1.0,,756,54.8,-0.064,-48.4,0.85,53.5,14.3,0.91
reclaim,beyond_level,8,0.75,,,668,40.7,-0.065,-43.1,0.89,44.3,10.0,1.4
immediate,beyond_level,12,1.0,1.0,,750,31.3,-0.066,-49.5,0.87,58.2,11.4,2.37
reclaim,beyond_extreme,5,1.0,1.0,,668,31.3,-0.069,-46.3,0.87,58.4,11.5,1.88
immediate,beyond_extreme,5,1.0,,,763,25.6,-0.073,-55.7,0.9,65.2,7.3,2.99
immediate,beyond_level,8,0.75,,,731,32.7,-0.08,-58.8,0.88,64.1,7.6,2.94
reclaim,beyond_extreme,5,0.75,1.0,,668,38.2,-0.081,-54.2,0.84,61.4,11.5,1.41
reclaim,beyond_extreme,3,1.0,,,668,31.3,-0.082,-54.8,0.88,64.2,9.5,2.44
reclaim,beyond_level,8,0.5,,,668,49.0,-0.084,-56.4,0.83,58.8,10.0,0.93
reclaim,beyond_extreme,5,0.5,,,668,50.1,-0.084,-56.1,0.83,61.5,11.5,0.94
reclaim,beyond_level,8,1.0,1.0,,668,30.1,-0.085,-56.5,0.85,63.4,10.0,1.87
reclaim,beyond_level,8,0.75,1.0,,668,36.8,-0.09,-59.9,0.83,63.1,10.0,1.4
reclaim,beyond_level,8,0.5,1.0,,668,47.0,-0.093,-62.4,0.81,64.8,10.0,0.93
reclaim,beyond_extreme,5,0.5,1.0,,668,47.6,-0.097,-64.9,0.79,70.3,11.5,0.94
immediate,beyond_extreme,5,1.0,1.0,,763,18.6,-0.107,-81.6,0.81,94.2,7.3,2.99
immediate,beyond_extreme,5,0.75,1.0,,763,23.9,-0.112,-85.2,0.8,92.9,7.3,2.24
immediate,beyond_extreme,5,0.75,,,763,29.6,-0.112,-85.3,0.84,90.1,7.3,2.24
reclaim,beyond_extreme,3,1.0,1.0,,668,25.6,-0.121,-81.1,0.79,91.5,9.5,2.44
immediate,beyond_level,8,0.5,,,731,39.7,-0.122,-89.4,0.8,91.5,7.6,1.96
reclaim,beyond_extreme,3,0.75,,,668,35.3,-0.124,-83.1,0.81,85.4,9.5,1.83
immediate,beyond_level,8,0.75,1.0,,731,27.4,-0.126,-92.2,0.78,97.2,7.6,2.94
reclaim,beyond_level,5,1.0,,,668,25.4,-0.129,-86.2,0.83,96.8,7.0,2.69
reclaim,beyond_extreme,3,0.75,1.0,,668,31.3,-0.132,-88.5,0.76,93.8,9.5,1.83
immediate,beyond_level,8,1.0,1.0,,731,22.0,-0.132,-96.4,0.77,105.6,7.6,3.92
immediate,beyond_extreme,5,0.5,1.0,,763,33.0,-0.135,-102.8,0.76,108.1,7.3,1.49
immediate,beyond_extreme,5,0.5,,,763,36.8,-0.143,-109.2,0.77,113.5,7.3,1.49
reclaim,beyond_level,5,1.0,1.0,,668,19.9,-0.148,-99.0,0.75,112.6,7.0,2.69
reclaim,beyond_extreme,3,0.5,1.0,,668,39.7,-0.151,-101.2,0.71,105.9,9.5,1.22
immediate,beyond_level,8,0.5,1.0,,731,35.7,-0.153,-112.1,0.72,115.1,7.6,1.96
reclaim,beyond_extreme,3,0.5,,,668,42.4,-0.154,-103.1,0.73,106.8,9.5,1.22
reclaim,beyond_level,5,0.75,1.0,,668,24.6,-0.167,-111.7,0.71,120.3,7.0,2.02
reclaim,beyond_level,5,0.5,1.0,,668,33.7,-0.17,-113.3,0.7,120.5,7.0,1.34
immediate,beyond_level,5,1.0,,,670,19.9,-0.176,-117.6,0.78,132.6,5.2,5.73
reclaim,beyond_level,5,0.5,,,668,37.0,-0.178,-119.0,0.72,125.2,7.0,1.34
reclaim,beyond_level,5,0.75,,,668,28.9,-0.182,-121.6,0.74,127.2,7.0,2.02
immediate,beyond_level,5,1.0,1.0,,670,14.6,-0.184,-123.4,0.7,141.4,5.2,5.73
immediate,beyond_level,3,1.0,,,618,14.1,-0.187,-115.8,0.78,139.9,3.5,9.89
immediate,beyond_extreme,3,1.0,,,763,17.7,-0.196,-149.5,0.76,159.3,5.3,4.2
reclaim,beyond_level,3,1.0,1.0,,668,13.9,-0.2,-133.3,0.67,146.6,5.0,3.82
immediate,beyond_level,5,0.75,1.0,,670,18.1,-0.205,-137.3,0.67,149.2,5.2,4.3
immediate,beyond_extreme,3,1.0,1.0,,763,12.3,-0.205,-156.1,0.67,170.9,5.3,4.2
immediate,beyond_extreme,3,0.75,1.0,,763,16.0,-0.206,-157.1,0.67,167.7,5.3,3.15
immediate,beyond_level,5,0.75,,,670,23.0,-0.206,-137.8,0.73,146.7,5.2,4.3
reclaim,beyond_level,3,1.0,,,668,18.6,-0.216,-144.2,0.73,157.2,5.0,3.82
reclaim,beyond_level,3,0.75,1.0,,668,17.4,-0.217,-145.1,0.64,152.8,5.0,2.86
reclaim,beyond_level,3,0.75,,,668,22.2,-0.22,-147.1,0.72,153.5,5.0,2.86
immediate,beyond_extreme,3,0.75,,,763,20.8,-0.23,-175.6,0.71,181.3,5.3,3.15
immediate,beyond_level,3,0.75,,,618,16.5,-0.231,-142.6,0.72,155.9,3.5,7.42
immediate,beyond_level,5,0.5,,,670,29.0,-0.236,-158.3,0.67,167.0,5.2,2.87
immediate,beyond_level,5,0.5,1.0,,670,24.5,-0.24,-160.6,0.6,170.3,5.2,2.87
reclaim,beyond_level,3,0.5,1.0,,668,23.1,-0.244,-163.2,0.6,171.8,5.0,1.91
immediate,beyond_extreme,3,0.5,1.0,,763,21.6,-0.247,-188.8,0.6,197.5,5.3,2.1
reclaim,beyond_level,3,0.5,,,668,27.8,-0.252,-168.4,0.65,176.0,5.0,1.91
immediate,beyond_extreme,3,0.5,,,763,26.6,-0.256,-195.0,0.65,200.7,5.3,2.1
immediate,beyond_level,3,0.75,1.0,,618,11.3,-0.282,-174.4,0.57,182.1,3.5,7.42
immediate,beyond_level,3,1.0,1.0,,618,8.7,-0.283,-175.0,0.57,186.9,3.5,9.89
immediate,beyond_level,3,0.5,,,618,20.6,-0.308,-190.6,0.61,203.3,3.5,4.95
immediate,beyond_level,3,0.5,1.0,,618,14.7,-0.339,-209.4,0.49,215.4,3.5,4.95
