date,filled,market_outcome,market_r,risk_pips
2021-01-06,True,LOSS,-1.0,7.9
2021-01-08,True,LOSS,-1.0,4.8
2021-02-09,True,LOSS,-1.0,9.2
2021-02-26,True,LOSS,-1.0,6.1
2021-03-02,True,LOSS,-1.0,15.5
2021-03-09,True,LOSS,-1.0,6.9
2021-03-18,False,WIN,4.382,6.8
2021-04-19,True,LOSS,-1.0,10.0
2021-04-20,True,LOSS,-1.0,5.2
2021-04-29,True,LOSS,-1.0,17.4
2021-06-21,True,LOSS,-1.0,4.5
2021-08-23,True,LOSS,-1.0,5.4
2021-09-23,True,LOSS,-1.0,5.5
2021-10-04,True,LOSS,-1.0,4.8
2021-10-13,True,LOSS,-1.0,5.1
2021-10-19,True,LOSS,-1.0,15.5
2022-01-03,True,LOSS,-1.0,4.5
2022-01-21,True,LOSS,-1.0,5.1
2022-02-04,True,LOSS,-1.0,7.3
2022-02-07,True,WIN,2.036,13.7
2022-02-08,False,BE,0.0,31.9
2022-02-11,True,WIN,5.069,5.8
2022-02-17,True,BE,0.0,6.1
2022-02-21,False,WIN,1.439,26.9
2022-02-22,True,LOSS,-1.0,6.0
2022-02-25,True,LOSS,-1.0,5.9
2022-02-28,True,LOSS,-1.0,5.3
2022-03-04,True,LOSS,-1.0,6.0
2022-03-07,True,LOSS,-1.0,6.8
2022-03-08,True,WIN,3.345,8.4
2022-03-11,True,LOSS,-1.0,8.7
2022-03-14,True,LOSS,-1.0,6.0
2022-03-15,False,BE,0.0,39.8
2022-03-18,True,LOSS,-1.0,6.7
2022-03-25,True,LOSS,-1.0,12.5
2022-03-28,True,LOSS,-1.0,6.5
2022-03-29,True,LOSS,-1.0,4.9
2022-03-30,True,LOSS,-1.0,4.6
2022-03-31,True,LOSS,-1.0,9.8
2022-04-13,True,LOSS,-1.0,10.1
2022-04-14,False,WIN,1.196,19.9
2022-04-15,False,BE,0.0,6.3
2022-04-19,True,LOSS,-1.0,4.9
2022-04-20,False,BE,0.0,48.5
2022-04-21,True,LOSS,-1.0,7.2
2022-04-25,True,LOSS,-1.0,7.6
2022-04-26,True,LOSS,-1.0,11.5
2022-04-28,True,WIN,6.667,6.6
2022-04-29,False,BE,0.0,68.8
2022-05-02,True,WIN,3.429,9.8
2022-05-05,True,LOSS,-1.0,5.3
2022-05-06,True,LOSS,-1.0,5.5
2022-05-09,True,WIN,2.6,12.0
2022-05-10,True,LOSS,-1.0,7.3
2022-05-16,True,LOSS,-1.0,13.0
2022-05-18,True,LOSS,-1.0,6.1
2022-05-19,True,WIN,4.494,8.1
2022-05-20,True,WIN,2.25,12.4
2022-05-23,True,LOSS,-1.0,20.3
2022-05-24,True,LOSS,-1.0,8.9
2022-05-25,True,LOSS,-1.0,4.4
2022-05-27,True,LOSS,-1.0,9.2
2022-05-30,True,LOSS,-1.0,7.6
2022-05-31,False,LOSS,-1.0,11.9
2022-06-01,False,WIN,3.529,7.0
2022-06-14,True,LOSS,-1.0,13.4
2022-06-15,True,LOSS,-1.0,48.3
2022-06-16,True,LOSS,-1.0,9.2
2022-06-17,True,LOSS,-1.0,8.0
2022-06-20,True,LOSS,-1.0,7.2
2022-06-21,True,WIN,5.767,4.3
2022-06-22,True,LOSS,-1.0,20.5
2022-06-24,True,LOSS,-1.0,12.9
2022-07-01,True,LOSS,-1.0,13.5
2022-07-07,True,WIN,2.373,13.4
2022-07-08,False,LOSS,-1.0,8.9
2022-07-11,True,LOSS,-1.0,4.3
2022-07-12,True,LOSS,-1.0,6.9
2022-07-14,True,LOSS,-1.0,9.2
2022-07-15,True,LOSS,-1.0,4.3
2022-07-18,False,WIN,2.646,9.9
2022-07-21,True,WIN,1.567,21.5
2022-07-22,True,LOSS,-1.0,7.7
2022-07-25,True,LOSS,-1.0,10.3
2022-07-26,True,LOSS,-1.0,11.2
2022-07-28,False,WIN,1.298,24.8
2022-07-29,True,LOSS,-1.0,5.7
2022-08-01,True,LOSS,-1.0,10.7
2022-08-02,True,LOSS,-1.0,9.2
2022-08-08,False,LOSS,-1.0,7.1
2022-08-15,True,LOSS,-1.0,18.5
2022-08-18,False,LOSS,-1.0,25.8
2022-08-24,True,LOSS,-1.0,12.0
2022-08-25,False,WIN,0.574,46.7
2022-08-29,True,LOSS,-1.0,7.5
2022-08-30,True,BE,0.0,48.0
2022-09-01,False,WIN,3.691,6.8
2022-09-05,False,WIN,0.909,28.7
2022-09-06,True,LOSS,-1.0,13.4
2022-09-07,True,LOSS,-1.0,5.5
2022-09-09,False,BE,0.0,34.3
2022-09-12,True,LOSS,-1.0,5.4
2022-09-16,False,LOSS,-1.0,13.9
2022-09-19,False,BE,0.0,33.5
2022-09-20,False,LOSS,-1.0,11.2
2022-09-22,True,LOSS,-1.0,5.3
2022-09-23,True,LOSS,-1.0,4.8
2022-09-26,True,BE,0.0,14.8
2022-09-27,True,WIN,0.837,30.1
2022-09-28,False,WIN,2.948,17.2
2022-09-29,True,LOSS,-1.0,23.4
2022-09-30,True,WIN,5.206,6.8
2022-10-05,True,WIN,4.47,6.6
2022-10-07,True,LOSS,-1.0,5.3
2022-10-10,True,LOSS,-1.0,12.2
2022-10-11,False,WIN,3.942,10.4
2022-10-12,True,WIN,0.54,34.6
2022-10-13,True,WIN,2.092,12.0
2022-10-14,True,LOSS,-1.0,13.4
2022-10-18,True,LOSS,-1.0,8.2
2022-10-24,True,LOSS,-1.0,9.9
2022-10-27,True,LOSS,-1.0,4.6
2022-10-28,False,BE,0.0,37.3
2022-11-04,True,LOSS,-1.0,5.9
2022-11-07,True,LOSS,-1.0,9.8
2022-11-09,True,LOSS,-1.0,8.8
2022-11-14,True,WIN,5.616,7.3
2022-11-16,True,LOSS,-1.0,13.8
2022-11-17,True,LOSS,-1.0,7.0
2022-11-18,True,LOSS,-1.0,4.8
2022-11-24,True,LOSS,-1.0,16.5
2022-11-25,False,LOSS,-1.0,25.9
2022-11-28,True,LOSS,-1.0,5.1
2022-12-01,True,LOSS,-1.0,15.7
2022-12-05,True,LOSS,-1.0,9.6
2022-12-06,True,WIN,1.855,15.9
2022-12-09,False,WIN,3.417,7.2
2022-12-15,False,WIN,0.469,52.7
2022-12-20,True,WIN,4.972,10.6
2022-12-22,True,LOSS,-1.0,6.5
2022-12-23,False,BE,0.0,22.4
2022-12-27,True,WIN,1.975,11.9
2023-01-03,True,LOSS,-1.0,4.7
2023-01-05,True,LOSS,-1.0,8.5
2023-01-16,True,LOSS,-1.0,6.2
2023-01-17,True,LOSS,-1.0,5.1
2023-01-18,True,LOSS,-1.0,4.8
2023-01-27,False,LOSS,-1.0,4.7
2023-02-15,True,LOSS,-1.0,18.7
2023-02-16,True,LOSS,-1.0,8.5
2023-02-17,True,LOSS,-1.0,8.4
2023-03-06,True,LOSS,-1.0,6.4
2023-03-13,False,WIN,9.625,7.2
2023-03-15,True,LOSS,-1.0,5.6
2023-03-17,False,WIN,1.348,25.0
2023-03-20,True,LOSS,-1.0,28.5
2023-03-23,False,WIN,0.996,25.5
2023-04-03,True,LOSS,-1.0,5.3
2023-04-14,False,WIN,3.167,7.2
2023-04-28,True,LOSS,-1.0,14.7
2023-05-02,True,LOSS,-1.0,4.5
2023-05-05,True,WIN,3.247,7.3
2023-05-31,True,LOSS,-1.0,10.4
2023-06-15,True,LOSS,-1.0,4.4
2023-06-27,True,LOSS,-1.0,9.1
2023-06-29,True,WIN,4.345,5.5
2023-07-14,True,WIN,1.993,13.5
2023-07-20,True,LOSS,-1.0,11.4
2023-07-27,True,LOSS,-1.0,4.6
2023-08-02,True,LOSS,-1.0,9.3
2023-08-08,False,WIN,2.73,10.0
2023-09-08,True,WIN,3.742,6.6
2023-09-12,True,LOSS,-1.0,6.4
2023-09-21,True,LOSS,-1.0,10.4
2023-10-05,False,WIN,3.984,6.1
2023-10-26,True,LOSS,-1.0,7.5
2023-11-16,True,LOSS,-1.0,5.9
2023-11-20,True,LOSS,-1.0,7.2
2023-12-14,True,LOSS,-1.0,4.4
2024-01-02,False,LOSS,-1.0,10.2
2024-01-31,True,LOSS,-1.0,6.0
2024-03-22,True,LOSS,-1.0,7.0
2024-04-19,True,LOSS,-1.0,12.8
2024-06-10,True,LOSS,-1.0,11.4
2024-07-01,False,WIN,1.33,19.1
2024-09-11,True,LOSS,-1.0,9.5
2024-09-19,False,BE,0.0,64.4
2024-11-07,True,LOSS,-1.0,8.8
2024-11-26,False,BE,0.0,60.7
2024-12-04,False,WIN,1.41,17.3
2024-12-09,True,LOSS,-1.0,10.2
2025-01-13,True,LOSS,-1.0,5.1
2025-01-20,True,LOSS,-1.0,9.0
2025-01-21,True,LOSS,-1.0,12.5
2025-01-24,True,LOSS,-1.0,8.4
2025-01-28,True,LOSS,-1.0,11.2
2025-02-03,True,LOSS,-1.0,6.7
2025-02-13,True,WIN,9.28,5.0
2025-02-26,True,LOSS,-1.0,7.3
2025-03-06,True,WIN,4.452,7.3
2025-03-10,True,LOSS,-1.0,4.7
2025-03-21,True,LOSS,-1.0,4.7
2025-03-27,True,WIN,6.039,5.1
2025-04-04,False,LOSS,-1.0,79.6
2025-04-07,False,WIN,0.889,70.4
2025-04-08,True,LOSS,-1.0,4.4
2025-04-09,False,LOSS,-1.0,58.4
2025-04-10,True,LOSS,-1.0,9.0
2025-04-11,True,LOSS,-1.0,6.3
2025-04-14,True,LOSS,-1.0,14.7
2025-04-15,True,LOSS,-1.0,7.7
2025-04-16,True,BE,0.0,56.7
2025-04-17,True,LOSS,-1.0,7.6
2025-04-21,True,LOSS,-1.0,6.4
2025-04-22,True,WIN,4.709,11.7
2025-04-24,True,LOSS,-1.0,7.3
2025-04-25,True,WIN,3.546,11.9
2025-04-29,True,LOSS,-1.0,6.3
2025-04-30,True,WIN,5.149,7.4
2025-05-01,True,LOSS,-1.0,6.1
2025-05-02,True,LOSS,-1.0,6.7
2025-05-05,True,WIN,7.302,4.3
2025-05-06,True,LOSS,-1.0,6.5
2025-05-07,True,BE,0.0,31.6
2025-05-08,True,LOSS,-1.0,6.6
2025-05-09,True,LOSS,-1.0,7.1
2025-05-15,False,WIN,0.621,34.0
2025-05-19,True,LOSS,-1.0,6.6
2025-05-20,True,BE,0.0,33.4
2025-05-21,False,LOSS,-1.0,17.4
2025-05-22,True,LOSS,-1.0,11.5
2025-05-23,True,LOSS,-1.0,12.8
2025-05-29,True,LOSS,-1.0,4.8
2025-05-30,True,LOSS,-1.0,15.0
2025-06-02,True,LOSS,-1.0,5.1
2025-06-03,True,LOSS,-1.0,6.2
2025-06-04,False,WIN,1.969,13.1
2025-06-05,True,WIN,2.94,8.3
2025-06-09,True,LOSS,-1.0,8.6
2025-06-10,False,WIN,2.644,18.0
2025-06-11,True,WIN,5.792,5.3
2025-06-12,False,LOSS,-1.0,8.9
2025-06-13,True,LOSS,-1.0,8.4
2025-06-19,True,LOSS,-1.0,6.9
2025-06-23,True,WIN,1.686,19.4
2025-06-26,False,BE,0.0,32.8
2025-07-01,True,LOSS,-1.0,5.3
2025-07-07,True,LOSS,-1.0,5.0
2025-07-14,False,BE,0.0,23.4
2025-07-31,True,LOSS,-1.0,8.7
2025-08-04,True,BE,0.0,4.8
2025-08-05,True,LOSS,-1.0,15.3
2025-08-19,True,LOSS,-1.0,5.1
2025-08-22,True,WIN,2.312,10.9
2025-08-26,True,WIN,4.241,11.2
2025-08-29,True,LOSS,-1.0,5.0
2025-09-01,True,LOSS,-1.0,5.5
2025-09-16,True,LOSS,-1.0,4.7
2025-10-08,True,LOSS,-1.0,6.3
2025-10-13,True,WIN,5.388,4.9
2025-10-14,False,WIN,1.953,12.7
2025-10-27,True,WIN,3.738,6.5
2025-10-30,True,LOSS,-1.0,5.0
2025-11-26,True,WIN,4.75,5.2
2025-12-01,True,LOSS,-1.0,4.8
