date,outcome,r_multiple,risk_pips,reward_pips
2022-07-01,LOSS,-1.0,10.0,27.1
2022-07-04,WIN,1.56,10.0,15.6
2022-07-05,WIN,1.29,10.0,12.9
2022-07-06,WIN,1.51,10.0,15.1
2022-07-07,WIN,3.18,10.0,31.8
2022-07-08,LOSS,-1.0,10.0,33.0
2022-07-11,LOSS,-1.0,10.0,31.6
2022-07-12,WIN,4.64,10.0,46.4
2022-07-13,WIN,2.07,10.0,20.7
2022-07-14,LOSS,-1.0,10.0,27.9
2022-07-15,WIN,2.89,10.0,28.9
2022-07-18,WIN,2.62,10.0,26.2
2022-07-20,WIN,1.53,10.0,15.3
2022-07-21,WIN,3.37,10.0,33.7
2022-07-22,LOSS,-1.0,10.0,34.3
2022-07-25,LOSS,-1.0,10.0,30.0
2022-07-26,LOSS,-1.0,10.0,26.9
2022-07-27,WIN,1.83,10.0,18.3
2022-07-28,WIN,3.22,10.0,32.2
2022-07-29,LOSS,-1.0,10.0,33.7
2022-08-01,LOSS,-1.0,10.0,31.2
2022-08-02,LOSS,-1.0,10.0,36.5
2022-08-04,LOSS,-1.0,10.0,19.9
2022-08-05,LOSS,-1.0,10.0,16.4
2022-08-08,LOSS,-1.0,10.0,25.2
2022-08-10,WIN,1.31,10.0,13.1
2022-08-11,WIN,2.1,10.0,21.0
2022-08-12,LOSS,-1.0,10.0,19.0
2022-08-15,LOSS,-1.0,10.0,22.8
2022-08-16,LOSS,-1.0,10.0,18.9
2022-08-18,LOSS,-1.0,10.0,24.3
2022-08-19,WIN,1.96,10.0,19.6
2022-08-22,LOSS,-1.0,10.0,19.8
2022-08-23,LOSS,-1.0,10.0,16.8
2022-08-24,LOSS,-1.0,10.0,28.1
2022-08-25,LOSS,-1.0,10.0,26.8
2022-08-29,LOSS,-1.0,10.0,24.8
2022-08-30,LOSS,-1.0,10.0,27.9
2022-08-31,WIN,1.62,10.0,16.2
2022-09-01,WIN,2.51,10.0,25.1
2022-09-05,LOSS,-1.0,10.0,26.1
2022-09-06,LOSS,-1.0,10.0,26.1
2022-09-07,LOSS,-1.0,10.0,25.2
2022-09-08,LOSS,-1.0,10.0,19.3
2022-09-09,LOSS,-1.0,10.0,73.5
2022-09-12,LOSS,-1.0,10.0,30.0
2022-09-13,LOSS,-1.0,10.0,20.6
2022-09-14,LOSS,-1.0,10.0,20.4
2022-09-16,LOSS,-1.0,10.0,24.8
2022-09-19,LOSS,-1.0,10.0,32.9
2022-09-20,LOSS,-1.0,10.0,29.4
2022-09-22,LOSS,-1.0,10.0,28.4
2022-09-23,LOSS,-1.0,10.0,29.5
2022-09-26,WIN,6.98,10.0,139.2
2022-09-27,LOSS,-1.0,10.0,25.2
2022-09-28,LOSS,-1.0,10.0,50.7
2022-09-29,LOSS,-1.0,10.0,37.7
2022-09-30,WIN,3.54,10.0,35.4
2022-10-05,WIN,2.95,10.0,29.5
2022-10-06,LOSS,-1.0,10.0,20.4
2022-10-07,LOSS,-1.0,10.0,23.7
2022-10-10,LOSS,-1.0,10.0,27.3
2022-10-11,WIN,4.1,10.0,41.0
2022-10-12,LOSS,-1.0,10.0,18.7
2022-10-13,LOSS,-1.0,10.0,25.1
2022-10-14,LOSS,-1.0,10.0,45.8
2022-10-17,WIN,1.39,10.0,13.9
2022-10-18,LOSS,-1.0,10.0,27.5
2022-10-21,WIN,1.59,10.0,15.9
2022-10-24,LOSS,-1.0,10.0,36.8
2022-10-25,LOSS,-1.0,10.0,19.6
2022-10-26,LOSS,-1.0,10.0,22.7
2022-10-27,LOSS,-1.0,10.0,30.3
2022-10-28,LOSS,-1.0,10.0,37.2
2022-10-31,LOSS,-1.0,10.0,20.7
2022-11-01,WIN,2.14,10.0,21.4
2022-11-02,WIN,1.86,10.0,18.6
2022-11-04,LOSS,-1.0,10.0,38.5
2022-11-07,LOSS,-1.0,10.0,22.9
2022-11-08,LOSS,-1.0,10.0,22.9
2022-11-09,LOSS,-1.0,10.0,23.7
2022-11-10,WIN,1.55,10.0,15.5
2022-11-14,WIN,4.1,10.0,41.0
2022-11-16,LOSS,-1.0,10.0,54.9
2022-11-17,LOSS,-1.0,10.0,28.4
2022-11-18,LOSS,-1.0,10.0,28.3
2022-11-22,WIN,1.44,10.0,14.4
2022-11-23,WIN,2.1,10.0,21.0
2022-11-24,LOSS,-1.0,10.0,35.0
2022-11-25,LOSS,-1.0,10.0,24.1
2022-11-28,LOSS,-1.0,10.0,37.6
2022-11-30,LOSS,-1.0,10.0,21.3
2022-12-01,LOSS,-1.0,10.0,27.6
2022-12-02,LOSS,-1.0,10.0,19.2
2022-12-05,LOSS,-1.0,10.0,40.4
2022-12-06,LOSS,-1.0,10.0,29.5
2022-12-07,LOSS,-1.0,10.0,20.1
2022-12-09,WIN,2.46,10.0,24.6
2022-12-13,LOSS,-1.0,10.0,19.3
2022-12-14,WIN,1.81,10.0,18.1
2022-12-15,LOSS,-1.0,10.0,24.7
2022-12-16,WIN,2.19,10.0,21.9
2022-12-19,WIN,1.55,10.0,15.5
2022-12-20,WIN,5.27,10.0,52.7
2022-12-21,LOSS,-1.0,10.0,16.2
2022-12-22,LOSS,-1.0,10.0,30.0
2022-12-23,LOSS,-1.0,10.0,24.4
2022-12-26,BE,0.02,10.0,19.0
2022-12-27,LOSS,-1.0,10.0,23.5
2022-12-28,LOSS,-1.0,10.0,16.7
2022-12-29,WIN,1.38,10.0,13.8
2022-12-30,WIN,1.61,10.0,16.1
2023-01-02,LOSS,-1.0,14.0,18.3
2023-01-03,LOSS,-1.0,14.0,28.4
2023-01-05,LOSS,-1.0,14.0,24.4
2023-01-09,LOSS,-1.0,14.0,20.6
2023-01-10,WIN,1.3,14.0,18.2
2023-01-11,WIN,1.3,14.0,18.2
2023-01-13,WIN,1.657,14.0,23.2
2023-01-16,LOSS,-1.0,14.0,31.8
2023-01-17,LOSS,-1.0,14.0,25.4
2023-01-18,LOSS,-1.0,14.0,31.7
2023-01-19,LOSS,-1.0,14.0,22.0
2023-01-20,WIN,0.964,14.0,13.5
2023-01-23,LOSS,-1.0,14.0,20.6
2023-01-25,WIN,1.271,14.0,17.8
2023-01-27,LOSS,-1.0,14.0,32.1
2023-01-30,WIN,1.157,14.0,16.2
2023-01-31,LOSS,-1.0,14.0,19.5
2023-02-01,LOSS,-1.0,14.0,15.1
2023-02-02,LOSS,-1.0,14.0,17.2
2023-02-06,LOSS,-1.0,14.0,15.2
2023-02-09,LOSS,-1.0,14.0,19.9
2023-02-10,LOSS,-1.0,14.0,18.2
2023-02-13,LOSS,-1.0,14.0,17.5
2023-02-15,LOSS,-1.0,14.0,28.9
2023-02-16,WIN,1.864,14.0,26.1
2023-02-17,LOSS,-1.0,14.0,30.8
2023-02-20,LOSS,-1.0,14.0,15.0
2023-02-21,WIN,0.971,14.0,13.6
2023-02-24,LOSS,-1.0,14.0,19.0
2023-02-27,WIN,1.307,14.0,18.3
2023-02-28,WIN,1.571,14.0,22.0
2023-03-06,WIN,1.7,14.0,23.8
2023-03-07,WIN,0.979,14.0,13.7
2023-03-09,LOSS,-1.0,14.0,11.5
2023-03-10,WIN,1.35,14.0,18.9
2023-03-13,WIN,4.95,14.0,69.3
2023-03-14,LOSS,-1.0,14.0,20.9
2023-03-15,LOSS,-1.0,14.0,27.0
2023-03-16,LOSS,-1.0,14.0,13.6
2023-03-17,WIN,2.407,14.0,33.7
2023-03-20,LOSS,-1.0,14.0,22.7
2023-03-23,WIN,1.814,14.0,25.4
2023-03-27,WIN,1.307,14.0,18.3
2023-03-28,LOSS,-1.0,14.0,14.0
2023-03-30,WIN,1.136,14.0,15.9
2023-03-31,LOSS,-1.0,14.0,22.9
2023-04-03,LOSS,-1.0,14.0,27.0
2023-04-04,WIN,1.414,14.0,19.8
2023-04-06,LOSS,-1.0,14.0,18.6
2023-04-10,WIN,1.121,14.0,15.7
2023-04-11,LOSS,-1.0,14.0,19.4
2023-04-13,WIN,1.314,14.0,18.4
2023-04-14,WIN,1.629,14.0,22.8
2023-04-18,LOSS,-1.0,14.0,13.7
2023-04-19,LOSS,-1.0,14.0,16.6
2023-04-24,LOSS,-1.0,14.0,11.4
2023-04-25,LOSS,-1.0,14.0,14.4
2023-04-27,WIN,1.0,14.0,14.0
2023-04-28,LOSS,-1.0,14.0,21.6
2023-05-02,WIN,1.757,14.0,24.6
2023-05-03,LOSS,-1.0,14.0,22.8
2023-05-04,WIN,1.079,14.0,15.1
2023-05-05,WIN,1.693,14.0,23.7
2023-05-08,LOSS,-1.0,14.0,22.0
2023-05-11,LOSS,-1.0,14.0,21.5
2023-05-15,LOSS,-1.0,14.0,15.1
2023-05-16,WIN,1.05,14.0,14.7
2023-05-19,LOSS,-1.0,14.0,18.5
2023-05-23,LOSS,-1.0,14.0,15.1
2023-05-25,LOSS,-1.0,14.0,18.5
2023-05-26,LOSS,-1.0,14.0,18.2
2023-05-29,WIN,1.157,14.0,16.2
2023-05-30,WIN,1.671,14.0,23.4
2023-05-31,LOSS,-1.0,14.0,39.6
2023-06-07,WIN,0.979,14.0,13.7
2023-06-12,LOSS,-1.0,14.0,16.0
2023-06-13,LOSS,-1.0,14.0,18.4
2023-06-15,WIN,2.507,14.0,35.1
2023-06-16,WIN,0.864,14.0,12.1
2023-06-20,LOSS,-1.0,14.0,12.6
2023-06-27,LOSS,-1.0,14.0,31.5
2023-06-28,WIN,1.271,14.0,17.8
2023-06-29,WIN,1.707,14.0,23.9
2023-06-30,LOSS,-1.0,14.0,12.9
2023-07-03,WIN,1.1,14.0,15.4
2023-07-05,WIN,1.014,14.0,14.2
2023-07-06,LOSS,-1.0,14.0,14.2
2023-07-10,WIN,1.114,14.0,15.6
2023-07-11,WIN,1.243,14.0,17.4
2023-07-12,LOSS,-1.0,14.0,20.3
2023-07-14,WIN,1.921,14.0,26.9
2023-07-18,LOSS,-1.0,14.0,20.3
2023-07-19,WIN,0.271,14.0,3.8
2023-07-20,LOSS,-1.0,14.0,22.7
2023-07-25,WIN,1.264,14.0,17.7
2023-07-27,LOSS,-1.0,14.0,38.9
2023-07-28,WIN,0.793,14.0,11.1
2023-07-31,WIN,1.25,14.0,17.5
2023-08-01,LOSS,-1.0,14.0,19.8
2023-08-02,LOSS,-1.0,14.0,25.8
2023-08-03,WIN,1.257,14.0,17.6
2023-08-04,WIN,1.0,14.0,14.0
2023-08-07,WIN,0.164,14.0,15.1
2023-08-08,WIN,1.95,14.0,27.3
2023-08-09,LOSS,-1.0,14.0,14.3
2023-08-11,WIN,1.193,14.0,16.7
2023-08-14,WIN,1.15,14.0,16.1
2023-08-15,LOSS,-1.0,14.0,15.1
2023-08-18,LOSS,-1.0,14.0,20.5
2023-08-22,LOSS,-1.0,14.0,21.5
2023-08-23,LOSS,-1.0,14.0,9.7
2023-08-24,LOSS,-1.0,14.0,14.6
2023-08-25,LOSS,-1.0,14.0,22.1
2023-08-29,LOSS,-1.0,14.0,15.5
2023-09-01,WIN,1.164,14.0,16.3
2023-09-05,LOSS,-1.0,14.0,15.3
2023-09-06,LOSS,-1.0,14.0,16.7
2023-09-08,WIN,1.764,14.0,24.7
2023-09-11,LOSS,-1.0,14.0,16.3
2023-09-12,LOSS,-1.0,14.0,30.0
2023-09-13,LOSS,-1.0,14.0,19.0
2023-09-14,WIN,0.957,14.0,13.4
2023-09-15,LOSS,-1.0,14.0,13.1
2023-09-19,WIN,1.021,14.0,14.3
2023-09-21,LOSS,-1.0,14.0,30.5
2023-09-27,WIN,1.029,14.0,14.4
2023-09-28,WIN,1.107,14.0,15.5
2023-09-29,LOSS,-1.0,14.0,23.1
2023-10-03,WIN,1.036,14.0,14.5
2023-10-04,WIN,1.214,14.0,17.0
2023-10-05,WIN,1.736,14.0,24.3
2023-10-09,LOSS,-1.0,14.0,20.8
2023-10-10,LOSS,-1.0,14.0,13.7
2023-10-18,WIN,1.157,14.0,16.2
2023-10-20,WIN,1.214,14.0,17.0
2023-10-23,WIN,1.114,14.0,15.6
2023-10-24,WIN,1.371,14.0,19.2
2023-10-25,LOSS,-1.0,14.0,12.1
2023-10-26,LOSS,-1.0,14.0,25.0
2023-10-31,LOSS,-1.0,14.0,20.1
2023-11-06,LOSS,-1.0,14.0,13.8
2023-11-15,LOSS,-1.0,14.0,14.9
2023-11-16,LOSS,-1.0,14.0,24.6
2023-11-20,LOSS,-1.0,14.0,30.3
2023-11-21,LOSS,-1.0,14.0,19.9
2023-11-23,LOSS,-1.0,14.0,12.0
2023-11-24,LOSS,-1.0,14.0,14.0
2023-11-27,WIN,1.557,14.0,21.8
2023-11-29,LOSS,-1.0,14.0,19.2
2023-12-04,LOSS,-1.0,14.0,16.2
2023-12-08,LOSS,-1.0,14.0,15.5
2023-12-14,WIN,2.05,14.0,28.7
2023-12-18,LOSS,-1.0,14.0,17.8
2023-12-29,LOSS,-1.0,14.0,19.4
2024-01-02,LOSS,-1.0,10.2,20.9
2024-01-31,LOSS,-1.0,6.0,25.7
2024-03-22,LOSS,-1.0,7.0,32.3
2024-04-19,LOSS,-1.0,12.8,32.6
2024-06-10,LOSS,-1.0,11.4,24.0
2024-07-01,WIN,1.814,14.0,25.4
2024-07-08,WIN,1.15,14.0,16.1
2024-07-22,LOSS,-0.486,14.0,13.2
2024-07-29,LOSS,-1.0,14.0,17.7
2024-07-31,WIN,0.936,14.0,13.1
2024-08-05,LOSS,-1.0,14.0,21.3
2024-08-06,LOSS,-1.0,14.0,17.7
2024-08-07,WIN,1.286,14.0,18.0
2024-08-19,LOSS,-1.0,14.0,14.0
2024-08-21,LOSS,-1.0,14.0,14.0
2024-08-22,WIN,1.043,14.0,14.6
2024-08-23,WIN,0.986,14.0,13.8
2024-08-26,LOSS,-1.0,14.0,18.8
2024-09-11,WIN,1.85,14.0,25.9
2024-09-16,LOSS,-1.0,14.0,16.5
2024-09-19,LOSS,-1.0,14.0,49.0
2024-09-26,WIN,0.65,14.0,9.1
2024-09-27,LOSS,-1.0,14.0,14.1
2024-09-30,WIN,1.179,14.0,16.5
2024-11-07,LOSS,-1.0,14.0,31.1
2024-11-11,LOSS,-1.0,14.0,18.3
2024-11-13,LOSS,-1.0,14.0,16.0
2024-11-14,LOSS,-1.0,14.0,18.6
2024-11-15,WIN,1.029,14.0,14.4
2024-11-18,LOSS,-1.0,14.0,17.3
2024-11-20,LOSS,-1.0,14.0,15.1
2024-11-25,LOSS,-1.0,14.0,14.4
2024-11-26,LOSS,-1.0,14.0,56.7
2024-11-27,LOSS,-1.0,14.0,13.3
2024-11-28,LOSS,-1.0,14.0,14.1
2024-11-29,WIN,1.336,14.0,18.7
2024-12-02,LOSS,-1.0,14.0,16.5
2024-12-04,WIN,1.743,14.0,24.4
2024-12-05,LOSS,-1.0,14.0,15.4
2024-12-09,LOSS,-1.0,14.0,27.2
2024-12-10,WIN,1.036,14.0,14.5
2024-12-11,LOSS,-1.0,14.0,14.2
2024-12-13,WIN,1.543,14.0,21.6
2024-12-17,LOSS,-1.0,14.0,20.6
2024-12-19,LOSS,-1.0,14.0,16.0
2025-01-13,LOSS,-1.0,14.0,40.4
2025-01-20,LOSS,-1.0,14.0,26.7
2025-01-21,LOSS,-1.0,14.0,41.2
2025-01-24,LOSS,-1.0,14.0,41.1
2025-01-28,LOSS,-0.114,14.0,28.8
2025-02-03,LOSS,-1.0,14.0,36.8
2025-02-13,WIN,3.314,14.0,46.4
2025-02-26,LOSS,-1.0,14.0,25.7
2025-03-06,WIN,2.321,14.0,32.5
2025-03-10,LOSS,-1.0,14.0,39.7
2025-03-21,WIN,1.914,14.0,26.8
2025-03-27,WIN,2.2,14.0,30.8
2025-04-04,LOSS,-1.0,14.0,57.6
2025-04-07,LOSS,-1.0,14.0,62.6
2025-04-08,WIN,4.6,14.0,64.4
2025-04-09,LOSS,-1.0,14.0,63.4
2025-04-10,LOSS,-1.0,14.0,33.3
2025-04-11,WIN,9.443,14.0,132.2
2025-04-14,LOSS,-1.0,14.0,66.2
2025-04-15,LOSS,-1.0,14.0,33.0
2025-04-16,LOSS,-1.0,14.0,45.8
2025-04-17,LOSS,-1.0,14.0,40.5
2025-04-21,LOSS,-1.0,14.0,82.0
2025-04-22,WIN,3.936,14.0,55.1
2025-04-24,LOSS,-1.0,14.0,33.8
2025-04-25,WIN,3.014,14.0,42.2
2025-04-29,LOSS,-1.0,14.0,31.9
2025-04-30,WIN,2.721,14.0,38.1
2025-05-01,WIN,2.007,14.0,28.1
2025-05-02,LOSS,-1.0,14.0,39.0
2025-05-05,WIN,2.243,14.0,31.4
2025-05-06,LOSS,-1.0,14.0,35.2
2025-05-07,LOSS,-1.0,14.0,24.6
2025-05-08,LOSS,-1.0,14.0,31.0
2025-05-09,LOSS,-1.0,14.0,35.4
2025-05-15,LOSS,-1.0,14.0,21.1
2025-05-19,LOSS,-1.0,14.0,23.7
2025-05-20,LOSS,-1.0,14.0,29.6
2025-05-21,LOSS,-1.0,14.0,52.0
2025-05-22,LOSS,-1.0,14.0,26.3
2025-05-23,LOSS,-1.0,14.0,38.1
2025-05-29,LOSS,-1.0,14.0,32.5
2025-05-30,LOSS,-1.0,14.0,41.7
2025-06-02,LOSS,-1.0,14.0,27.9
2025-06-03,LOSS,-1.0,14.0,36.0
2025-06-04,WIN,1.843,14.0,25.8
2025-06-05,WIN,1.743,14.0,24.4
2025-06-09,LOSS,-1.0,14.0,31.2
2025-06-10,WIN,3.4,14.0,47.6
2025-06-11,WIN,2.193,14.0,30.7
2025-06-12,LOSS,-1.0,14.0,23.7
2025-06-13,LOSS,-1.0,14.0,82.1
2025-06-19,WIN,2.129,14.0,29.8
2025-06-23,WIN,2.336,14.0,32.7
2025-06-26,LOSS,-1.0,14.0,47.8
2025-07-01,WIN,2.021,14.0,28.3
2025-07-07,LOSS,-1.0,14.0,24.3
2025-07-14,LOSS,-0.25,14.0,23.3
2025-07-31,LOSS,-1.0,14.0,29.3
2025-08-04,WIN,1.086,14.0,37.2
2025-08-05,LOSS,-1.0,14.0,32.5
2025-08-19,LOSS,-1.0,14.0,29.0
2025-08-22,WIN,1.8,14.0,25.2
2025-08-26,WIN,3.393,14.0,47.5
2025-08-29,WIN,1.743,14.0,24.4
2025-09-01,LOSS,-1.0,14.0,25.2
2025-09-16,LOSS,-1.0,14.0,27.9
2025-10-08,LOSS,-1.0,14.0,34.2
2025-10-13,WIN,1.886,14.0,26.4
2025-10-14,WIN,1.771,14.0,24.8
2025-10-27,WIN,1.736,14.0,24.3
2025-10-30,LOSS,-1.0,14.0,28.8
2025-11-26,WIN,1.764,14.0,24.7
2025-12-01,LOSS,-1.0,14.0,25.0
