date,side,got_second_confirmation,second_leg_measurable,outcome2,max_retrace_pct2
2021-01-22,low,True,True,WIN,20.1
2021-01-26,low,True,True,WIN,53.3
2021-02-22,low,True,True,WIN,19.9
2021-03-02,low,True,True,LOSS,101.8
2021-03-03,low,True,True,WIN,39.4
2021-03-10,low,True,True,WIN,15.1
2021-03-16,low,True,True,WIN,51.5
2021-03-22,low,True,True,WIN,7.6
2021-04-05,low,True,True,LOSS,100.9
2021-04-06,low,True,True,WIN,72.7
2021-04-13,low,True,True,LOSS,115.6
2021-04-27,low,True,True,WIN,81.3
2021-04-28,low,True,True,LOSS,125.0
2021-05-28,low,True,True,WIN,53.7
2021-06-04,low,True,True,LOSS,100.0
2021-06-07,low,True,True,WIN,63.2
2021-06-10,low,True,True,WIN,32.9
2021-07-02,low,True,True,LOSS,105.9
2021-07-09,low,True,True,WIN,90.3
2021-07-19,low,True,True,LOSS,109.2
2021-07-20,low,True,True,LOSS,103.8
2021-07-23,low,True,True,LOSS,114.7
2021-07-28,low,True,True,LOSS,100.7
2021-08-05,low,True,True,WIN,18.2
2021-08-11,low,True,True,WIN,95.4
2021-08-17,low,True,True,WIN,85.7
2021-08-20,low,True,True,LOSS,101.0
2021-08-24,low,True,True,WIN,97.4
2021-08-26,low,True,True,WIN,40.4
2021-09-03,low,True,True,LOSS,113.2
2021-09-09,low,True,True,WIN,80.9
2021-09-13,low,True,True,LOSS,173.7
2021-09-20,low,True,True,WIN,80.1
2021-09-30,low,True,True,WIN,62.8
2021-11-18,low,True,True,WIN,66.2
2021-11-22,low,True,True,WIN,85.1
2021-11-29,low,True,True,WIN,45.5
2021-12-06,low,True,True,WIN,72.5
2021-12-10,low,True,True,WIN,83.7
2021-12-22,low,True,True,WIN,68.5
2021-12-28,low,True,True,WIN,14.6
2021-12-29,low,True,True,WIN,54.5
2022-01-04,low,True,True,LOSS,100.0
2022-01-06,low,True,True,WIN,75.8
2022-01-12,low,True,True,WIN,77.7
2022-01-28,low,True,True,LOSS,103.1
2022-02-03,low,True,True,LOSS,100.0
2022-02-25,low,True,True,LOSS,127.0
2022-03-02,low,True,True,LOSS,101.1
2022-03-11,low,True,True,WIN,54.5
2022-03-24,low,True,True,LOSS,197.9
2022-03-28,low,True,True,LOSS,107.2
2022-04-01,low,True,True,LOSS,103.4
2022-04-12,low,True,True,WIN,31.7
2022-05-03,low,True,True,WIN,23.6
2022-05-04,low,True,True,LOSS,108.9
2022-05-06,low,True,True,WIN,34.5
2022-05-26,low,True,True,WIN,93.0
2022-06-09,low,True,True,WIN,28.1
2022-06-22,low,True,True,WIN,37.1
2022-07-04,low,True,True,WIN,58.5
2022-07-12,low,True,True,LOSS,101.4
2022-07-14,low,True,True,LOSS,103.7
2022-07-15,low,True,True,WIN,68.5
2022-07-22,low,True,True,WIN,52.2
2022-08-16,low,True,True,WIN,48.0
2022-08-24,low,True,True,LOSS,101.5
2022-08-26,low,True,True,WIN,31.0
2022-09-01,low,True,True,LOSS,108.8
2022-09-14,low,True,True,WIN,31.0
2022-09-15,low,True,True,WIN,92.0
2022-09-16,low,True,True,LOSS,100.7
2022-09-29,low,True,True,LOSS,168.9
2022-10-24,low,True,True,LOSS,108.3
2022-10-25,low,True,True,LOSS,123.1
2022-11-08,low,True,True,WIN,59.0
2022-12-05,low,True,True,WIN,19.9
2022-12-07,low,True,True,WIN,69.9
2022-12-15,low,True,True,WIN,94.6
2023-01-06,low,True,True,LOSS,102.5
2023-01-12,low,True,True,LOSS,120.5
2023-01-30,low,True,True,WIN,21.3
2023-01-31,low,True,True,WIN,34.7
2023-02-17,low,True,True,LOSS,110.5
2023-03-20,low,True,True,LOSS,147.0
2023-03-27,low,True,True,LOSS,122.0
2023-04-13,low,True,True,WIN,34.2
2023-04-28,low,True,True,LOSS,104.0
2023-05-01,low,True,True,LOSS,109.1
2023-05-30,low,True,True,WIN,34.9
2023-06-01,low,True,True,LOSS,104.7
2023-06-05,low,True,True,LOSS,127.8
2023-06-07,low,True,True,WIN,31.3
2023-06-21,low,True,True,WIN,36.3
2023-06-30,low,True,True,LOSS,116.7
2023-07-03,low,True,True,LOSS,108.3
2023-08-03,low,True,True,WIN,68.7
2023-08-04,low,True,True,LOSS,103.8
2023-08-25,low,True,True,WIN,13.9
2023-08-29,low,True,True,LOSS,129.4
2023-09-19,low,True,True,LOSS,103.1
2023-10-04,low,True,True,WIN,17.1
2023-10-05,low,True,True,LOSS,129.6
2023-10-10,low,True,True,WIN,35.5
2023-10-17,low,True,True,WIN,26.4
2023-11-08,low,True,True,LOSS,106.3
2023-11-09,low,True,True,LOSS,106.0
2023-11-15,low,True,True,WIN,41.0
2023-11-28,low,True,True,WIN,29.6
2023-12-06,low,True,False,,
2023-12-13,low,True,True,LOSS,100.9
2023-12-20,low,True,True,LOSS,107.2
2023-12-26,low,True,True,WIN,66.9
2024-01-05,low,True,True,LOSS,195.6
2024-01-12,low,True,True,LOSS,101.4
2024-01-19,low,True,True,WIN,70.5
2024-01-31,low,True,True,WIN,41.7
2024-02-01,low,True,True,LOSS,113.3
2024-03-05,low,True,True,LOSS,133.3
2024-03-07,low,True,True,WIN,37.0
2024-03-08,low,True,True,LOSS,176.5
2024-04-02,low,True,True,WIN,90.1
2024-04-08,low,True,True,WIN,14.0
2024-04-09,low,True,True,WIN,68.9
2024-04-11,low,True,True,LOSS,104.0
2024-05-01,low,True,True,WIN,44.3
2024-05-07,low,True,True,WIN,36.0
2024-05-09,low,True,True,LOSS,109.1
2024-05-23,low,True,True,WIN,92.4
2024-06-03,low,True,True,LOSS,106.7
2024-06-05,low,True,True,LOSS,130.3
2024-06-06,low,True,True,OPEN,75.3
2024-06-18,low,True,True,LOSS,141.7
2024-06-19,low,True,True,WIN,33.1
2024-07-02,low,True,True,WIN,87.4
2024-07-08,low,True,True,WIN,46.4
2024-07-26,low,True,True,LOSS,106.8
2024-07-31,low,True,True,WIN,20.4
2024-08-21,low,True,True,LOSS,103.1
2024-09-13,low,True,True,WIN,12.9
2024-09-30,low,True,True,WIN,22.6
2024-10-07,low,True,True,WIN,29.7
2024-10-10,low,True,True,LOSS,107.5
2024-10-15,low,True,True,WIN,-180.0
2024-10-17,low,True,True,WIN,88.5
2024-11-01,low,True,True,WIN,51.5
2024-11-08,low,True,True,LOSS,119.7
2024-11-13,low,True,True,WIN,27.1
2024-11-14,low,True,True,LOSS,160.3
2024-11-19,low,True,True,LOSS,126.5
2024-12-16,low,True,True,LOSS,110.6
2025-01-21,low,True,True,WIN,95.4
2025-01-27,low,True,True,WIN,39.7
2025-03-03,low,True,True,LOSS,216.4
2025-03-14,low,True,True,WIN,20.2
2025-03-21,low,True,True,WIN,94.8
2025-03-25,low,True,True,WIN,38.0
2025-03-28,low,True,True,LOSS,119.0
2025-04-01,low,True,True,LOSS,130.2
2025-04-18,low,True,True,LOSS,102.0
2025-05-01,low,True,True,WIN,-7.5
2025-05-14,low,True,True,LOSS,189.4
2025-06-05,low,True,True,WIN,85.0
2025-06-10,low,True,True,WIN,67.6
2025-07-01,low,True,True,LOSS,120.0
2025-07-24,low,True,True,LOSS,104.3
2025-08-12,low,True,True,LOSS,100.6
2025-08-26,low,True,True,WIN,49.1
2025-08-28,low,True,True,LOSS,100.0
2025-09-11,low,True,True,LOSS,100.0
2025-09-25,low,True,True,WIN,6.8
2025-10-23,low,True,True,LOSS,107.3
2025-10-24,low,True,True,WIN,36.1
2025-10-28,low,True,True,LOSS,110.2
2025-10-29,low,True,True,WIN,78.0
2025-11-07,low,True,True,LOSS,101.1
2025-12-17,low,True,True,LOSS,114.8
2025-12-19,low,True,True,WIN,48.4
2025-12-26,low,True,True,LOSS,103.3
2025-12-31,low,True,True,WIN,46.0
