date,entry_bar,outcome,r_multiple,risk_pips,retrace_pct
2021-01-22,20595,LOSS,-1.0,5.0,100.0
2021-01-22,20611,LOSS,-1.0,3.5,114.3
2021-01-22,20628,LOSS,-1.0,3.1,100.0
2021-01-22,20656,LOSS,-1.0,7.1,112.7
2021-01-22,20676,WIN,7.75,2.8,28.6
2021-01-26,23460,LOSS,-1.0,2.9,120.7
2021-01-26,23476,LOSS,-1.0,2.1,176.2
2021-01-26,23502,LOSS,-1.0,2.3,169.6
2021-01-26,23519,WIN,4.5,6.2,50.0
2021-02-22,50661,LOSS,-1.0,3.5,100.0
2021-02-22,50690,LOSS,-1.0,5.6,117.9
2021-02-22,50743,LOSS,-1.0,2.7,100.0
2021-02-22,50761,LOSS,-1.0,5.8,117.2
2021-02-22,50770,WIN,3.605,8.1,59.3
2021-03-02,59259,LOSS,-1.0,2.7,133.3
2021-03-02,59293,LOSS,-1.0,2.1,100.0
2021-03-02,59308,LOSS,-1.0,5.0,102.0
2021-03-02,59331,LOSS,-1.0,12.1,102.5
2021-03-02,59370,WIN,5.966,5.9,83.1
2021-03-03,60680,WIN,2.966,2.9,86.2
2021-03-10,67837,LOSS,-1.0,0.6,216.7
2021-03-10,67873,LOSS,-1.0,2.3,117.4
2021-03-10,67879,LOSS,-1.0,2.9,210.3
2021-03-10,67903,LOSS,-1.0,3.8,121.1
2021-03-10,67925,WIN,2.739,6.9,15.9
2021-03-16,73650,LOSS,-1.0,3.0,106.7
2021-03-16,73662,LOSS,-1.0,4.1,153.7
2021-03-16,73693,WIN,2.234,7.7,20.8
2021-03-22,79366,WIN,6.281,3.2,96.9
2021-03-29,86388,LOSS,-1.0,1.3,223.1
2021-03-29,86403,WIN,1.917,6.0,48.3
2021-04-01,90678,LOSS,-1.0,3.1,103.2
2021-04-01,90713,WIN,1.39,5.9,66.1
2021-04-05,93509,LOSS,-1.0,4.0,105.0
2021-04-05,93519,LOSS,-1.0,3.7,102.7
2021-04-05,93570,LOSS,-1.0,3.6,108.3
2021-04-05,93626,LOSS,-1.0,3.5,102.9
2021-04-05,93733,LOSS,-1.0,1.4,100.0
2021-04-05,93755,WIN,17.471,1.7,88.2
2021-04-06,94991,LOSS,-1.0,3.6,100.0
2021-04-06,95016,LOSS,-1.0,3.6,127.8
2021-04-06,95073,LOSS,-1.0,2.9,124.1
2021-04-06,95085,WIN,4.354,4.8,47.9
2021-04-07,96363,WIN,1.029,6.8,58.8
2021-04-13,102053,LOSS,-1.0,2.6,119.2
2021-04-13,102100,LOSS,-1.0,2.4,204.2
2021-04-13,102116,LOSS,-1.0,9.4,155.3
2021-04-13,102439,WIN,1.17,8.8,39.8
2021-04-27,116293,LOSS,-1.0,3.7,156.8
2021-04-27,116304,LOSS,-1.0,3.0,100.0
2021-04-27,116310,LOSS,-1.0,4.1,100.0
2021-04-27,116326,LOSS,-1.0,2.4,104.2
2021-04-27,116370,LOSS,-1.0,8.7,100.0
2021-04-27,116428,WIN,6.583,3.6,36.1
2021-04-28,117658,LOSS,-1.0,0.6,333.3
2021-04-28,117666,LOSS,-1.0,4.3,155.8
2021-04-28,117704,LOSS,-1.0,4.4,102.3
2021-04-28,117723,WIN,5.226,5.3,94.3
2021-05-17,136118,WIN,7.407,2.7,85.2
2021-05-28,148960,LOSS,-1.0,1.8,105.6
2021-05-28,148981,WIN,6.607,2.8,39.3
2021-06-04,154877,LOSS,-1.0,3.2,134.4
2021-06-04,154894,LOSS,-1.0,3.5,105.7
2021-06-04,154902,LOSS,-1.0,3.8,118.4
2021-06-04,154910,LOSS,-1.0,3.9,102.6
2021-06-04,155176,WIN,6.719,3.2,56.2
2021-06-07,156299,LOSS,-1.0,3.0,133.3
2021-06-07,156305,LOSS,-1.0,3.5,100.0
2021-06-07,156322,LOSS,-1.0,3.0,100.0
2021-06-07,156342,LOSS,-1.0,3.6,141.7
2021-06-07,156351,LOSS,-1.0,2.1,133.3
2021-06-07,156364,LOSS,-1.0,1.1,118.2
2021-06-07,156374,WIN,9.2,2.5,36.0
2021-06-10,160546,LOSS,-1.0,2.4,112.5
2021-06-10,160647,WIN,7.069,2.9,55.2
2021-07-01,181950,LOSS,-1.0,2.6,115.4
2021-07-01,181960,LOSS,-1.0,3.4,120.6
2021-07-01,181970,WIN,3.775,4.0,85.0
2021-07-02,183374,LOSS,-1.0,2.6,103.8
2021-07-02,183388,LOSS,-1.0,4.1,114.6
2021-07-02,183397,LOSS,-1.0,4.8,187.5
2021-07-02,183431,LOSS,-1.0,3.2,165.6
2021-07-02,183451,LOSS,-1.0,1.5,153.3
2021-07-02,183466,LOSS,-1.0,2.9,106.9
2021-07-02,183487,LOSS,-1.0,4.9,132.7
2021-07-02,183608,LOSS,-1.0,3.0,113.3
2021-07-02,183737,LOSS,-1.0,6.3,268.3
2021-07-02,183757,WIN,0.313,19.5,33.3
2021-07-09,190514,LOSS,-1.0,3.0,113.3
2021-07-09,190544,LOSS,-1.0,2.4,129.2
2021-07-09,190568,WIN,8.185,2.7,88.9
2021-07-16,197754,LOSS,-1.0,5.1,102.0
2021-07-16,197775,LOSS,-1.0,1.3,130.8
2021-07-16,197780,WIN,4.029,3.5,71.4
2021-07-19,199149,LOSS,-1.0,3.5,111.4
2021-07-19,199168,LOSS,-1.0,4.2,114.3
2021-07-19,199201,LOSS,-1.0,5.8,112.1
2021-07-19,199255,LOSS,-1.0,8.9,115.7
2021-07-19,199455,LOSS,-1.0,2.5,104.0
2021-07-19,199483,WIN,5.254,5.9,50.8
2021-07-20,200517,LOSS,-1.0,5.0,124.0
2021-07-20,200554,LOSS,-1.0,3.6,122.2
2021-07-20,200561,LOSS,-1.0,5.2,111.5
2021-07-20,200592,LOSS,-1.0,4.9,104.1
2021-07-20,200604,WIN,3.286,7.0,14.3
2021-07-21,201925,LOSS,-1.0,3.1,100.0
2021-07-21,201936,LOSS,-1.0,4.6,108.7
2021-07-21,201959,LOSS,-1.0,3.5,108.6
2021-07-21,201973,LOSS,-1.0,3.5,125.7
2021-07-21,202002,LOSS,-1.0,4.2,109.5
2021-07-21,202021,WIN,5.098,5.1,66.7
2021-07-23,204772,LOSS,-1.0,3.2,106.2
2021-07-23,204852,WIN,3.909,3.3,21.2
2021-07-27,207619,LOSS,-1.0,2.5,112.0
2021-07-27,207630,LOSS,-1.0,3.8,107.9
2021-07-27,207648,LOSS,-1.0,2.8,139.3
2021-07-27,207693,LOSS,-1.0,3.4,117.6
2021-07-27,207698,LOSS,-1.0,1.2,116.7
2021-07-27,207729,LOSS,-1.0,6.0,133.3
2021-07-27,207761,LOSS,-1.0,2.3,147.8
2021-07-27,207778,LOSS,-1.0,3.5,105.7
2021-07-27,207797,WIN,12.071,2.8,67.9
2021-07-28,209082,LOSS,-1.0,2.4,137.5
2021-07-28,209092,LOSS,-1.0,4.5,142.2
2021-07-28,209098,LOSS,-1.0,4.4,100.0
2021-07-28,209181,LOSS,-1.0,3.5,105.7
2021-07-28,209196,WIN,5.657,3.5,48.6
2021-08-05,217591,WIN,0.667,4.8,50.0
2021-08-11,223273,LOSS,-1.0,3.7,100.0
2021-08-11,223290,LOSS,-1.0,3.0,106.7
2021-08-11,223301,LOSS,-1.0,2.6,119.2
2021-08-11,223314,WIN,2.843,5.1,88.2
2021-08-13,226117,LOSS,-1.0,3.7,145.9
2021-08-13,226137,WIN,1.49,4.9,38.8
2021-08-17,228868,LOSS,-1.0,1.3,153.8
2021-08-17,228877,LOSS,-1.0,2.4,104.2
2021-08-17,228886,LOSS,-1.0,3.0,140.0
2021-08-17,228902,LOSS,-1.0,3.0,100.0
2021-08-17,228915,WIN,3.0,4.3,81.4
2021-08-20,233303,LOSS,-1.0,3.0,103.3
2021-08-20,233393,LOSS,-1.0,2.5,108.0
2021-08-20,233486,LOSS,-1.0,2.9,131.0
2021-08-20,233493,LOSS,-1.0,1.8,227.8
2021-08-20,233518,LOSS,-1.0,3.8,100.0
2021-08-20,233532,LOSS,-1.0,2.8,117.9
2021-08-20,233559,WIN,3.667,4.8,37.5
2021-08-24,236050,LOSS,-1.0,6.7,110.4
2021-08-24,236103,LOSS,-1.0,3.4,108.8
2021-08-24,236127,WIN,4.025,4.0,85.0
2021-08-26,238794,LOSS,-1.0,3.3,115.2
2021-08-26,238822,WIN,1.73,6.3,34.9
2021-09-01,244452,WIN,2.385,5.2,80.8
2021-09-03,247360,LOSS,-1.0,3.4,167.6
2021-09-03,247427,LOSS,-1.0,3.2,121.9
2021-09-03,247481,LOSS,-1.0,2.9,100.0
2021-09-03,247504,LOSS,-1.0,3.3,127.3
2021-09-03,247519,WIN,3.0,3.8,94.7
2021-09-09,252943,WIN,2.342,3.8,73.7
2021-09-13,255787,LOSS,-1.0,2.4,100.0
2021-09-13,255827,LOSS,-1.0,7.0,102.9
2021-09-13,255848,LOSS,-1.0,3.8,110.5
2021-09-13,255858,LOSS,-1.0,3.4,100.0
2021-09-13,256099,LOSS,-1.0,3.1,100.0
2021-09-13,256121,LOSS,-1.0,2.0,195.0
2021-09-13,256149,WIN,5.569,6.5,38.5
2021-09-15,258638,WIN,1.34,5.0,22.0
2021-09-20,262946,LOSS,-1.0,4.3,107.0
2021-09-20,262980,LOSS,-1.0,3.1,109.7
2021-09-20,263004,LOSS,-1.0,4.2,128.6
2021-09-20,263023,LOSS,-1.0,4.6,106.5
2021-09-20,263069,LOSS,-1.0,2.2,104.5
2021-09-20,263080,WIN,10.8,2.5,56.0
2021-09-21,264388,LOSS,-1.0,2.7,225.9
2021-09-21,264394,WIN,7.64,2.5,56.0
2021-09-30,274268,LOSS,-1.0,1.8,155.6
2021-09-30,274301,LOSS,-1.0,1.3,153.8
2021-09-30,274308,LOSS,-1.0,3.9,102.6
2021-09-30,274342,WIN,4.7,3.0,33.3
2021-10-08,282838,LOSS,-1.0,2.0,100.0
2021-10-08,282843,LOSS,-1.0,3.0,110.0
2021-10-08,282884,LOSS,-1.0,3.9,102.6
2021-10-08,282948,LOSS,-1.0,3.1,112.9
2021-10-08,282957,LOSS,-1.0,0.7,142.9
2021-10-08,282966,LOSS,-1.0,2.4,120.8
2021-10-08,282973,LOSS,-1.0,1.2,150.0
2021-10-08,282988,WIN,3.36,2.5,60.0
2021-10-20,294319,WIN,5.674,4.6,47.8
2021-10-26,299948,LOSS,-1.0,4.3,134.9
2021-10-26,299969,LOSS,-1.0,3.1,109.7
2021-10-26,299999,WIN,3.767,3.0,63.3
2021-10-27,301313,WIN,1.588,3.4,50.0
2021-11-18,324224,WIN,8.529,1.7,94.1
2021-11-22,327081,LOSS,-1.0,7.2,109.7
2021-11-22,327111,LOSS,-1.0,3.6,147.2
2021-11-22,327135,LOSS,-1.0,3.7,102.7
2021-11-22,327160,LOSS,-1.0,4.8,102.1
2021-11-22,327184,LOSS,-1.0,1.9,178.9
2021-11-22,327195,WIN,2.677,6.2,25.8
2021-11-29,334256,LOSS,-1.0,5.7,133.3
2021-11-29,334307,WIN,5.5,4.6,82.6
2021-12-02,338575,LOSS,-1.0,0.5,180.0
2021-12-02,338579,LOSS,-1.0,1.8,105.6
2021-12-02,338602,LOSS,-1.0,5.0,124.0
2021-12-02,338613,LOSS,-1.0,3.2,112.5
2021-12-02,338637,LOSS,-1.0,3.2,115.6
2021-12-02,338657,LOSS,-1.0,4.1,104.9
2021-12-02,338694,LOSS,-1.0,2.2,136.4
2021-12-02,338708,LOSS,-1.0,2.2,209.1
2021-12-02,338721,WIN,2.769,6.5,26.2
2021-12-03,339991,LOSS,-1.0,3.6,116.7
2021-12-03,340006,WIN,6.071,2.8,57.1
2021-12-06,341435,LOSS,-1.0,2.3,117.4
2021-12-06,341459,LOSS,-1.0,7.8,100.0
2021-12-06,341488,WIN,6.808,2.6,76.9
2021-12-10,347183,LOSS,-1.0,3.4,114.7
2021-12-10,347204,LOSS,-1.0,4.4,104.5
2021-12-10,347268,LOSS,-1.0,3.5,114.3
2021-12-10,347291,LOSS,-1.0,5.1,121.6
2021-12-10,347317,LOSS,-1.0,4.9,110.2
2021-12-10,347347,LOSS,-1.0,1.5,106.7
2021-12-10,347358,LOSS,-1.0,4.3,104.7
2021-12-10,347376,LOSS,-1.0,1.6,150.0
2021-12-10,347390,WIN,13.12,2.5,84.0
2021-12-22,358599,LOSS,-1.0,3.2,103.1
2021-12-22,358625,LOSS,-1.0,3.4,100.0
2021-12-22,358635,LOSS,-1.0,3.4,102.9
2021-12-22,358657,WIN,4.255,5.5,45.5
2021-12-28,364347,WIN,2.545,4.4,95.5
2021-12-29,365729,LOSS,-1.0,2.0,140.0
2021-12-29,365758,LOSS,-1.0,2.5,100.0
2021-12-29,365796,LOSS,-1.0,2.2,122.7
2021-12-29,365818,LOSS,-1.0,5.2,148.1
2021-12-29,365837,LOSS,-1.0,4.8,145.8
2021-12-29,365868,LOSS,-1.0,2.7,137.0
2021-12-29,365877,WIN,6.702,4.7,38.3
2021-12-31,368610,WIN,3.587,4.6,97.8
2022-01-03,370011,LOSS,-1.0,3.4,123.5
2022-01-03,370061,LOSS,-1.0,3.5,102.9
2022-01-03,370065,LOSS,-1.0,4.6,113.0
2022-01-03,370075,LOSS,-1.0,3.7,116.2
2022-01-03,370125,WIN,1.565,11.5,24.3
2022-01-04,371402,LOSS,-1.0,1.9,126.3
2022-01-04,371423,LOSS,-1.0,4.7,119.1
2022-01-04,371432,LOSS,-1.0,4.8,118.7
2022-01-04,371451,LOSS,-1.0,4.5,148.9
2022-01-04,371527,LOSS,-1.0,6.3,114.3
2022-01-04,371666,LOSS,-1.0,1.3,484.6
2022-01-04,371677,LOSS,-1.0,7.2,108.3
2022-01-04,371714,LOSS,-1.0,6.0,116.7
2022-01-04,371731,WIN,4.11,7.3,93.2
2022-01-06,374273,LOSS,-1.0,1.7,294.1
2022-01-06,374291,LOSS,-1.0,3.4,105.9
2022-01-06,374311,LOSS,-1.0,0.7,214.3
2022-01-06,374322,WIN,7.78,4.1,92.7
2022-01-12,379990,LOSS,-1.0,3.3,121.2
2022-01-12,380022,LOSS,-1.0,2.1,147.6
2022-01-12,380034,LOSS,-1.0,3.0,106.7
2022-01-12,380042,LOSS,-1.0,0.6,166.7
2022-01-12,380079,LOSS,-1.0,7.1,109.9
2022-01-12,380214,LOSS,-1.0,2.0,105.0
2022-01-12,380228,LOSS,-1.0,0.9,122.2
2022-01-12,380251,LOSS,-1.0,2.5,128.0
2022-01-12,380268,LOSS,-1.0,2.8,132.1
2022-01-12,380281,WIN,10.2,1.5,60.0
2022-01-28,397211,LOSS,-1.0,2.1,119.0
2022-01-28,397257,LOSS,-1.0,3.2,134.4
2022-01-28,397263,LOSS,-1.0,5.5,100.0
2022-01-28,397281,WIN,4.0,6.9,42.0
2022-02-03,402885,LOSS,-1.0,6.5,106.2
2022-02-03,402902,LOSS,-1.0,2.8,100.0
2022-02-03,402915,LOSS,-1.0,4.4,125.0
2022-02-03,403040,LOSS,-1.0,1.4,207.1
2022-02-03,403048,LOSS,-1.0,6.1,124.6
2022-02-03,403089,LOSS,-1.0,1.7,105.9
2022-02-03,403095,LOSS,-1.0,2.4,100.0
2022-02-03,403107,LOSS,-1.0,2.5,152.0
2022-02-03,403113,LOSS,-1.0,3.5,120.0
2022-02-03,403140,LOSS,-1.0,3.1,109.7
2022-02-03,403159,LOSS,-1.0,6.3,196.8
2022-02-03,403234,WIN,1.645,15.5,22.6
2022-02-04,404400,WIN,2.354,9.6,51.0
2022-02-07,405924,LOSS,-1.0,2.5,120.0
2022-02-07,405995,LOSS,-1.0,1.0,130.0
2022-02-07,406011,WIN,7.487,3.9,69.2
2022-02-11,411514,LOSS,-1.0,5.6,117.9
2022-02-11,411528,WIN,3.831,7.1,22.5
2022-02-25,425936,LOSS,-1.0,6.5,135.4
2022-02-25,425951,LOSS,-1.0,3.5,100.0
2022-02-25,425957,LOSS,-1.0,4.9,128.6
2022-02-25,425970,LOSS,-1.0,8.4,103.6
2022-02-25,426017,LOSS,-1.0,7.2,138.9
2022-02-25,426069,LOSS,-1.0,2.8,128.6
2022-02-25,426113,LOSS,-1.0,1.7,158.8
2022-02-25,426115,WIN,16.118,3.4,50.0
2022-03-02,430184,LOSS,-1.0,5.9,142.4
2022-03-02,430237,LOSS,-1.0,2.7,155.6
2022-03-02,430257,LOSS,-1.0,10.2,121.6
2022-03-02,430308,LOSS,-1.0,5.8,117.2
2022-03-02,430697,WIN,10.2,6.5,86.2
2022-03-08,435923,LOSS,-1.0,3.7,100.0
2022-03-08,435927,WIN,6.0,4.8,29.2
2022-03-11,440306,LOSS,-1.0,5.6,212.5
2022-03-11,440328,LOSS,-1.0,5.3,137.7
2022-03-11,440386,WIN,3.107,12.2,80.3
2022-03-21,448918,WIN,2.766,4.7,53.2
2022-03-24,453235,LOSS,-1.0,4.1,117.1
2022-03-24,453258,LOSS,-1.0,3.7,108.1
2022-03-24,453289,LOSS,-1.0,3.5,151.4
2022-03-24,453299,LOSS,-1.0,5.6,100.0
2022-03-24,453507,LOSS,-1.0,3.2,121.9
2022-03-24,453532,LOSS,-1.0,9.7,102.1
2022-03-24,453561,LOSS,-1.0,5.4,113.0
2022-03-24,453585,LOSS,-1.0,7.8,133.3
2022-03-24,453624,LOSS,-1.0,7.0,211.4
2022-03-24,453647,LOSS,-1.0,1.2,150.0
2022-03-24,453662,WIN,2.807,8.3,51.8
2022-03-28,455984,LOSS,-1.0,3.6,136.1
2022-03-28,456052,LOSS,-1.0,6.5,107.7
2022-03-28,456099,WIN,5.982,5.7,21.1
2022-04-01,461713,LOSS,-1.0,8.8,102.3
2022-04-01,461741,WIN,7.192,2.6,65.4
2022-04-06,466004,LOSS,-1.0,1.7,152.9
2022-04-06,466015,LOSS,-1.0,2.5,132.0
2022-04-06,466022,LOSS,-1.0,2.9,141.4
2022-04-06,466039,WIN,3.59,6.1,31.1
2022-04-12,471747,LOSS,-1.0,4.7,108.5
2022-04-12,471763,LOSS,-1.0,4.5,111.1
2022-04-12,471818,LOSS,-1.0,10.9,112.8
2022-04-12,472122,WIN,14.435,2.3,47.8
2022-04-28,488962,WIN,4.124,8.9,80.9
2022-05-03,493258,LOSS,-1.0,6.6,104.5
2022-05-03,493285,LOSS,-1.0,4.9,104.1
2022-05-03,493314,LOSS,-1.0,4.0,127.5
2022-05-03,493321,WIN,2.624,8.5,24.7
2022-05-04,494691,LOSS,-1.0,4.1,100.0
2022-05-04,494741,LOSS,-1.0,7.1,100.0
2022-05-04,494773,WIN,5.0,4.2,26.2
2022-05-06,497573,LOSS,-1.0,5.2,126.9
2022-05-06,497586,LOSS,-1.0,9.5,104.2
2022-05-06,497615,LOSS,-1.0,11.9,101.7
2022-05-06,497626,WIN,5.354,9.6,51.0
2022-05-09,499045,WIN,4.47,6.6,72.7
2022-05-19,510516,WIN,7.787,4.7,29.8
2022-05-26,517617,LOSS,-1.0,2.7,133.3
2022-05-26,517620,LOSS,-1.0,3.4,150.0
2022-05-26,517643,LOSS,-1.0,1.4,107.1
2022-05-26,517650,WIN,7.058,5.2,59.6
2022-06-09,531969,LOSS,-1.0,5.7,143.9
2022-06-09,532072,WIN,6.604,4.8,91.7
2022-06-16,539115,LOSS,-1.0,4.2,126.2
2022-06-16,539152,LOSS,-1.0,11.9,110.1
2022-06-16,539190,LOSS,-1.0,11.5,102.6
2022-06-16,539209,LOSS,-1.0,7.7,101.3
2022-06-16,539462,LOSS,-1.0,7.7,101.3
2022-06-16,539499,LOSS,-1.0,6.1,123.0
2022-06-16,539503,WIN,5.556,8.1,59.3
2022-06-21,543424,WIN,3.964,5.5,80.0
2022-06-22,544883,LOSS,-1.0,8.1,119.8
2022-06-22,544901,WIN,19.655,2.9,51.7
2022-07-04,556334,LOSS,-1.0,8.5,102.4
2022-07-04,556356,LOSS,-1.0,5.1,103.9
2022-07-04,556377,LOSS,-1.0,1.3,223.1
2022-07-04,556396,LOSS,-1.0,4.9,106.1
2022-07-04,556423,WIN,6.182,3.3,63.6
2022-07-06,559179,WIN,1.325,11.4,58.8
2022-07-12,564976,LOSS,-1.0,8.1,108.6
2022-07-12,565014,LOSS,-1.0,8.0,102.5
2022-07-12,565023,LOSS,-1.0,4.3,130.2
2022-07-12,565033,LOSS,-1.0,3.3,136.4
2022-07-12,565080,LOSS,-1.0,5.5,105.5
2022-07-12,565091,LOSS,-1.0,5.5,100.0
2022-07-12,565117,WIN,7.531,6.4,95.3
2022-07-14,567788,LOSS,-1.0,6.3,179.4
2022-07-14,567826,LOSS,-1.0,3.8,118.4
2022-07-14,567841,WIN,2.318,10.7,72.0
2022-07-15,569212,LOSS,-1.0,7.7,101.3
2022-07-15,569238,LOSS,-1.0,5.2,196.2
2022-07-15,569252,LOSS,-1.0,11.6,112.9
2022-07-15,569279,WIN,5.532,4.7,31.9
2022-07-22,576406,LOSS,-1.0,7.2,101.4
2022-07-22,576493,WIN,5.086,15.1,82.1
2022-08-11,596483,WIN,4.488,4.3,30.2
2022-08-16,600878,LOSS,-1.0,5.0,152.0
2022-08-16,600981,LOSS,-1.0,8.3,103.6
2022-08-16,601126,WIN,9.064,4.7,70.2
2022-08-23,607973,LOSS,-1.0,4.2,123.8
2022-08-23,608008,LOSS,-1.0,5.6,130.4
2022-08-23,608045,LOSS,-1.0,9.4,106.4
2022-08-23,608055,LOSS,-1.0,17.0,103.5
2022-08-23,608230,LOSS,-1.0,3.6,102.8
2022-08-23,608363,WIN,4.246,6.9,50.7
2022-08-24,609411,LOSS,-1.0,6.9,110.1
2022-08-24,609700,LOSS,-1.0,4.4,113.6
2022-08-24,609810,LOSS,-1.0,8.1,100.0
2022-08-24,609861,LOSS,-1.0,5.2,101.9
2022-08-24,609872,LOSS,-1.0,4.1,100.0
2022-08-24,609892,WIN,28.476,2.1,47.6
2022-08-26,612283,LOSS,-1.0,2.1,109.5
2022-08-26,612295,LOSS,-1.0,2.0,175.0
2022-08-26,612300,LOSS,-1.0,3.4,152.9
2022-08-26,612311,LOSS,-1.0,3.4,102.9
2022-08-26,612340,WIN,3.947,5.7,43.9
2022-09-01,618053,LOSS,-1.0,3.1,129.0
2022-09-01,618068,LOSS,-1.0,3.3,103.0
2022-09-01,618077,LOSS,-1.0,2.6,253.8
2022-09-01,618090,WIN,2.425,7.3,46.6
2022-09-05,620906,WIN,7.434,5.3,81.1
2022-09-14,631005,WIN,1.942,10.4,73.1
2022-09-15,632392,LOSS,-1.0,5.3,113.2
2022-09-15,632415,LOSS,-1.0,2.2,113.6
2022-09-15,632436,LOSS,-1.0,5.7,105.3
2022-09-15,632448,LOSS,-1.0,5.0,140.0
2022-09-15,632461,WIN,2.714,7.0,32.9
2022-09-16,633823,LOSS,-1.0,3.4,152.9
2022-09-16,633845,LOSS,-1.0,6.2,100.0
2022-09-16,633858,LOSS,-1.0,5.6,164.3
2022-09-16,633935,WIN,9.806,6.2,35.5
2022-09-28,645364,LOSS,-1.0,6.3,100.0
2022-09-28,645381,LOSS,-1.0,8.7,139.1
2022-09-28,645510,WIN,11.333,5.1,78.4
2022-09-29,646764,LOSS,-1.0,4.3,132.6
2022-09-29,646772,LOSS,-1.0,3.7,124.3
2022-09-29,646777,LOSS,-1.0,4.5,180.0
2022-09-29,646803,LOSS,-1.0,12.1,106.6
2022-09-29,646815,LOSS,-1.0,9.1,112.1
2022-09-29,646826,LOSS,-1.0,7.9,130.4
2022-09-29,646855,WIN,15.578,4.5,68.9
2022-10-11,658225,WIN,8.61,4.1,61.0
2022-10-24,671248,LOSS,-1.0,5.2,117.3
2022-10-24,671262,LOSS,-1.0,5.5,134.5
2022-10-24,671274,LOSS,-1.0,11.8,115.3
2022-10-24,671334,WIN,4.477,11.1,46.8
2022-10-25,672575,LOSS,-1.0,9.1,123.1
2022-10-25,672597,LOSS,-1.0,2.4,125.0
2022-10-25,672617,LOSS,-1.0,3.3,112.1
2022-10-25,672625,LOSS,-1.0,2.6,107.7
2022-10-25,672639,LOSS,-1.0,3.7,213.5
2022-10-25,672669,LOSS,-1.0,10.7,103.7
2022-10-25,672869,LOSS,-1.0,2.5,124.0
2022-10-25,672886,LOSS,-1.0,2.4,104.2
2022-10-25,672897,LOSS,-1.0,4.0,160.0
2022-10-25,672921,LOSS,-1.0,6.6,103.0
2022-10-25,672936,WIN,6.648,5.4,25.9
2022-11-08,686899,LOSS,-1.0,3.8,100.0
2022-11-08,686921,LOSS,-1.0,8.6,110.5
2022-11-08,686972,LOSS,-1.0,10.4,126.9
2022-11-08,687011,WIN,3.036,13.9,19.4
2022-11-18,698465,WIN,5.325,7.7,31.2
2022-12-05,714240,LOSS,-1.0,10.1,112.9
2022-12-05,714392,WIN,5.695,9.5,44.2
2022-12-06,715634,LOSS,-1.0,4.2,104.8
2022-12-06,715652,WIN,5.397,6.3,90.5
2022-12-07,717051,LOSS,-1.0,4.0,137.5
2022-12-07,717073,WIN,1.79,11.9,45.4
2022-12-15,725717,LOSS,-1.0,3.9,100.0
2022-12-15,725736,LOSS,-1.0,5.4,111.1
2022-12-15,725755,LOSS,-1.0,5.0,108.0
2022-12-15,725779,LOSS,-1.0,3.8,107.9
2022-12-15,725790,LOSS,-1.0,8.1,133.3
2022-12-15,725808,LOSS,-1.0,4.2,100.0
2022-12-15,725813,WIN,10.547,6.4,90.6
2022-12-20,730011,LOSS,-1.0,5.2,107.7
2022-12-20,730346,WIN,9.527,5.5,70.9
2022-12-29,739919,WIN,5.171,3.5,85.7
2023-01-06,748495,LOSS,-1.0,5.6,128.6
2023-01-06,748509,LOSS,-1.0,3.8,157.9
2023-01-06,748527,LOSS,-1.0,2.7,122.2
2023-01-06,748616,LOSS,-1.0,16.3,102.5
2023-01-06,748764,LOSS,-1.0,1.6,225.0
2023-01-06,748780,LOSS,-1.0,3.3,145.5
2023-01-06,748808,LOSS,-1.0,3.2,234.4
2023-01-06,748867,WIN,2.34,10.6,17.0
2023-01-12,754196,LOSS,-1.0,1.8,150.0
2023-01-12,754211,LOSS,-1.0,3.5,105.7
2023-01-12,754248,LOSS,-1.0,6.1,109.8
2023-01-12,754281,LOSS,-1.0,1.4,164.3
2023-01-12,754287,LOSS,-1.0,8.4,115.5
2023-01-12,754322,WIN,4.185,5.4,64.8
2023-01-20,762799,WIN,1.261,8.8,19.3
2023-01-26,768526,WIN,3.081,3.7,27.0
2023-01-30,771349,WIN,4.617,4.7,74.5
2023-01-31,772758,LOSS,-1.0,5.5,132.7
2023-01-31,772836,LOSS,-1.0,6.1,137.7
2023-01-31,772867,LOSS,-1.0,4.4,154.5
2023-01-31,772874,WIN,6.681,7.2,44.4
2023-02-17,791400,LOSS,-1.0,7.8,102.6
2023-02-17,791659,LOSS,-1.0,1.5,113.3
2023-02-17,791671,LOSS,-1.0,2.6,107.7
2023-02-17,791691,LOSS,-1.0,3.2,143.7
2023-02-17,791715,LOSS,-1.0,9.4,100.0
2023-02-17,791742,WIN,8.263,5.7,15.8
2023-02-27,797827,WIN,3.588,5.1,90.2
2023-03-14,808970,LOSS,-1.0,4.0,110.0
2023-03-14,808997,LOSS,-1.0,9.0,105.6
2023-03-14,809008,LOSS,-1.0,5.2,105.8
2023-03-14,809045,LOSS,-1.0,1.5,133.3
2023-03-14,809055,LOSS,-1.0,4.0,262.5
2023-03-14,809062,LOSS,-1.0,7.0,104.3
2023-03-14,809069,LOSS,-1.0,3.8,123.7
2023-03-14,809094,WIN,5.976,4.1,39.0
2023-03-20,813003,LOSS,-1.0,5.6,126.8
2023-03-20,813080,WIN,7.313,6.7,53.7
2023-03-27,818052,WIN,4.521,4.8,22.9
2023-03-29,820043,LOSS,-1.0,8.5,105.9
2023-03-29,820094,LOSS,-1.0,2.4,191.7
2023-03-29,820103,WIN,3.817,6.0,16.7
2023-04-13,830816,LOSS,-1.0,2.9,106.9
2023-04-13,830822,LOSS,-1.0,3.8,131.6
2023-04-13,830867,LOSS,-1.0,1.2,250.0
2023-04-13,830898,LOSS,-1.0,0.7,242.9
2023-04-13,830901,LOSS,-1.0,2.9,103.4
2023-04-13,830924,WIN,1.306,3.6,36.1
2023-04-21,836902,LOSS,-1.0,2.6,100.0
2023-04-21,836959,WIN,3.5,7.8,93.6
2023-04-28,841986,LOSS,-1.0,4.5,104.4
2023-04-28,842025,LOSS,-1.0,8.3,107.2
2023-04-28,842069,LOSS,-1.0,13.7,140.9
2023-04-28,842108,LOSS,-1.0,8.7,109.2
2023-04-28,842118,LOSS,-1.0,4.2,154.8
2023-04-28,842135,LOSS,-1.0,8.8,119.3
2023-04-28,842279,WIN,5.272,10.3,8.7
2023-05-01,842968,LOSS,-1.0,2.8,103.6
2023-05-01,842971,LOSS,-1.0,3.3,115.2
2023-05-01,842981,LOSS,-1.0,2.8,100.0
2023-05-01,843054,LOSS,-1.0,3.8,113.2
2023-05-01,843093,LOSS,-1.0,3.7,100.0
2023-05-01,843124,WIN,7.444,2.7,70.4
2023-05-10,850041,WIN,2.486,3.7,67.6
2023-05-30,864286,LOSS,-1.0,1.6,106.3
2023-05-30,864346,LOSS,-1.0,6.2,104.8
2023-05-30,864367,WIN,5.172,8.7,40.2
2023-06-01,866300,LOSS,-1.0,6.9,111.6
2023-06-01,866379,LOSS,-1.0,5.4,107.4
2023-06-01,866410,WIN,5.058,5.2,82.7
2023-06-05,868436,LOSS,-1.0,1.5,140.0
2023-06-05,868469,LOSS,-1.0,2.0,135.0
2023-06-05,868474,LOSS,-1.0,2.6,200.0
2023-06-05,868512,LOSS,-1.0,8.3,178.3
2023-06-05,868689,WIN,6.657,3.5,74.3
2023-06-07,870422,LOSS,-1.0,3.7,121.6
2023-06-07,870440,LOSS,-1.0,3.4,102.9
2023-06-07,870450,LOSS,-1.0,3.9,100.0
2023-06-07,870470,WIN,6.313,4.8,81.3
2023-06-21,880422,WIN,2.943,3.5,94.3
2023-06-22,881378,LOSS,-1.0,2.3,104.3
2023-06-22,881398,LOSS,-1.0,4.0,107.5
2023-06-22,881418,LOSS,-1.0,0.5,260.0
2023-06-22,881423,LOSS,-1.0,2.8,103.6
2023-06-22,881432,WIN,3.257,3.5,28.6
2023-06-28,885480,LOSS,-1.0,4.0,172.5
2023-06-28,885491,WIN,8.318,2.2,86.4
2023-06-30,887439,LOSS,-1.0,4.6,100.0
2023-06-30,887463,LOSS,-1.0,4.4,115.9
2023-06-30,887484,LOSS,-1.0,9.9,102.0
2023-06-30,887538,LOSS,-1.0,4.9,106.1
2023-06-30,887565,LOSS,-1.0,3.9,117.9
2023-06-30,887586,WIN,9.583,3.6,58.3
2023-07-03,888454,LOSS,-1.0,5.7,100.0
2023-07-03,888470,LOSS,-1.0,2.5,188.0
2023-07-03,888502,LOSS,-1.0,3.2,140.6
2023-07-03,888511,LOSS,-1.0,0.9,222.2
2023-07-03,888517,LOSS,-1.0,3.9,100.0
2023-07-03,888540,LOSS,-1.0,3.8,128.9
2023-07-03,888545,WIN,10.171,4.1,70.7
2023-07-05,890487,LOSS,-1.0,0.5,200.0
2023-07-05,890517,LOSS,-1.0,3.6,125.0
2023-07-05,890521,WIN,0.153,7.2,25.0
2023-07-10,893509,WIN,2.451,7.1,53.5
2023-07-13,896574,LOSS,-1.0,3.4,100.0
2023-07-13,896590,WIN,0.0,9.6,32.3
2023-07-31,908807,LOSS,-1.0,6.0,105.0
2023-07-31,908853,WIN,4.686,3.5,37.1
2023-08-03,913163,LOSS,-1.0,3.2,125.0
2023-08-03,913172,LOSS,-1.0,6.2,114.5
2023-08-03,913186,LOSS,-1.0,8.2,100.0
2023-08-03,913258,LOSS,-1.0,1.2,216.7
2023-08-03,913262,WIN,19.111,1.8,61.1
2023-08-04,914595,LOSS,-1.0,0.5,400.0
2023-08-04,914600,LOSS,-1.0,0.5,280.0
2023-08-04,914606,LOSS,-1.0,6.7,101.5
2023-08-04,914659,LOSS,-1.0,2.9,182.8
2023-08-04,914703,LOSS,-1.0,3.7,108.1
2023-08-04,914753,LOSS,-1.0,2.1,100.0
2023-08-04,914902,LOSS,-1.0,6.4,170.3
2023-08-04,914935,WIN,0.0,11.8,9.3
2023-08-25,936110,LOSS,-1.0,8.9,101.1
2023-08-25,936159,LOSS,-1.0,1.0,390.0
2023-08-25,936166,WIN,6.286,4.9,81.6
2023-08-29,938916,LOSS,-1.0,2.9,151.7
2023-08-29,938948,LOSS,-1.0,4.9,102.0
2023-08-29,938970,LOSS,-1.0,2.1,114.3
2023-08-29,938984,LOSS,-1.0,5.5,101.8
2023-08-29,939069,LOSS,-1.0,2.2,140.9
2023-08-29,939102,LOSS,-1.0,2.8,110.7
2023-08-29,939112,LOSS,-1.0,2.2,104.5
2023-08-29,939215,LOSS,-1.0,5.4,100.0
2023-08-29,939301,LOSS,-1.0,4.5,111.1
2023-08-29,939351,WIN,7.615,6.5,80.0
2023-09-01,943248,WIN,5.943,3.5,40.0
2023-09-19,960337,LOSS,-1.0,2.2,100.0
2023-09-19,960351,LOSS,-1.0,2.7,111.1
2023-09-19,960380,LOSS,-1.0,3.3,106.1
2023-09-19,960404,WIN,2.028,7.1,25.4
2023-09-28,970351,WIN,4.208,4.8,66.7
2023-10-03,974628,LOSS,-1.0,3.2,143.8
2023-10-03,974646,WIN,1.302,6.3,61.9
2023-10-04,976067,LOSS,-1.0,2.3,126.1
2023-10-04,976079,LOSS,-1.0,5.3,118.9
2023-10-04,976091,LOSS,-1.0,5.0,102.0
2023-10-04,976099,WIN,3.304,5.6,82.1
2023-10-05,977560,WIN,5.262,4.2,95.2
2023-10-10,981805,LOSS,-1.0,4.5,124.4
2023-10-10,981827,LOSS,-1.0,4.6,110.9
2023-10-10,981864,WIN,4.88,5.0,56.0
2023-10-11,983217,LOSS,-1.0,2.7,103.7
2023-10-11,983227,WIN,2.538,3.9,84.6
2023-10-17,988963,LOSS,-1.0,3.2,115.6
2023-10-17,988973,LOSS,-1.0,1.1,209.1
2023-10-17,988983,LOSS,-1.0,3.9,120.5
2023-10-17,989002,LOSS,-1.0,4.3,104.7
2023-10-17,989014,LOSS,-1.0,3.6,100.0
2023-10-17,989037,LOSS,-1.0,4.3,118.6
2023-10-17,989088,LOSS,-1.0,4.0,100.0
2023-10-17,989098,LOSS,-1.0,2.3,126.1
2023-10-17,989128,WIN,8.586,2.9,72.4
2023-10-19,991841,WIN,3.69,2.9,41.4
2023-10-20,993302,WIN,8.773,2.2,86.4
2023-10-23,994728,WIN,2.686,5.1,27.5
2023-11-08,1011935,LOSS,-1.0,3.6,119.4
2023-11-08,1011962,LOSS,-1.0,1.4,114.3
2023-11-08,1011978,LOSS,-1.0,2.4,104.2
2023-11-08,1012003,LOSS,-1.0,4.2,109.5
2023-11-08,1012016,LOSS,-1.0,3.8,113.2
2023-11-08,1012070,LOSS,-1.0,4.6,119.6
2023-11-08,1012077,LOSS,-1.0,5.0,106.0
2023-11-08,1012118,LOSS,-1.0,9.6,102.1
2023-11-08,1012153,LOSS,-1.0,4.4,109.1
2023-11-08,1012344,WIN,9.289,3.8,50.0
2023-11-09,1013389,LOSS,-1.0,3.5,105.7
2023-11-09,1013460,LOSS,-1.0,3.4,100.0
2023-11-09,1013490,LOSS,-1.0,5.4,113.0
2023-11-09,1013500,LOSS,-1.0,1.1,209.1
2023-11-09,1013502,LOSS,-1.0,3.4,100.0
2023-11-09,1013542,LOSS,-1.0,3.4,135.3
2023-11-09,1013570,LOSS,-1.0,2.5,108.0
2023-11-09,1013590,LOSS,-1.0,3.0,113.3
2023-11-09,1013609,LOSS,-1.0,3.3,103.0
2023-11-09,1013639,WIN,11.138,2.9,51.7
2023-11-10,1014813,LOSS,-1.0,1.2,208.3
2023-11-10,1014819,LOSS,-1.0,4.1,114.6
2023-11-10,1014845,WIN,2.317,4.1,95.1
2023-11-15,1019120,LOSS,-1.0,2.6,100.0
2023-11-15,1019136,LOSS,-1.0,3.8,134.2
2023-11-15,1019242,LOSS,-1.0,2.5,136.0
2023-11-15,1019259,LOSS,-1.0,4.5,160.0
2023-11-15,1019277,LOSS,-1.0,3.7,102.7
2023-11-15,1019302,WIN,9.967,3.0,53.3
2023-11-28,1032008,LOSS,-1.0,1.2,150.0
2023-11-28,1032019,LOSS,-1.0,2.8,125.0
2023-11-28,1032030,LOSS,-1.0,4.2,107.1
2023-11-28,1032054,LOSS,-1.0,2.5,120.0
2023-11-28,1032063,WIN,3.377,6.1,70.5
2023-12-06,1040630,LOSS,-1.0,3.7,118.9
2023-12-06,1040720,LOSS,-1.0,2.7,133.3
2023-12-06,1040944,LOSS,-1.0,3.7,110.8
2023-12-06,1040955,LOSS,-1.0,3.7,105.4
2023-12-06,1040973,WIN,4.902,4.1,80.5
2023-12-11,1044975,LOSS,-1.0,1.8,166.7
2023-12-11,1044995,LOSS,-1.0,4.3,107.0
2023-12-11,1045001,WIN,2.705,6.1,67.2
2023-12-13,1047808,LOSS,-1.0,3.7,100.0
2023-12-13,1048008,LOSS,-1.0,2.8,103.6
2023-12-13,1048012,LOSS,-1.0,1.9,115.8
2023-12-13,1048057,WIN,12.059,1.7,82.4
2023-12-20,1054997,LOSS,-1.0,6.3,115.9
2023-12-20,1055209,LOSS,-1.0,4.9,102.0
2023-12-20,1055261,LOSS,-1.0,3.0,110.0
2023-12-20,1055268,LOSS,-1.0,3.5,134.3
2023-12-20,1055285,LOSS,-1.0,0.7,400.0
2023-12-20,1055293,LOSS,-1.0,4.1,107.3
2023-12-20,1055326,LOSS,-1.0,4.3,114.0
2023-12-20,1055353,LOSS,-1.0,2.6,100.0
2023-12-20,1055391,WIN,9.174,2.3,91.3
2023-12-21,1056435,LOSS,-1.0,4.4,104.5
2023-12-21,1056458,WIN,0.717,6.0,80.0
2023-12-22,1057880,WIN,3.75,2.0,95.0
2023-12-26,1059745,LOSS,-1.0,2.6,100.0
2023-12-26,1059761,LOSS,-1.0,2.4,145.8
2023-12-26,1059966,WIN,4.912,3.4,50.0
2024-01-05,1069673,LOSS,-1.0,4.3,102.3
2024-01-05,1069716,LOSS,-1.0,5.0,110.0
2024-01-05,1069738,LOSS,-1.0,5.7,107.0
2024-01-05,1069772,LOSS,-1.0,3.1,180.6
2024-01-05,1069784,LOSS,-1.0,2.5,104.0
2024-01-05,1069795,LOSS,-1.0,4.9,120.4
2024-01-05,1069879,LOSS,-1.0,3.9,779.5
2024-01-05,1070067,WIN,1.503,31.6,10.1
2024-01-08,1071189,LOSS,-1.0,9.1,116.5
2024-01-08,1071254,WIN,4.302,5.3,24.5
2024-01-12,1076859,LOSS,-1.0,3.3,112.1
2024-01-12,1076882,LOSS,-1.0,3.2,146.9
2024-01-12,1077030,LOSS,-1.0,3.7,108.1
2024-01-12,1077047,LOSS,-1.0,3.9,102.6
2024-01-12,1077095,LOSS,-1.0,3.4,135.3
2024-01-12,1077111,LOSS,-1.0,3.4,144.1
2024-01-12,1077134,LOSS,-1.0,4.0,105.0
2024-01-12,1077145,LOSS,-1.0,2.9,106.9
2024-01-12,1077167,LOSS,-1.0,3.5,102.9
2024-01-12,1077176,LOSS,-1.0,2.9,137.9
2024-01-12,1077205,WIN,8.86,5.0,30.0
2024-01-19,1083734,LOSS,-1.0,2.1,114.3
2024-01-19,1083770,LOSS,-1.0,2.7,114.8
2024-01-19,1083828,LOSS,-1.0,1.5,100.0
2024-01-19,1083846,WIN,5.25,2.8,92.9
2024-01-30,1093782,WIN,11.522,2.3,91.3
2024-01-31,1095215,LOSS,-1.0,1.1,800.0
2024-01-31,1095275,WIN,1.745,13.7,76.6
2024-02-01,1096651,LOSS,-1.0,3.3,124.2
2024-02-01,1096676,LOSS,-1.0,1.2,175.0
2024-02-01,1096680,LOSS,-1.0,3.7,100.0
2024-02-01,1096697,LOSS,-1.0,4.7,114.9
2024-02-01,1096721,LOSS,-1.0,5.1,117.6
2024-02-01,1096746,WIN,8.929,4.2,23.8
2024-02-21,1116851,LOSS,-1.0,2.3,100.0
2024-02-21,1116879,WIN,4.84,5.0,30.0
2024-03-01,1126821,LOSS,-1.0,2.6,100.0
2024-03-01,1126840,LOSS,-1.0,4.5,100.0
2024-03-01,1126912,LOSS,-1.0,4.2,109.5
2024-03-01,1126924,LOSS,-1.0,3.7,105.4
2024-03-01,1126945,WIN,3.1,3.0,56.7
2024-03-05,1129652,LOSS,-1.0,4.4,111.4
2024-03-05,1129672,LOSS,-1.0,1.9,105.3
2024-03-05,1129710,LOSS,-1.0,3.5,122.9
2024-03-05,1129766,WIN,2.654,2.6,38.5
2024-03-07,1132573,LOSS,-1.0,2.1,142.9
2024-03-07,1132605,LOSS,-1.0,5.2,371.2
2024-03-07,1132916,LOSS,-1.0,4.7,129.8
2024-03-07,1132947,WIN,10.367,3.0,26.7
2024-03-08,1134002,LOSS,-1.0,1.8,177.8
2024-03-08,1134037,LOSS,-1.0,3.8,136.8
2024-03-08,1134047,LOSS,-1.0,2.2,109.1
2024-03-08,1134085,LOSS,-1.0,3.8,144.7
2024-03-08,1134107,LOSS,-1.0,5.3,100.0
2024-03-08,1134128,LOSS,-1.0,4.6,106.5
2024-03-08,1134181,LOSS,-1.0,4.4,281.8
2024-03-08,1134382,WIN,0.0,10.3,20.4
2024-04-02,1158240,LOSS,-1.0,3.2,140.6
2024-04-02,1158283,WIN,3.733,3.0,70.0
2024-04-03,1159742,LOSS,-1.0,4.9,100.0
2024-04-03,1159757,WIN,5.818,2.2,90.9
2024-04-08,1164154,LOSS,-1.0,3.0,143.3
2024-04-08,1164168,LOSS,-1.0,1.8,100.0
2024-04-08,1164192,LOSS,-1.0,1.8,111.1
2024-04-08,1164312,LOSS,-1.0,4.4,102.3
2024-04-08,1164337,LOSS,-1.0,1.9,131.6
2024-04-08,1164344,WIN,5.212,3.3,51.5
2024-04-09,1165461,LOSS,-1.0,3.1,112.9
2024-04-09,1165533,WIN,2.361,3.6,61.1
2024-04-10,1166848,LOSS,-1.0,4.3,104.7
2024-04-10,1166872,WIN,1.775,4.0,32.5
2024-04-11,1168285,LOSS,-1.0,2.9,106.9
2024-04-11,1168305,LOSS,-1.0,2.1,114.3
2024-04-11,1168332,WIN,1.667,8.4,16.7
2024-04-23,1179748,LOSS,-1.0,2.9,110.3
2024-04-23,1179758,LOSS,-1.0,2.4,137.5
2024-04-23,1179764,WIN,11.118,1.7,88.2
2024-04-30,1186916,WIN,4.365,5.2,92.3
2024-05-01,1188333,LOSS,-1.0,2.3,113.0
2024-05-01,1188381,LOSS,-1.0,2.1,123.8
2024-05-01,1188417,WIN,1.871,3.1,77.4
2024-05-07,1194058,LOSS,-1.0,1.6,106.3
2024-05-07,1194070,LOSS,-1.0,1.9,121.1
2024-05-07,1194086,WIN,3.52,5.0,80.0
2024-05-08,1195605,WIN,6.958,2.4,66.7
2024-05-09,1196914,LOSS,-1.0,2.3,126.1
2024-05-09,1196923,LOSS,-1.0,1.7,100.0
2024-05-09,1196935,LOSS,-1.0,1.9,131.6
2024-05-09,1196958,LOSS,-1.0,1.4,107.1
2024-05-09,1196965,LOSS,-1.0,1.4,178.6
2024-05-09,1196983,LOSS,-1.0,2.1,119.0
2024-05-09,1196987,LOSS,-1.0,1.8,100.0
2024-05-09,1197014,LOSS,-1.0,2.9,100.0
2024-05-09,1197061,LOSS,-1.0,2.0,130.0
2024-05-09,1197096,LOSS,-1.0,2.7,122.2
2024-05-09,1197251,WIN,6.794,3.4,50.0
2024-05-14,1201225,LOSS,-1.0,3.4,105.9
2024-05-14,1201317,LOSS,-1.0,0.7,285.7
2024-05-14,1201335,WIN,4.724,2.9,65.5
2024-05-17,1205613,LOSS,-1.0,1.9,115.8
2024-05-17,1205630,LOSS,-1.0,3.4,114.7
2024-05-17,1205677,LOSS,-1.0,2.3,100.0
2024-05-17,1205785,WIN,5.264,5.3,47.2
2024-05-23,1211191,LOSS,-1.0,2.5,128.0
2024-05-23,1211216,LOSS,-1.0,2.5,120.0
2024-05-23,1211231,LOSS,-1.0,2.6,465.4
2024-05-23,1211276,WIN,0.696,10.2,15.7
2024-05-27,1214056,WIN,2.08,2.5,52.0
2024-05-29,1216870,WIN,1.477,4.4,97.7
2024-05-30,1218298,WIN,4.103,2.9,72.4
2024-06-03,1221188,LOSS,-1.0,3.1,100.0
2024-06-03,1221199,WIN,2.69,2.9,62.1
2024-06-05,1224051,LOSS,-1.0,3.1,103.2
2024-06-05,1224139,LOSS,-1.0,2.7,107.4
2024-06-05,1224144,LOSS,-1.0,2.1,119.0
2024-06-05,1224168,LOSS,-1.0,2.4,108.3
2024-06-05,1224279,LOSS,-1.0,2.4,104.2
2024-06-05,1224301,LOSS,-1.0,2.6,161.5
2024-06-05,1224339,LOSS,-1.0,1.5,106.7
2024-06-05,1224348,LOSS,-1.0,2.2,113.6
2024-06-05,1224360,WIN,11.474,1.9,73.7
2024-06-06,1225589,LOSS,-1.0,3.0,116.7
2024-06-06,1225613,LOSS,-1.0,2.1,114.3
2024-06-06,1225623,LOSS,-1.0,1.9,110.5
2024-06-06,1225810,LOSS,-1.0,3.2,112.5
2024-06-06,1225826,WIN,0.98,14.9,53.0
2024-06-17,1235470,WIN,5.552,2.9,58.6
2024-06-18,1237021,LOSS,-1.0,3.5,105.7
2024-06-18,1237036,LOSS,-1.0,3.9,107.7
2024-06-18,1237054,LOSS,-1.0,6.0,110.0
2024-06-18,1237200,LOSS,-1.0,0.8,150.0
2024-06-18,1237215,LOSS,-1.0,2.2,127.3
2024-06-18,1237222,LOSS,-1.0,2.3,104.3
2024-06-18,1237239,WIN,12.174,2.3,91.3
2024-06-19,1238309,LOSS,-1.0,3.7,100.0
2024-06-19,1238319,LOSS,-1.0,2.8,110.7
2024-06-19,1238364,LOSS,-1.0,5.6,114.3
2024-06-19,1238388,WIN,4.536,2.8,96.4
2024-07-02,1251165,LOSS,-1.0,3.6,102.8
2024-07-02,1251184,LOSS,-1.0,4.4,100.0
2024-07-02,1251197,LOSS,-1.0,2.4,229.2
2024-07-02,1251229,LOSS,-1.0,3.3,109.1
2024-07-02,1251241,LOSS,-1.0,0.9,188.9
2024-07-02,1251245,LOSS,-1.0,3.4,100.0
2024-07-02,1251385,LOSS,-1.0,2.8,100.0
2024-07-02,1251392,WIN,8.129,3.1,67.7
2024-07-03,1252562,LOSS,-1.0,2.1,109.5
2024-07-03,1252579,LOSS,-1.0,1.6,106.3
2024-07-03,1252588,LOSS,-1.0,1.9,105.3
2024-07-03,1252603,WIN,5.308,2.6,46.2
2024-07-08,1256815,WIN,3.976,4.2,38.1
2024-07-26,1276828,LOSS,-1.0,2.7,111.1
2024-07-26,1276880,LOSS,-1.0,3.1,116.1
2024-07-26,1276892,LOSS,-1.0,6.1,113.1
2024-07-26,1276924,LOSS,-1.0,1.6,118.7
2024-07-26,1276931,LOSS,-1.0,3.8,102.6
2024-07-26,1276950,LOSS,-1.0,2.9,100.0
2024-07-26,1276968,WIN,4.75,3.2,87.5
2024-07-31,1281182,LOSS,-1.0,5.1,127.5
2024-07-31,1281249,LOSS,-1.0,2.8,121.4
2024-07-31,1281261,WIN,3.409,4.4,25.0
2024-08-05,1285435,WIN,3.494,8.1,53.1
2024-08-07,1288306,WIN,3.5,5.6,42.9
2024-08-20,1301219,LOSS,-1.0,3.1,109.7
2024-08-20,1301304,LOSS,-1.0,3.4,100.0
2024-08-20,1301358,WIN,1.35,4.0,27.5
2024-08-21,1302667,LOSS,-1.0,3.3,142.4
2024-08-21,1302698,LOSS,-1.0,3.0,140.0
2024-08-21,1302755,LOSS,-1.0,2.4,125.0
2024-08-21,1302986,LOSS,-1.0,1.1,136.4
2024-08-21,1303029,LOSS,-1.0,1.9,110.5
2024-08-21,1303125,LOSS,-1.0,7.1,271.8
2024-08-21,1303149,LOSS,-1.0,13.1,126.0
2024-08-21,1303167,WIN,0.899,12.9,12.4
2024-09-13,1327015,LOSS,-1.0,3.8,105.3
2024-09-13,1327033,LOSS,-1.0,4.7,114.9
2024-09-13,1327052,WIN,4.179,2.8,50.0
2024-09-18,1331311,LOSS,-1.0,2.7,100.0
2024-09-18,1331333,WIN,3.25,3.2,78.1
2024-09-25,1338597,LOSS,-1.0,3.3,112.1
2024-09-25,1338607,LOSS,-1.0,2.3,152.2
2024-09-25,1338617,LOSS,-1.0,2.9,106.9
2024-09-25,1338628,LOSS,-1.0,5.2,128.8
2024-09-25,1338650,LOSS,-1.0,2.5,100.0
2024-09-25,1338657,WIN,6.069,2.9,69.0
2024-09-27,1341336,LOSS,-1.0,4.9,477.6
2024-09-27,1341373,LOSS,-1.0,6.8,102.9
2024-09-27,1341423,WIN,3.475,11.8,87.3
2024-09-30,1342773,LOSS,-1.0,3.6,102.8
2024-09-30,1342847,WIN,2.244,4.5,22.2
2024-10-03,1347060,LOSS,-1.0,3.4,102.9
2024-10-03,1347089,LOSS,-1.0,3.0,120.0
2024-10-03,1347092,LOSS,-1.0,4.4,109.1
2024-10-03,1347168,WIN,5.517,2.9,86.2
2024-10-07,1349939,LOSS,-1.0,3.3,118.2
2024-10-07,1349970,LOSS,-1.0,2.4,133.3
2024-10-07,1349988,LOSS,-1.0,4.0,105.0
2024-10-07,1350016,WIN,3.333,4.2,73.8
2024-10-10,1354253,LOSS,-1.0,1.4,142.9
2024-10-10,1354311,LOSS,-1.0,4.3,100.0
2024-10-10,1354323,LOSS,-1.0,2.2,104.5
2024-10-10,1354334,LOSS,-1.0,5.5,112.7
2024-10-10,1354387,LOSS,-1.0,3.6,108.3
2024-10-10,1354441,LOSS,-1.0,3.2,128.1
2024-10-10,1354593,LOSS,-1.0,4.3,523.3
2024-10-10,1354635,WIN,0.0,22.8,52.2
2024-10-15,1358556,WIN,4.905,4.2,97.6
2024-10-16,1359989,LOSS,-1.0,5.1,111.8
2024-10-16,1360015,LOSS,-1.0,2.7,107.4
2024-10-16,1360034,WIN,7.16,2.5,52.0
2024-10-17,1361470,LOSS,-1.0,2.1,114.3
2024-10-17,1361490,LOSS,-1.0,3.5,120.0
2024-10-17,1361513,LOSS,-1.0,4.4,100.0
2024-10-17,1361564,LOSS,-1.0,2.3,126.1
2024-10-17,1361573,LOSS,-1.0,2.0,100.0
2024-10-17,1361580,LOSS,-1.0,2.1,104.8
2024-10-17,1361613,WIN,3.281,3.2,31.2
2024-10-25,1370035,LOSS,-1.0,3.1,122.6
2024-10-25,1370067,LOSS,-1.0,1.0,190.0
2024-10-25,1370069,WIN,2.939,3.3,36.4
2024-10-29,1372900,LOSS,-1.0,3.8,102.6
2024-10-29,1372916,LOSS,-1.0,2.7,137.0
2024-10-29,1372950,WIN,1.231,3.9,94.9
2024-11-01,1377215,LOSS,-1.0,2.5,140.0
2024-11-01,1377238,LOSS,-1.0,2.0,100.0
2024-11-01,1377244,LOSS,-1.0,2.5,116.0
2024-11-01,1377278,LOSS,-1.0,4.0,105.0
2024-11-01,1377295,LOSS,-1.0,3.3,100.0
2024-11-01,1377364,LOSS,-1.0,2.7,100.0
2024-11-01,1377388,LOSS,-1.0,2.5,152.0
2024-11-01,1377396,LOSS,-1.0,2.4,100.0
2024-11-01,1377419,WIN,10.281,3.2,28.1
2024-11-08,1384329,LOSS,-1.0,3.9,128.2
2024-11-08,1384349,LOSS,-1.0,2.0,175.0
2024-11-08,1384355,LOSS,-1.0,5.1,107.8
2024-11-08,1384397,WIN,1.868,10.6,40.6
2024-11-13,1388644,LOSS,-1.0,2.9,106.9
2024-11-13,1388673,LOSS,-1.0,2.8,153.6
2024-11-13,1388701,LOSS,-1.0,1.1,127.3
2024-11-13,1388720,WIN,1.888,12.5,51.2
2024-11-14,1390079,LOSS,-1.0,4.1,117.1
2024-11-14,1390084,LOSS,-1.0,4.7,148.9
2024-11-14,1390108,LOSS,-1.0,5.3,143.4
2024-11-14,1390178,LOSS,-1.0,7.4,125.7
2024-11-14,1390187,LOSS,-1.0,3.7,151.4
2024-11-14,1390197,LOSS,-1.0,5.9,111.9
2024-11-14,1390237,LOSS,-1.0,4.6,132.6
2024-11-14,1390254,LOSS,-1.0,4.5,117.8
2024-11-14,1390270,LOSS,-1.0,5.0,118.0
2024-11-14,1390286,LOSS,-1.0,2.7,114.8
2024-11-14,1390298,LOSS,-1.0,6.7,161.2
2024-11-14,1390339,LOSS,-1.0,5.3,103.8
2024-11-14,1390345,WIN,8.431,6.5,66.2
2024-11-19,1394412,LOSS,-1.0,3.3,118.2
2024-11-19,1394514,LOSS,-1.0,4.6,306.5
2024-11-19,1394549,WIN,4.301,13.3,42.1
2024-11-25,1400162,LOSS,-1.0,7.3,101.4
2024-11-25,1400204,LOSS,-1.0,3.1,100.0
2024-11-25,1400220,LOSS,-1.0,6.0,111.7
2024-11-25,1400237,LOSS,-1.0,1.8,105.6
2024-11-25,1400241,WIN,9.757,3.7,94.6
2024-12-13,1420245,LOSS,-1.0,4.0,100.0
2024-12-13,1420253,LOSS,-1.0,4.7,112.8
2024-12-13,1420260,LOSS,-1.0,3.2,128.1
2024-12-13,1420265,WIN,4.935,4.6,41.3
2024-12-16,1421729,LOSS,-1.0,3.7,110.8
2024-12-16,1421767,LOSS,-1.0,3.1,164.5
2024-12-16,1421778,LOSS,-1.0,4.6,106.5
2024-12-16,1421788,LOSS,-1.0,1.6,187.5
2024-12-16,1421821,LOSS,-1.0,5.3,130.2
2024-12-16,1421871,LOSS,-1.0,2.9,106.9
2024-12-16,1421912,LOSS,-1.0,4.0,122.5
2024-12-16,1421945,LOSS,-1.0,3.9,100.0
2024-12-16,1421965,LOSS,-1.0,3.7,110.8
2024-12-16,1422131,LOSS,-1.0,3.1,396.8
2024-12-16,1422141,OPEN,0.0,5.8,22.4
2024-12-26,1432024,WIN,2.513,3.9,76.9
2025-01-10,1446364,WIN,6.931,2.9,41.4
2025-01-15,1450682,LOSS,-1.0,5.4,105.6
2025-01-15,1450693,WIN,3.359,3.9,30.8
2025-01-21,1456513,LOSS,-1.0,6.2,103.2
2025-01-21,1456573,WIN,7.167,7.2,88.9
2025-01-22,1457862,LOSS,-1.0,2.6,142.3
2025-01-22,1457908,WIN,1.206,6.8,79.4
2025-01-23,1459311,LOSS,-1.0,2.1,119.0
2025-01-23,1459326,LOSS,-1.0,2.9,117.2
2025-01-23,1459383,LOSS,-1.0,1.4,142.9
2025-01-23,1459400,WIN,4.31,4.2,23.8
2025-01-27,1462174,LOSS,-1.0,3.1,100.0
2025-01-27,1462218,WIN,2.068,7.4,21.6
2025-01-30,1466479,LOSS,-1.0,2.0,120.0
2025-01-30,1466496,WIN,3.154,3.9,71.8
2025-02-07,1475101,WIN,2.848,3.3,60.6
2025-03-03,1498089,LOSS,-1.0,3.4,114.7
2025-03-03,1498102,LOSS,-1.0,3.9,102.6
2025-03-03,1498137,LOSS,-1.0,5.5,100.0
2025-03-03,1498149,LOSS,-1.0,3.6,113.9
2025-03-03,1498184,WIN,8.273,3.3,84.8
2025-03-12,1508213,LOSS,-1.0,3.4,105.9
2025-03-12,1508231,WIN,3.068,5.9,98.3
2025-03-14,1511084,LOSS,-1.0,7.5,100.0
2025-03-14,1511125,WIN,4.303,3.3,54.5
2025-03-17,1512552,WIN,3.564,5.5,80.0
2025-03-21,1518277,LOSS,-1.0,4.6,130.4
2025-03-21,1518356,LOSS,-1.0,3.9,102.6
2025-03-21,1518371,WIN,5.87,4.6,84.8
2025-03-25,1521132,LOSS,-1.0,2.3,113.0
2025-03-25,1521136,LOSS,-1.0,3.0,136.7
2025-03-25,1521179,LOSS,-1.0,4.9,151.0
2025-03-25,1521211,WIN,5.14,5.0,98.0
2025-03-27,1524040,WIN,2.871,8.5,83.5
2025-03-28,1525444,WIN,2.921,3.8,50.0
2025-04-01,1528191,LOSS,-1.0,0.7,514.3
2025-04-01,1528197,LOSS,-1.0,3.2,115.6
2025-04-01,1528218,WIN,3.041,7.3,93.2
2025-04-02,1529707,LOSS,-1.0,3.4,111.8
2025-04-02,1529739,WIN,1.071,9.8,10.2
2025-04-18,1546931,WIN,1.541,9.8,34.7
2025-04-25,1554062,LOSS,-1.0,4.5,131.1
2025-04-25,1554106,LOSS,-1.0,2.3,100.0
2025-04-25,1554112,LOSS,-1.0,6.5,129.2
2025-04-25,1554226,LOSS,-1.0,9.5,120.0
2025-04-25,1554320,LOSS,-1.0,10.1,102.0
2025-04-25,1554504,LOSS,-1.0,4.6,115.2
2025-04-25,1554509,WIN,10.371,3.5,57.1
2025-05-01,1559813,LOSS,-1.0,5.6,105.4
2025-05-01,1559826,LOSS,-1.0,5.5,132.7
2025-05-01,1559838,LOSS,-1.0,4.6,108.7
2025-05-01,1559871,LOSS,-1.0,3.8,131.6
2025-05-01,1559882,LOSS,-1.0,5.9,108.5
2025-05-01,1559890,WIN,3.827,7.5,40.0
2025-05-14,1572755,WIN,3.341,4.1,43.9
2025-06-05,1595735,WIN,10.185,2.7,51.9
2025-06-10,1600115,LOSS,-1.0,0.6,700.0
2025-06-10,1600163,WIN,8.229,4.8,41.7
2025-06-19,1610124,LOSS,-1.0,3.1,106.5
2025-06-19,1610137,LOSS,-1.0,6.9,104.3
2025-06-19,1610170,LOSS,-1.0,5.1,125.5
2025-06-19,1610222,WIN,5.026,3.9,74.4
2025-07-01,1621630,LOSS,-1.0,3.0,126.7
2025-07-01,1621642,LOSS,-1.0,3.7,132.4
2025-07-01,1621670,WIN,2.802,10.6,34.0
2025-07-22,1643267,WIN,0.772,7.9,15.2
2025-07-23,1644588,LOSS,-1.0,2.7,148.1
2025-07-23,1644599,WIN,4.139,3.6,97.2
2025-07-24,1646083,LOSS,-1.0,6.1,131.1
2025-07-24,1646214,LOSS,-1.0,3.6,100.0
2025-07-24,1646239,LOSS,-1.0,4.8,100.0
2025-07-24,1646252,LOSS,-1.0,5.1,102.0
2025-07-24,1646289,LOSS,-1.0,4.3,100.0
2025-07-24,1646297,LOSS,-1.0,2.7,159.3
2025-07-24,1646441,WIN,7.509,5.5,72.7
2025-08-12,1664727,LOSS,-1.0,2.2,131.8
2025-08-12,1664763,LOSS,-1.0,3.0,120.0
2025-08-12,1664774,LOSS,-1.0,4.8,104.2
2025-08-12,1664910,LOSS,-1.0,4.4,125.0
2025-08-12,1664927,LOSS,-1.0,3.4,108.8
2025-08-12,1665032,LOSS,-1.0,3.7,108.1
2025-08-12,1665047,WIN,3.768,5.6,57.1
2025-08-22,1676165,WIN,10.556,2.7,51.9
2025-08-26,1679120,WIN,9.5,5.2,94.2
2025-08-28,1681918,LOSS,-1.0,3.8,123.7
2025-08-28,1681951,LOSS,-1.0,5.2,100.0
2025-08-28,1682012,LOSS,-1.0,4.0,175.0
2025-08-28,1682050,LOSS,-1.0,5.7,103.5
2025-08-28,1682073,WIN,4.184,3.8,57.9
2025-09-11,1696247,LOSS,-1.0,4.7,161.7
2025-09-11,1696271,LOSS,-1.0,11.0,129.1
2025-09-11,1696469,LOSS,-1.0,5.6,105.4
2025-09-11,1696542,LOSS,-1.0,5.5,130.9
2025-09-11,1696587,LOSS,-1.0,5.7,100.0
2025-09-11,1696625,LOSS,-1.0,8.9,215.7
2025-09-11,1696654,WIN,0.0,11.7,39.3
2025-09-25,1710614,LOSS,-1.0,5.3,156.6
2025-09-25,1710722,WIN,4.045,4.4,54.5
2025-10-03,1719195,WIN,2.39,4.1,46.3
2025-10-23,1739328,LOSS,-1.0,5.8,110.3
2025-10-23,1739572,LOSS,-1.0,3.6,100.0
2025-10-23,1739581,LOSS,-1.0,4.0,102.5
2025-10-23,1739592,LOSS,-1.0,3.6,111.1
2025-10-23,1739600,WIN,6.3,3.0,90.0
2025-10-24,1740718,LOSS,-1.0,2.9,106.9
2025-10-24,1740732,WIN,3.312,4.8,81.3
2025-10-28,1743652,LOSS,-1.0,2.5,152.0
2025-10-28,1743719,LOSS,-1.0,5.5,161.8
2025-10-28,1743769,LOSS,-1.0,5.5,163.6
2025-10-28,1743791,LOSS,-1.0,2.8,117.9
2025-10-28,1743996,LOSS,-1.0,2.3,178.3
2025-10-28,1744026,WIN,9.171,4.1,34.1
2025-10-29,1745107,LOSS,-1.0,2.4,162.5
2025-10-29,1745122,LOSS,-1.0,5.1,119.6
2025-10-29,1745162,LOSS,-1.0,3.5,111.4
2025-10-29,1745183,LOSS,-1.0,3.4,126.5
2025-10-29,1745207,LOSS,-1.0,2.8,214.3
2025-10-29,1745218,WIN,5.032,6.2,25.8
2025-11-07,1755073,LOSS,-1.0,3.6,116.7
2025-11-07,1755138,LOSS,-1.0,6.1,108.2
2025-11-07,1755185,WIN,4.143,2.1,42.9
2025-12-09,1786679,WIN,2.234,4.7,46.8
2025-12-15,1792424,LOSS,-1.0,3.5,102.9
2025-12-15,1792430,WIN,4.182,3.3,57.6
2025-12-17,1795240,LOSS,-1.0,4.0,117.5
2025-12-17,1795254,WIN,10.78,4.1,97.6
2025-12-19,1798102,LOSS,-1.0,3.7,116.2
2025-12-19,1798122,LOSS,-1.0,2.6,103.8
2025-12-19,1798144,LOSS,-1.0,3.8,113.2
2025-12-19,1798153,LOSS,-1.0,7.5,113.3
2025-12-19,1798472,WIN,9.739,2.3,43.5
2025-12-26,1804055,LOSS,-1.0,3.7,108.1
2025-12-26,1804065,LOSS,-1.0,3.3,142.4
2025-12-26,1804089,LOSS,-1.0,2.1,152.4
2025-12-26,1804119,WIN,5.7,4.0,60.0
2025-12-31,1808354,LOSS,-1.0,2.2,150.0
2025-12-31,1808366,LOSS,-1.0,4.6,152.2
2025-12-31,1808436,LOSS,-1.0,2.2,209.1
2025-12-31,1808458,WIN,5.568,4.4,52.3
