id,side,type,bottom,top,origin_utc,origin_riyadh,origin_open,origin_high,origin_low,origin_close,origin_direction,origin_m1_count,origin_m1_expected,trigger_riyadh,trigger_price,eligible_riyadh,eligible_price,impact_riyadh,control_at_impact,parent_weekly_id,authorized
1,BUY,REJECTED,1.17234,1.17282,2026-01-02 09:00:00,2026-01-02 12:00:00,1.17282,1.17371,1.17128,1.17234,DOWN,240,240,2026-01-02 18:55:00,1.17467,,,,,,False
2,SELL,AOB,1.17234,1.17370,2026-01-02 13:00:00,2026-01-02 16:00:00,1.17234,1.17542,1.17153,1.17370,UP,240,240,2026-01-04 21:17:00,1.17139,2026-01-04 21:17:00,1.17228,2026-01-04 21:17:00,NONE,,False
3,BUY,REJECTED,1.17173,1.17370,2026-01-02 17:00:00,2026-01-02 20:00:00,1.17370,1.17372,1.17139,1.17173,DOWN,240,240,2026-01-04 21:17:00,1.17139,,,,,,False
4,SELL,IFOB,1.17186,1.17223,2026-01-04 17:00:00,2026-01-04 20:00:00,1.17186,1.17257,1.17181,1.17223,UP,55,240,2026-01-05 01:56:00,1.17139,2026-01-05 18:02:00,1.16906,2026-01-05 20:22:00,NONE,,False
5,BUY,OOB,1.16703,1.16829,2026-01-05 09:00:00,2026-01-05 12:00:00,1.16829,1.16906,1.16696,1.16703,DOWN,240,240,2026-01-05 22:00:00,1.17257,2026-01-06 12:01:00,1.17255,2026-01-07 10:36:00,NONE,,False
6,SELL,OOB,1.17165,1.17334,2026-01-06 01:00:00,2026-01-06 04:00:00,1.17165,1.17380,1.17118,1.17334,UP,240,240,2026-01-07 04:36:00,1.16835,2026-01-07 04:36:00,1.16939,2026-01-20 11:53:00,NONE,,False
7,BUY,AIFOB,1.16878,1.17010,2026-01-06 13:00:00,2026-01-06 16:00:00,1.17010,1.17173,1.16835,1.16878,DOWN,240,240,2026-01-07 04:36:00,1.16835,2026-01-07 10:31:00,1.16895,2026-01-07 10:31:00,NONE,,False
8,SELL,REJECTED,1.16866,1.16913,2026-01-06 21:00:00,2026-01-07 00:00:00,1.16866,1.16939,1.16838,1.16913,UP,236,240,2026-01-07 10:36:00,1.16835,,,,,,False
9,SELL,OOB,1.16874,1.16889,2026-01-07 13:00:00,2026-01-07 16:00:00,1.16874,1.16982,1.16796,1.16889,UP,240,240,2026-01-08 01:00:00,1.16725,2026-01-08 05:42:00,1.16789,2026-01-12 11:10:00,NONE,,False
10,SELL,OOB,1.16753,1.16800,2026-01-08 01:00:00,2026-01-08 04:00:00,1.16753,1.16825,1.16723,1.16800,UP,240,240,2026-01-08 11:24:00,1.16723,2026-01-09 00:34:00,1.16553,2026-01-12 10:08:00,NONE,,False
11,BUY,REJECTED,1.16509,1.16541,2026-01-08 17:00:00,2026-01-08 20:00:00,1.16541,1.16553,1.16422,1.16509,DOWN,240,240,2026-01-09 04:42:00,1.16623,,,,,,False
12,SELL,IFOB,1.16509,1.16533,2026-01-08 21:00:00,2026-01-09 00:00:00,1.16509,1.16623,1.16502,1.16533,UP,237,240,2026-01-09 10:33:00,1.16422,2026-01-09 16:32:00,1.16498,2026-01-09 16:32:00,NONE,,False
13,SELL,OOB,1.16533,1.16538,2026-01-09 01:00:00,2026-01-09 04:00:00,1.16533,1.16587,1.16457,1.16538,UP,240,240,2026-01-09 16:30:00,1.16365,2026-01-11 21:36:00,1.16365,2026-01-12 04:00:00,NONE,,False
14,BUY,AOB,1.16326,1.16343,2026-01-09 21:00:00,2026-01-10 00:00:00,1.16343,1.16365,1.16287,1.16326,DOWN,59,240,2026-01-12 01:08:00,1.16397,2026-01-12 01:08:00,1.16326,2026-01-12 01:08:00,NONE,,False
15,BUY,REJECTED,1.16632,1.16647,2026-01-12 21:00:00,2026-01-13 00:00:00,1.16647,1.16704,1.16603,1.16632,DOWN,240,240,2026-01-13 08:00:00,1.16535,,,,,,False
16,SELL,REJECTED,1.16651,1.16689,2026-01-13 05:00:00,2026-01-13 08:00:00,1.16651,1.16690,1.16535,1.16689,UP,240,240,2026-01-13 15:57:00,1.16535,,,,,,False
17,BUY,REJECTED,1.16454,1.16548,2026-01-13 13:00:00,2026-01-13 16:00:00,1.16548,1.16774,1.16339,1.16454,DOWN,240,240,2026-01-13 16:30:00,1.16740,,,,,,False
18,BUY,AOB,1.16427,1.16452,2026-01-13 21:00:00,2026-01-14 00:00:00,1.16452,1.16462,1.16375,1.16427,DOWN,238,240,2026-01-14 21:02:00,1.16613,2026-01-14 21:02:00,1.16445,2026-01-14 21:02:00,NONE,,False
19,SELL,OOB,1.16471,1.16593,2026-01-14 09:00:00,2026-01-14 12:00:00,1.16471,1.16597,1.16434,1.16593,UP,240,240,2026-01-15 04:34:00,1.16339,2026-01-15 12:48:00,1.16380,2026-01-19 21:02:00,NONE,,False
20,SELL,IFOB,1.16089,1.16188,2026-01-16 09:00:00,2026-01-16 12:00:00,1.16089,1.16230,1.16077,1.16188,UP,240,240,2026-01-16 18:39:00,1.15926,2026-01-19 02:05:00,1.15947,2026-01-19 02:09:00,NONE,,False
21,BUY,OOB,1.15947,1.15990,2026-01-16 21:00:00,2026-01-17 00:00:00,1.15990,1.16019,1.15944,1.15947,DOWN,60,240,2026-01-19 03:32:00,1.16270,2026-01-19 12:14:00,1.16181,2026-03-03 12:52:00,NONE,,False
22,SELL,REJECTED,1.16316,1.16328,2026-01-19 01:00:00,2026-01-19 04:00:00,1.16316,1.16342,1.16153,1.16328,UP,240,240,2026-01-19 16:19:00,1.16107,,,,,,False
23,BUY,IFOB,1.16247,1.16328,2026-01-19 05:00:00,2026-01-19 08:00:00,1.16328,1.16410,1.16181,1.16247,DOWN,240,240,2026-01-19 17:49:00,1.16410,2026-01-20 02:36:00,1.16394,2026-01-20 03:41:00,NONE,,False
24,SELL,REJECTED,1.16416,1.16449,2026-01-19 17:00:00,2026-01-19 20:00:00,1.16416,1.16484,1.16394,1.16449,UP,238,240,2026-01-20 06:13:00,1.16320,,,,,,False
25,BUY,OOB,1.16399,1.16449,2026-01-19 21:00:00,2026-01-20 00:00:00,1.16449,1.16465,1.16320,1.16399,DOWN,232,240,2026-01-20 06:20:00,1.16484,2026-01-20 17:42:00,1.17149,2026-03-03 10:41:00,NONE,,False
26,SELL,AOB,1.17255,1.17385,2026-01-20 13:00:00,2026-01-20 16:00:00,1.17255,1.17688,1.17148,1.17385,UP,240,240,2026-01-21 04:24:00,1.17105,2026-01-21 04:24:00,1.17285,2026-01-21 04:24:00,NONE,,False
27,SELL,REJECTED,1.17191,1.17234,2026-01-20 21:00:00,2026-01-21 00:00:00,1.17191,1.17285,1.17163,1.17234,UP,238,240,2026-01-21 06:30:00,1.17105,,,,,,False
28,BUY,REJECTED,1.17098,1.17178,2026-01-21 05:00:00,2026-01-21 08:00:00,1.17178,1.17250,1.17047,1.17098,DOWN,240,240,2026-01-21 15:52:00,1.17338,,,,,,False
29,SELL,IFOB,1.17098,1.17344,2026-01-21 09:00:00,2026-01-21 12:00:00,1.17098,1.17355,1.17009,1.17344,UP,240,240,2026-01-21 18:58:00,1.17009,2026-01-22 04:57:00,1.16895,2026-01-22 16:13:00,NONE,,False
30,BUY,OOB,1.16864,1.17029,2026-01-21 17:00:00,2026-01-21 20:00:00,1.17029,1.17112,1.16759,1.16864,DOWN,240,240,2026-01-22 19:11:00,1.17427,2026-01-23 05:04:00,1.17464,2026-03-02 11:25:00,NONE,,False
31,SELL,IFOB,1.17478,1.17495,2026-01-23 01:00:00,2026-01-23 04:00:00,1.17478,1.17534,1.17427,1.17495,UP,240,240,2026-01-23 09:49:00,1.17427,2026-01-23 16:15:00,1.17448,2026-01-23 17:57:00,NONE,,False
32,BUY,OOB,1.17395,1.17495,2026-01-23 05:00:00,2026-01-23 08:00:00,1.17495,1.17536,1.17279,1.17395,DOWN,240,240,2026-01-23 18:47:00,1.17536,2026-01-26 09:09:00,1.18542,2026-02-19 17:14:00,NONE,,False
33,BUY,IFOB,1.18418,1.18531,2026-01-26 09:00:00,2026-01-26 12:00:00,1.18531,1.18671,1.18398,1.18418,DOWN,240,240,2026-01-26 19:03:00,1.18973,2026-01-27 07:40:00,1.18710,2026-01-27 11:25:00,NONE,,False
34,BUY,OOB,1.18603,1.18730,2026-01-27 05:00:00,2026-01-27 08:00:00,1.18730,1.18810,1.18499,1.18603,DOWN,240,240,2026-01-27 15:12:00,1.19066,2026-01-28 04:06:00,1.20075,2026-01-30 19:35:00,NONE,,False
35,BUY,AOB,1.19402,1.19794,2026-01-28 13:00:00,2026-01-28 16:00:00,1.19794,1.19804,1.19180,1.19402,DOWN,240,240,2026-01-29 12:29:00,1.19963,2026-01-29 12:29:00,1.19610,2026-01-29 12:29:00,NONE,,False
36,SELL,AIFOB,1.19732,1.19897,2026-01-29 01:00:00,2026-01-29 04:00:00,1.19732,1.19903,1.19528,1.19897,UP,240,240,2026-01-29 12:29:00,1.19963,2026-01-30 00:33:00,1.19679,2026-01-30 02:25:00,NONE,,False
37,SELL,IFOB,1.19422,1.19644,2026-01-29 17:00:00,2026-01-29 20:00:00,1.19422,1.19679,1.19422,1.19644,UP,240,240,2026-01-30 05:17:00,1.19057,2026-01-30 10:56:00,1.19393,2026-01-30 10:56:00,NONE,,False
38,BUY,REJECTED,1.19240,1.19314,2026-01-30 01:00:00,2026-01-30 04:00:00,1.19314,1.19393,1.18944,1.19240,DOWN,240,240,2026-01-30 12:44:00,1.19430,,,,,,False
39,BUY,REJECTED,1.19191,1.19324,2026-01-30 09:00:00,2026-01-30 12:00:00,1.19324,1.19542,1.18979,1.19191,DOWN,240,240,2026-01-30 14:51:00,1.19430,,,,,,False
40,BUY,AOB,1.18473,1.18477,2026-02-01 17:00:00,2026-02-01 20:00:00,1.18477,1.18542,1.18473,1.18473,DOWN,65,240,2026-02-02 08:29:00,1.18744,2026-02-02 08:29:00,1.18524,2026-02-02 08:47:00,NONE,,False
41,SELL,AIFOB,1.18473,1.18663,2026-02-01 21:00:00,2026-02-02 00:00:00,1.18473,1.18743,1.18391,1.18663,UP,202,240,2026-02-02 08:29:00,1.18744,2026-02-02 13:02:00,1.18662,2026-02-02 13:02:00,NONE,,False
42,BUY,AOB,1.17911,1.18060,2026-02-02 17:00:00,2026-02-02 20:00:00,1.18060,1.18120,1.17756,1.17911,DOWN,240,240,2026-02-03 12:34:00,1.18240,2026-02-03 12:34:00,1.18033,2026-02-03 12:34:00,NONE,,False
43,SELL,REJECTED,1.18088,1.18125,2026-02-03 05:00:00,2026-02-03 08:00:00,1.18088,1.18240,1.18033,1.18125,UP,240,240,2026-02-03 12:34:00,1.18240,,,,,,False
44,BUY,IFOB,1.17962,1.18125,2026-02-03 09:00:00,2026-02-03 12:00:00,1.18125,1.18158,1.17822,1.17962,DOWN,240,240,2026-02-03 20:16:00,1.18240,2026-02-04 12:31:00,1.18232,2026-02-04 12:48:00,NONE,,False
45,SELL,OOB,1.18138,1.18351,2026-02-04 01:00:00,2026-02-04 04:00:00,1.18138,1.18354,1.18120,1.18351,UP,240,240,2026-02-05 04:40:00,1.17900,2026-02-05 04:40:00,1.18077,2026-02-05 16:54:00,NONE,,False
46,SELL,REJECTED,1.18032,1.18040,2026-02-04 21:00:00,2026-02-05 00:00:00,1.18032,1.18077,1.17991,1.18040,UP,240,240,2026-02-05 05:48:00,1.17900,,,,,,False
47,BUY,REJECTED,1.17872,1.18040,2026-02-05 01:00:00,2026-02-05 04:00:00,1.18040,1.18079,1.17823,1.17872,DOWN,240,240,2026-02-05 11:19:00,1.18079,,,,,,False
48,SELL,REJECTED,1.17872,1.18025,2026-02-05 05:00:00,2026-02-05 08:00:00,1.17872,1.18084,1.17839,1.18025,UP,240,240,2026-02-05 12:56:00,1.17823,,,,,,False
49,BUY,REJECTED,1.17991,1.18025,2026-02-05 09:00:00,2026-02-05 12:00:00,1.18025,1.18032,1.17798,1.17991,DOWN,240,240,2026-02-05 16:30:00,1.18084,,,,,,False
50,SELL,IFOB,1.17991,1.18009,2026-02-05 13:00:00,2026-02-05 16:00:00,1.17991,1.18214,1.17814,1.18009,UP,240,240,2026-02-05 23:57:00,1.17798,2026-02-06 04:14:00,1.17840,2026-02-06 08:16:00,NONE,,False
51,BUY,OOB,1.17805,1.18009,2026-02-05 17:00:00,2026-02-05 20:00:00,1.18009,1.18039,1.17794,1.17805,DOWN,240,240,2026-02-06 17:37:00,1.18214,2026-02-08 21:00:00,1.18123,2026-02-18 21:18:00,NONE,,False
52,BUY,OOB,1.18092,1.18138,2026-02-08 17:00:00,2026-02-08 20:00:00,1.18138,1.18304,1.18035,1.18092,DOWN,67,240,2026-02-08 21:04:00,1.18259,2026-02-10 04:24:00,1.18981,2026-02-17 18:13:00,NONE,,False
53,SELL,REJECTED,1.19066,1.19087,2026-02-10 05:00:00,2026-02-10 08:00:00,1.19066,1.19148,1.18991,1.19087,UP,240,240,2026-02-10 15:45:00,1.18962,,,,,,False
54,BUY,REJECTED,1.18926,1.19087,2026-02-10 09:00:00,2026-02-10 12:00:00,1.19087,1.19195,1.18907,1.18926,DOWN,240,240,2026-02-10 17:23:00,1.19195,,,,,,False
55,SELL,REJECTED,1.18926,1.18972,2026-02-10 13:00:00,2026-02-10 16:00:00,1.18926,1.19283,1.18878,1.18972,UP,240,240,2026-02-10 22:10:00,1.18878,,,,,,False
56,BUY,AOB,1.18948,1.18972,2026-02-10 17:00:00,2026-02-10 20:00:00,1.18972,1.19050,1.18863,1.18948,DOWN,240,240,2026-02-11 14:43:00,1.19269,2026-02-11 14:43:00,1.19063,2026-02-11 16:17:00,NONE,,False
57,SELL,OOB,1.19076,1.19180,2026-02-11 05:00:00,2026-02-11 08:00:00,1.19076,1.19253,1.19063,1.19180,UP,240,240,2026-02-11 16:30:00,1.18860,2026-02-12 04:09:00,1.18777,,,,False
58,BUY,IFOB,1.18616,1.18763,2026-02-12 01:00:00,2026-02-12 04:00:00,1.18763,1.18843,1.18598,1.18616,DOWN,240,240,2026-02-12 12:03:00,1.18843,2026-02-12 19:15:00,1.18666,2026-02-12 19:15:00,NONE,,False
59,BUY,REJECTED,1.18693,1.18702,2026-02-12 17:00:00,2026-02-12 20:00:00,1.18702,1.18765,1.18558,1.18693,DOWN,240,240,2026-02-13 04:00:00,1.18558,,,,,,False
60,SELL,IFOB,1.18693,1.18719,2026-02-12 21:00:00,2026-02-13 00:00:00,1.18693,1.18723,1.18626,1.18719,UP,233,240,2026-02-13 09:33:00,1.18558,2026-02-13 12:01:00,1.18644,2026-02-13 16:30:00,NONE,,False
61,BUY,IFOB,1.18614,1.18622,2026-02-13 09:00:00,2026-02-13 12:00:00,1.18622,1.18662,1.18525,1.18614,DOWN,240,240,2026-02-13 16:30:00,1.18731,2026-02-16 01:21:00,1.18664,2026-02-16 03:28:00,NONE,,False
62,SELL,REJECTED,1.18614,1.18684,2026-02-13 13:00:00,2026-02-13 16:00:00,1.18614,1.18841,1.18472,1.18684,UP,240,240,2026-02-13 18:57:00,1.18841,,,,,,False
63,SELL,AOB,1.18664,1.18702,2026-02-15 17:00:00,2026-02-15 20:00:00,1.18664,1.18702,1.18664,1.18702,UP,2,240,2026-02-16 09:44:00,1.18587,2026-02-16 09:44:00,1.18687,2026-02-16 09:44:00,NONE,,False
64,SELL,OOB,1.18619,1.18647,2026-02-16 05:00:00,2026-02-16 08:00:00,1.18619,1.18701,1.18566,1.18647,UP,240,240,2026-02-16 11:26:00,1.18587,2026-02-17 12:18:00,1.18452,,,,False
65,BUY,IFOB,1.18274,1.18404,2026-02-17 09:00:00,2026-02-17 12:00:00,1.18404,1.18495,1.18236,1.18274,DOWN,240,240,2026-02-17 21:43:00,1.18495,2026-02-18 04:00:00,1.18466,2026-02-18 07:02:00,NONE,,False
66,SELL,AOB,1.18304,1.18507,2026-02-17 17:00:00,2026-02-17 20:00:00,1.18304,1.18528,1.18289,1.18507,UP,240,240,2026-02-18 15:37:00,1.18279,2026-02-18 15:37:00,1.18461,2026-02-18 15:37:00,NONE,,False
67,BUY,REJECTED,1.18308,1.18415,2026-02-18 05:00:00,2026-02-18 08:00:00,1.18415,1.18461,1.18279,1.18308,DOWN,240,240,2026-02-18 15:37:00,1.18279,,,,,,False
68,SELL,OOB,1.18308,1.18396,2026-02-18 09:00:00,2026-02-18 12:00:00,1.18308,1.18469,1.18280,1.18396,UP,240,240,2026-02-18 16:53:00,1.18279,2026-02-19 04:01:00,1.17914,2026-02-23 02:57:00,NONE,,False
69,SELL,OOB,1.17890,1.18009,2026-02-19 05:00:00,2026-02-19 08:00:00,1.17890,1.18047,1.17861,1.18009,UP,240,240,2026-02-19 14:30:00,1.17804,2026-02-20 00:31:00,1.17739,2026-02-20 18:01:00,NONE,,False
70,BUY,AOB,1.17609,1.17690,2026-02-19 13:00:00,2026-02-19 16:00:00,1.17690,1.17751,1.17415,1.17609,DOWN,240,240,2026-02-20 04:12:00,1.17778,2026-02-20 04:12:00,1.17662,2026-02-20 04:12:00,NONE,,False
71,SELL,AIFOB,1.17684,1.17702,2026-02-19 21:00:00,2026-02-20 00:00:00,1.17684,1.17778,1.17662,1.17702,UP,235,240,2026-02-20 04:12:00,1.17778,2026-02-20 12:13:00,1.17632,2026-02-20 14:49:00,NONE,,False
72,SELL,AOB,1.17875,1.18305,2026-02-22 21:00:00,2026-02-23 00:00:00,1.17875,1.18343,1.17875,1.18305,UP,179,240,2026-02-24 11:24:00,1.17676,2026-02-24 11:24:00,1.17876,2026-02-24 11:24:00,NONE,,False
73,BUY,AIFOB,1.17693,1.17876,2026-02-24 01:00:00,2026-02-24 04:00:00,1.17876,1.17876,1.17676,1.17693,DOWN,240,240,2026-02-24 11:24:00,1.17676,2026-02-24 16:33:00,1.17723,2026-02-24 16:33:00,NONE,,False
74,SELL,IFOB,1.17809,1.17877,2026-02-24 13:00:00,2026-02-24 16:00:00,1.17809,1.17899,1.17657,1.17877,UP,240,240,2026-02-24 17:12:00,1.17676,2026-02-25 04:15:00,1.17796,2026-02-25 04:35:00,NONE,,False
75,BUY,IFOB,1.17749,1.17877,2026-02-24 17:00:00,2026-02-24 20:00:00,1.17877,1.17884,1.17748,1.17749,DOWN,240,240,2026-02-25 05:54:00,1.17927,2026-02-25 12:00:00,1.17891,2026-02-25 12:15:00,NONE,,False
76,SELL,AOB,1.17776,1.17945,2026-02-25 01:00:00,2026-02-25 04:00:00,1.17776,1.17958,1.17755,1.17945,UP,240,240,2026-02-25 18:13:00,1.17707,2026-02-25 18:13:00,1.17927,2026-02-25 18:13:00,NONE,,False
77,BUY,OOB,1.17855,1.17896,2026-02-25 09:00:00,2026-02-25 12:00:00,1.17896,1.17927,1.17707,1.17855,DOWN,240,240,2026-02-25 20:04:00,1.18075,2026-02-26 10:05:00,1.18122,2026-02-26 20:03:00,NONE,,False
78,SELL,AOB,1.18057,1.18187,2026-02-25 21:00:00,2026-02-26 00:00:00,1.18057,1.18190,1.18030,1.18187,UP,238,240,2026-02-26 16:00:00,1.17929,2026-02-26 16:00:00,1.18093,2026-02-26 16:00:00,NONE,,False
79,SELL,IFOB,1.18021,1.18087,2026-02-26 09:00:00,2026-02-26 12:00:00,1.18021,1.18093,1.17929,1.18087,UP,240,240,2026-02-26 18:24:00,1.17929,2026-02-27 00:02:00,1.18029,2026-02-27 00:02:00,NONE,,False
80,BUY,IFOB,1.17959,1.18010,2026-02-26 21:00:00,2026-02-27 00:00:00,1.18010,1.18053,1.17926,1.17959,DOWN,220,240,2026-02-27 06:26:00,1.18053,2026-02-27 12:56:00,1.17967,2026-02-27 12:56:00,NONE,,False
81,BUY,IFOB,1.18018,1.18092,2026-02-27 09:00:00,2026-02-27 12:00:00,1.18092,1.18111,1.17924,1.18018,DOWN,240,240,2026-02-27 19:32:00,1.18213,2026-02-28 00:45:00,1.18106,2026-03-01 21:00:00,NONE,,False
82,SELL,OOB,1.18018,1.18217,2026-02-27 13:00:00,2026-02-27 16:00:00,1.18018,1.18248,1.17901,1.18217,UP,240,240,2026-03-01 21:00:00,1.17901,2026-03-02 04:13:00,1.17871,2026-04-14 14:50:00,SELL_ONLY,3,False
83,SELL,OOB,1.17772,1.17859,2026-03-02 01:00:00,2026-03-02 04:00:00,1.17772,1.17955,1.17749,1.17859,UP,240,240,2026-03-02 09:14:00,1.17533,2026-03-03 04:15:00,1.16978,2026-04-14 09:57:00,SELL_ONLY,3,False
84,SELL,OOB,1.16899,1.16949,2026-03-02 21:00:00,2026-03-03 00:00:00,1.16899,1.16978,1.16803,1.16949,UP,239,240,2026-03-03 08:37:00,1.16714,2026-03-03 21:37:00,1.16147,2026-04-08 02:47:00,NONE,,False
85,BUY,REJECTED,1.16026,1.16126,2026-03-03 13:00:00,2026-03-03 16:00:00,1.16126,1.16147,1.15299,1.16026,DOWN,240,240,2026-03-04 04:07:00,1.16254,,,,,,False
86,SELL,AIFOB,1.16026,1.16173,2026-03-03 17:00:00,2026-03-03 20:00:00,1.16026,1.16254,1.15864,1.16173,UP,240,240,2026-03-04 04:07:00,1.16254,2026-03-04 09:33:00,1.16100,2026-03-04 09:33:00,NONE,,False
87,BUY,IFOB,1.15925,1.16173,2026-03-03 21:00:00,2026-03-04 00:00:00,1.16173,1.16199,1.15917,1.15925,DOWN,240,240,2026-03-04 10:31:00,1.16254,2026-03-05 05:24:00,1.16241,2026-03-05 06:18:00,NONE,,False
88,SELL,AOB,1.16399,1.16446,2026-03-04 21:00:00,2026-03-05 00:00:00,1.16399,1.16450,1.16241,1.16446,UP,238,240,2026-03-05 12:06:00,1.15811,2026-03-05 12:06:00,1.16157,2026-03-05 12:08:00,NONE,,False
89,BUY,REJECTED,1.15983,1.16079,2026-03-05 05:00:00,2026-03-05 08:00:00,1.16079,1.16157,1.15811,1.15983,DOWN,240,240,2026-03-05 12:06:00,1.15811,,,,,,False
90,SELL,IFOB,1.15983,1.16201,2026-03-05 09:00:00,2026-03-05 12:00:00,1.15983,1.16437,1.15961,1.16201,UP,240,240,2026-03-05 18:26:00,1.15811,2026-03-06 00:09:00,1.16099,2026-03-06 00:09:00,NONE,,False
91,SELL,IFOB,1.16106,1.16133,2026-03-06 01:00:00,2026-03-06 04:00:00,1.16106,1.16209,1.16065,1.16133,UP,240,240,2026-03-06 15:04:00,1.15585,2026-03-06 19:19:00,1.16025,2026-03-06 19:45:00,NONE,,False
92,BUY,IFOB,1.15545,1.16025,2026-03-06 09:00:00,2026-03-06 12:00:00,1.16025,1.16025,1.15519,1.15545,DOWN,240,240,2026-03-06 21:20:00,1.16209,2026-03-08 21:01:00,1.16049,2026-03-08 21:01:00,NONE,,False
93,SELL,IFOB,1.16056,1.16154,2026-03-06 21:00:00,2026-03-07 00:00:00,1.16056,1.16180,1.16049,1.16154,UP,60,240,2026-03-08 23:16:00,1.15455,2026-03-09 08:04:00,1.15291,2026-03-09 22:20:00,NONE,,False
94,BUY,OOB,1.15170,1.15446,2026-03-08 21:00:00,2026-03-09 00:00:00,1.15446,1.15556,1.15157,1.15170,DOWN,237,240,2026-03-09 22:43:00,1.16211,2026-03-10 06:06:00,1.16113,2026-03-12 02:29:00,NONE,,False
95,BUY,IFOB,1.16114,1.16258,2026-03-10 01:00:00,2026-03-10 04:00:00,1.16258,1.16293,1.16065,1.16114,DOWN,240,240,2026-03-10 10:29:00,1.16452,2026-03-10 21:15:00,1.16267,2026-03-10 21:15:00,NONE,,False
96,SELL,IFOB,1.16341,1.16515,2026-03-10 13:00:00,2026-03-10 16:00:00,1.16341,1.16548,1.16267,1.16515,UP,240,240,2026-03-10 22:40:00,1.16065,2026-03-11 04:28:00,1.16244,2026-03-11 07:49:00,NONE,,False
97,SELL,OOB,1.16175,1.16333,2026-03-11 01:00:00,2026-03-11 04:00:00,1.16175,1.16348,1.16121,1.16333,UP,240,240,2026-03-11 12:01:00,1.16024,2026-03-12 11:10:00,1.15552,2026-03-23 14:06:00,NONE,,False
98,BUY,REJECTED,1.15328,1.15454,2026-03-12 01:00:00,2026-03-12 04:00:00,1.15454,1.15552,1.15315,1.15328,DOWN,240,240,2026-03-12 15:46:00,1.15659,,,,,,False
99,SELL,OOB,1.15328,1.15469,2026-03-12 05:00:00,2026-03-12 08:00:00,1.15328,1.15556,1.15323,1.15469,UP,240,240,2026-03-12 16:19:00,1.15315,2026-03-13 04:11:00,1.15280,2026-03-17 16:02:00,NONE,,False
100,SELL,OOB,1.15109,1.15230,2026-03-12 21:00:00,2026-03-13 00:00:00,1.15109,1.15280,1.15094,1.15230,UP,239,240,2026-03-13 06:19:00,1.15092,2026-03-13 16:40:00,1.14881,2026-03-16 21:24:00,NONE,,False
101,SELL,IFOB,1.14448,1.14775,2026-03-13 09:00:00,2026-03-13 12:00:00,1.14448,1.14881,1.14448,1.14775,UP,240,240,2026-03-13 21:22:00,1.14327,2026-03-16 01:00:00,1.14274,2026-03-16 03:07:00,NONE,,False
102,BUY,AOB,1.14138,1.14417,2026-03-13 17:00:00,2026-03-13 20:00:00,1.14417,1.14458,1.14105,1.14138,DOWN,240,240,2026-03-16 08:20:00,1.14561,2026-03-16 08:20:00,1.14394,2026-03-16 08:20:00,NONE,,False
103,SELL,AIFOB,1.14272,1.14545,2026-03-15 21:00:00,2026-03-16 00:00:00,1.14272,1.14551,1.14185,1.14545,UP,234,240,2026-03-16 08:20:00,1.14561,2026-03-16 12:01:00,1.14450,2026-03-16 12:01:00,NONE,,False
104,BUY,OOB,1.14411,1.14545,2026-03-16 01:00:00,2026-03-16 04:00:00,1.14545,1.14561,1.14394,1.14411,DOWN,240,240,2026-03-16 13:13:00,1.14561,2026-03-17 03:25:00,1.14902,2026-03-18 23:24:00,NONE,,False
105,BUY,OOB,1.14922,1.15043,2026-03-16 21:00:00,2026-03-17 00:00:00,1.15043,1.15069,1.14888,1.14922,DOWN,234,240,2026-03-17 16:00:00,1.15246,2026-03-18 10:35:00,1.15317,2026-03-18 16:01:00,NONE,,False
106,BUY,REJECTED,1.15071,1.15320,2026-03-18 09:00:00,2026-03-18 12:00:00,1.15320,1.15549,1.15052,1.15071,DOWN,240,240,2026-03-18 14:15:00,1.15489,,,,,,False
107,SELL,REJECTED,1.15321,1.15414,2026-03-18 01:00:00,2026-03-18 04:00:00,1.15321,1.15422,1.15317,1.15414,UP,240,240,2026-03-18 14:15:00,1.15174,,,,,,False
108,SELL,REJECTED,1.14514,1.14736,2026-03-18 21:00:00,2026-03-19 00:00:00,1.14514,1.14739,1.14494,1.14736,UP,240,240,2026-03-19 11:06:00,1.14494,,,,,,False
109,BUY,OOB,1.14506,1.14686,2026-03-19 05:00:00,2026-03-19 08:00:00,1.14686,1.14764,1.14425,1.14506,DOWN,240,240,2026-03-19 16:04:00,1.14910,2026-03-20 04:19:00,1.15707,2026-03-30 16:41:00,NONE,,False
110,BUY,REJECTED,1.15552,1.15735,2026-03-20 01:00:00,2026-03-20 04:00:00,1.15735,1.15767,1.15547,1.15552,DOWN,240,240,2026-03-20 11:18:00,1.15521,,,,,,False
111,SELL,IFOB,1.15552,1.15675,2026-03-20 05:00:00,2026-03-20 08:00:00,1.15552,1.15804,1.15521,1.15675,UP,240,240,2026-03-20 12:47:00,1.15521,2026-03-20 20:23:00,1.15662,2026-03-20 20:23:00,NONE,,False
112,BUY,REJECTED,1.15589,1.15641,2026-03-20 13:00:00,2026-03-20 16:00:00,1.15641,1.15662,1.15242,1.15589,DOWN,240,240,2026-03-22 21:23:00,1.15713,,,,,,False
113,SELL,IFOB,1.15589,1.15701,2026-03-20 17:00:00,2026-03-20 20:00:00,1.15589,1.15713,1.15466,1.15701,UP,239,240,2026-03-23 09:19:00,1.15242,2026-03-23 14:05:00,1.15520,2026-03-23 14:05:00,NONE,,False
114,BUY,OOB,1.15294,1.15501,2026-03-23 05:00:00,2026-03-23 08:00:00,1.15501,1.15520,1.15200,1.15294,DOWN,240,240,2026-03-23 14:05:00,1.15713,2026-03-24 03:39:00,1.15862,2026-03-26 11:02:00,NONE,,False
115,BUY,REJECTED,1.15800,1.15880,2026-03-24 01:00:00,2026-03-24 04:00:00,1.15880,1.15955,1.15753,1.15800,DOWN,240,240,2026-03-24 10:02:00,1.15753,,,,,,False
116,SELL,REJECTED,1.15800,1.15877,2026-03-24 05:00:00,2026-03-24 08:00:00,1.15800,1.16173,1.15754,1.15877,UP,240,240,2026-03-24 16:08:00,1.15753,,,,,,False
117,SELL,REJECTED,1.15824,1.16065,2026-03-24 17:00:00,2026-03-24 20:00:00,1.15824,1.16279,1.15566,1.16065,UP,240,240,2026-03-24 20:05:00,1.15666,,,,,,False
118,BUY,IFOB,1.15824,1.15841,2026-03-24 13:00:00,2026-03-24 16:00:00,1.15841,1.16066,1.15666,1.15824,DOWN,240,240,2026-03-24 23:22:00,1.16066,2026-03-25 07:07:00,1.15995,2026-03-25 16:27:00,NONE,,False
119,SELL,OOB,1.16065,1.16229,2026-03-24 21:00:00,2026-03-25 00:00:00,1.16065,1.16302,1.15995,1.16229,UP,239,240,2026-03-25 19:10:00,1.15566,2026-03-26 04:01:00,1.15643,2026-04-01 11:32:00,NONE,,False
120,BUY,REJECTED,1.15578,1.15582,2026-03-25 21:00:00,2026-03-26 00:00:00,1.15582,1.15643,1.15537,1.15578,DOWN,240,240,2026-03-26 09:14:00,1.15720,,,,,,False
121,SELL,IFOB,1.15578,1.15690,2026-03-26 01:00:00,2026-03-26 04:00:00,1.15578,1.15720,1.15544,1.15690,UP,240,240,2026-03-26 09:15:00,1.15537,2026-03-26 23:11:00,1.15546,2026-03-26 23:11:00,NONE,,False
122,SELL,IFOB,1.15347,1.15353,2026-03-26 13:00:00,2026-03-26 16:00:00,1.15347,1.15546,1.15305,1.15353,UP,240,240,2026-03-27 10:58:00,1.15191,2026-03-27 16:24:00,1.15258,2026-03-27 17:25:00,NONE,,False
123,BUY,REJECTED,1.15147,1.15202,2026-03-27 09:00:00,2026-03-27 12:00:00,1.15202,1.15258,1.15014,1.15147,DOWN,240,240,2026-03-27 20:15:00,1.15474,,,,,,False
124,SELL,IFOB,1.15147,1.15188,2026-03-27 13:00:00,2026-03-27 16:00:00,1.15147,1.15474,1.15138,1.15188,UP,240,240,2026-03-29 22:57:00,1.15014,2026-03-30 05:42:00,1.15122,2026-03-30 05:51:00,NONE,,False
125,BUY,AOB,1.15005,1.15075,2026-03-29 17:00:00,2026-03-29 20:00:00,1.15075,1.15126,1.14986,1.15005,DOWN,53,240,2026-03-30 10:20:00,1.15209,2026-03-30 10:20:00,1.15009,2026-03-30 10:20:00,NONE,,False
126,SELL,OOB,1.15064,1.15132,2026-03-30 01:00:00,2026-03-30 04:00:00,1.15064,1.15209,1.15009,1.15132,UP,240,240,2026-03-30 12:15:00,1.14870,2026-03-31 00:02:00,1.14658,2026-03-31 15:31:00,NONE,,False
127,BUY,AOB,1.14596,1.14824,2026-03-30 13:00:00,2026-03-30 16:00:00,1.14824,1.14875,1.14427,1.14596,DOWN,240,240,2026-03-31 08:12:00,1.14903,2026-03-31 08:12:00,1.14660,2026-03-31 08:12:00,NONE,,False
128,SELL,REJECTED,1.14636,1.14743,2026-03-30 21:00:00,2026-03-31 00:00:00,1.14636,1.14758,1.14467,1.14743,UP,237,240,2026-03-31 08:12:00,1.14903,,,,,,False
129,BUY,OOB,1.14668,1.14686,2026-03-31 05:00:00,2026-03-31 08:00:00,1.14686,1.14754,1.14605,1.14668,DOWN,240,240,2026-03-31 14:59:00,1.14903,2026-04-01 20:34:00,1.15982,2026-06-18 13:05:00,SELL_ONLY,,False
130,SELL,AOB,1.16042,1.16187,2026-04-01 13:00:00,2026-04-01 16:00:00,1.16042,1.16268,1.15982,1.16187,UP,240,240,2026-04-02 04:11:00,1.15760,2026-04-02 04:11:00,1.15975,2026-04-02 04:11:00,NONE,,False
131,SELL,OOB,1.15872,1.15952,2026-04-01 21:00:00,2026-04-02 00:00:00,1.15872,1.15975,1.15838,1.15952,UP,238,240,2026-04-02 04:17:00,1.15760,2026-04-02 16:53:00,1.15316,2026-04-07 22:19:00,NONE,,False
132,BUY,OOB,1.15242,1.15249,2026-04-02 09:00:00,2026-04-02 12:00:00,1.15249,1.15316,1.15088,1.15242,DOWN,240,240,2026-04-03 05:21:00,1.15636,2026-04-03 05:21:00,1.15331,2026-04-03 15:30:00,NONE,,False
133,SELL,REJECTED,1.15242,1.15388,2026-04-02 13:00:00,2026-04-02 16:00:00,1.15242,1.15636,1.15200,1.15388,UP,240,240,2026-04-03 05:21:00,1.15636,,,,,,False
134,SELL,OOB,1.15335,1.15427,2026-04-03 05:00:00,2026-04-03 08:00:00,1.15335,1.15459,1.15290,1.15427,UP,240,240,2026-04-03 15:30:00,1.15290,2026-04-06 00:27:00,1.15225,2026-04-06 09:52:00,NONE,,False
135,SELL,REJECTED,1.15127,1.15195,2026-04-05 17:00:00,2026-04-05 20:00:00,1.15127,1.15225,1.15095,1.15195,UP,53,240,2026-04-06 01:05:00,1.15095,,,,,,False
136,BUY,OOB,1.15114,1.15195,2026-04-05 21:00:00,2026-04-06 00:00:00,1.15195,1.15226,1.15049,1.15114,DOWN,225,240,2026-04-06 05:17:00,1.15226,2026-04-06 18:14:00,1.15369,2026-06-05 20:49:00,BOTH,5,False
137,BUY,OOB,1.15371,1.15399,2026-04-06 21:00:00,2026-04-07 00:00:00,1.15399,1.15475,1.15361,1.15371,DOWN,240,240,2026-04-07 11:57:00,1.15713,2026-04-08 19:43:00,1.16771,2026-06-05 18:36:00,SELL_ONLY,,False
138,SELL,AOB,1.16808,1.17137,2026-04-08 09:00:00,2026-04-08 12:00:00,1.16808,1.17178,1.16771,1.17137,UP,240,240,2026-04-09 07:07:00,1.16430,2026-04-09 07:07:00,1.16672,2026-04-09 14:23:00,NONE,,False
139,BUY,IFOB,1.16622,1.16815,2026-04-08 17:00:00,2026-04-08 20:00:00,1.16815,1.16849,1.16430,1.16622,DOWN,240,240,2026-04-09 20:28:00,1.17214,2026-04-10 00:16:00,1.16950,2026-04-10 10:42:00,NONE,,False
140,BUY,IFOB,1.16856,1.16916,2026-04-10 05:00:00,2026-04-10 08:00:00,1.16916,1.16933,1.16771,1.16856,DOWN,240,240,2026-04-10 15:35:00,1.17230,2026-04-12 22:00:00,1.17186,2026-04-12 22:00:00,NONE,,False
141,SELL,OOB,1.17201,1.17222,2026-04-10 17:00:00,2026-04-10 20:00:00,1.17201,1.17351,1.17186,1.17222,UP,239,240,2026-04-12 22:00:00,1.16771,2026-04-13 04:00:00,1.16872,2026-04-13 17:47:00,SELL_ONLY,3,False
142,BUY,OOB,1.16857,1.16859,2026-04-13 05:00:00,2026-04-13 08:00:00,1.16859,1.16998,1.16777,1.16857,DOWN,240,240,2026-04-13 09:00:00,1.16899,2026-04-15 00:26:00,1.17901,2026-04-23 13:10:00,SELL_ONLY,,False
143,SELL,REJECTED,1.17882,1.17889,2026-04-15 05:00:00,2026-04-15 08:00:00,1.17882,1.17990,1.17824,1.17889,UP,240,240,2026-04-15 12:11:00,1.17785,,,,,,False
144,BUY,REJECTED,1.17882,1.17936,2026-04-15 01:00:00,2026-04-15 04:00:00,1.17936,1.17964,1.17785,1.17882,DOWN,240,240,2026-04-15 12:02:00,1.17990,,,,,,False
145,BUY,IFOB,1.17877,1.17889,2026-04-15 09:00:00,2026-04-15 12:00:00,1.17889,1.17925,1.17716,1.17877,DOWN,240,240,2026-04-15 17:29:00,1.17990,2026-04-16 09:28:00,1.17965,2026-04-16 11:05:00,SELL_ONLY,,False
146,SELL,OOB,1.18069,1.18090,2026-04-16 01:00:00,2026-04-16 04:00:00,1.18069,1.18235,1.17965,1.18090,UP,240,240,2026-04-16 16:52:00,1.17716,2026-04-17 01:05:00,1.17854,2026-04-17 15:25:00,SELL_ONLY,3,False
147,SELL,REJECTED,1.17746,1.17808,2026-04-16 17:00:00,2026-04-16 20:00:00,1.17746,1.17854,1.17678,1.17808,UP,240,240,2026-04-17 04:28:00,1.17867,,,,,,False
148,BUY,IFOB,1.17787,1.17808,2026-04-16 21:00:00,2026-04-17 00:00:00,1.17808,1.17867,1.17743,1.17787,DOWN,237,240,2026-04-17 11:40:00,1.17867,2026-04-17 20:08:00,1.17915,2026-04-17 21:50:00,SELL_ONLY,,False
149,SELL,OOB,1.17935,1.18348,2026-04-17 09:00:00,2026-04-17 12:00:00,1.17935,1.18370,1.17906,1.18348,UP,240,240,2026-04-17 22:36:00,1.17719,2026-04-20 04:32:00,1.17567,2026-05-06 13:53:00,NONE,,False
150,BUY,AOB,1.17354,1.17621,2026-04-19 17:00:00,2026-04-19 20:00:00,1.17621,1.17621,1.17301,1.17354,DOWN,96,240,2026-04-20 08:39:00,1.17622,2026-04-20 08:39:00,1.17503,2026-04-20 08:39:00,SELL_ONLY,,False
151,SELL,OOB,1.17854,1.17878,2026-04-20 17:00:00,2026-04-20 20:00:00,1.17854,1.17899,1.17784,1.17878,UP,239,240,2026-04-21 16:31:00,1.17537,2026-04-21 16:31:00,1.17681,2026-05-06 13:45:00,NONE,,False
152,BUY,REJECTED,1.17391,1.17435,2026-04-22 01:00:00,2026-04-22 04:00:00,1.17435,1.17480,1.17373,1.17391,DOWN,240,240,2026-04-22 14:41:00,1.17621,,,,,,False
153,SELL,OOB,1.17391,1.17533,2026-04-22 05:00:00,2026-04-22 08:00:00,1.17391,1.17621,1.17387,1.17533,UP,240,240,2026-04-22 17:58:00,1.17184,2026-04-23 17:22:00,1.17020,2026-04-27 10:52:00,SELL_ONLY,3,False
154,BUY,REJECTED,1.16916,1.17013,2026-04-23 09:00:00,2026-04-23 12:00:00,1.17013,1.17020,1.16786,1.16916,DOWN,240,240,2026-04-23 20:10:00,1.17162,,,,,,False
155,SELL,OOB,1.16916,1.17018,2026-04-23 13:00:00,2026-04-23 16:00:00,1.16916,1.17162,1.16821,1.17018,UP,240,240,2026-04-23 20:19:00,1.16786,2026-04-24 04:58:00,1.16881,2026-04-24 10:58:00,SELL_ONLY,3,False
156,BUY,OOB,1.16788,1.16849,2026-04-24 01:00:00,2026-04-24 04:00:00,1.16849,1.16890,1.16726,1.16788,DOWN,240,240,2026-04-24 10:50:00,1.16890,2026-04-26 22:05:00,1.17108,2026-04-28 14:48:00,SELL_ONLY,,False
157,SELL,AOB,1.17084,1.17188,2026-04-24 13:00:00,2026-04-24 16:00:00,1.17084,1.17194,1.16983,1.17188,UP,240,240,2026-04-27 04:00:00,1.16856,2026-04-27 04:00:00,1.17168,2026-04-27 04:00:00,SELL_ONLY,3,True
158,BUY,IFOB,1.16894,1.17168,2026-04-26 17:00:00,2026-04-26 20:00:00,1.17168,1.17168,1.16856,1.16894,DOWN,60,240,2026-04-27 04:01:00,1.17227,2026-04-27 16:54:00,1.17374,2026-04-28 03:54:00,SELL_ONLY,,False
159,SELL,OOB,1.17263,1.17481,2026-04-27 05:00:00,2026-04-27 08:00:00,1.17263,1.17505,1.17163,1.17481,UP,240,240,2026-04-28 14:48:00,1.16856,2026-04-28 16:37:00,1.17019,2026-04-30 17:53:00,SELL_ONLY,3,False
160,BUY,AOB,1.16966,1.17019,2026-04-28 09:00:00,2026-04-28 12:00:00,1.17019,1.17019,1.16770,1.16966,DOWN,240,240,2026-04-29 04:07:00,1.17202,2026-04-29 04:07:00,1.17076,2026-04-29 08:18:00,SELL_ONLY,,False
161,SELL,OOB,1.17116,1.17152,2026-04-28 21:00:00,2026-04-29 00:00:00,1.17116,1.17202,1.17076,1.17152,UP,229,240,2026-04-29 04:07:00,1.17202,2026-04-29 13:59:00,1.17079,2026-04-30 13:55:00,SELL_ONLY,3,False
162,BUY,OOB,1.16598,1.16788,2026-04-30 01:00:00,2026-04-30 04:00:00,1.16788,1.16814,1.16547,1.16598,DOWN,240,240,2026-04-30 13:31:00,1.17093,2026-05-01 08:10:00,1.17248,2026-05-05 07:57:00,SELL_ONLY,,False
163,BUY,IFOB,1.17264,1.17273,2026-05-01 01:00:00,2026-05-01 04:00:00,1.17273,1.17361,1.17248,1.17264,DOWN,240,240,2026-05-01 09:51:00,1.17412,2026-05-01 20:03:00,1.17374,2026-05-01 21:04:00,SELL_ONLY,,False
164,SELL,IFOB,1.17431,1.17573,2026-05-01 09:00:00,2026-05-01 12:00:00,1.17431,1.17685,1.17305,1.17573,UP,240,240,2026-05-01 22:50:00,1.17185,2026-05-03 22:39:00,1.17401,2026-05-03 22:40:00,SELL_ONLY,3,True
165,BUY,AOB,1.17189,1.17379,2026-05-01 17:00:00,2026-05-01 20:00:00,1.17379,1.17401,1.17136,1.17189,DOWN,239,240,2026-05-04 04:06:00,1.17579,2026-05-04 04:06:00,1.17211,2026-05-04 04:06:00,SELL_ONLY,,False
166,SELL,OOB,1.17189,1.17449,2026-05-03 17:00:00,2026-05-03 20:00:00,1.17189,1.17579,1.17189,1.17449,UP,60,240,2026-05-04 11:01:00,1.17136,2026-05-05 10:07:00,1.16912,2026-05-06 04:00:00,SELL_ONLY,3,False
167,BUY,OOB,1.16774,1.16860,2026-05-05 01:00:00,2026-05-05 04:00:00,1.16860,1.16912,1.16765,1.16774,DOWN,240,240,2026-05-06 00:00:00,1.17133,2026-05-06 00:00:00,1.16919,2026-05-14 16:40:00,NONE,,False
168,BUY,OOB,1.16920,1.16990,2026-05-05 17:00:00,2026-05-05 20:00:00,1.16990,1.17038,1.16919,1.16920,DOWN,240,240,2026-05-06 02:07:00,1.17133,2026-05-06 16:06:00,1.17513,2026-05-13 12:15:00,NONE,,False
169,BUY,AIFOB,1.17439,1.17533,2026-05-06 13:00:00,2026-05-06 16:00:00,1.17533,1.17627,1.17414,1.17439,DOWN,240,240,2026-05-07 04:12:00,1.17412,2026-05-07 09:30:00,1.17462,2026-05-07 09:30:00,NONE,,False
170,SELL,IFOB,1.17714,1.17726,2026-05-07 09:00:00,2026-05-07 12:00:00,1.17714,1.17779,1.17620,1.17726,UP,240,240,2026-05-07 20:33:00,1.17447,2026-05-08 07:53:00,1.17344,2026-05-08 12:20:00,NONE,,False
171,BUY,IFOB,1.17238,1.17600,2026-05-07 17:00:00,2026-05-07 20:00:00,1.17600,1.17606,1.17219,1.17238,DOWN,240,240,2026-05-08 15:39:00,1.17779,2026-05-10 23:13:00,1.17702,2026-05-10 23:16:00,NONE,,False
172,SELL,AOB,1.17707,1.17841,2026-05-08 17:00:00,2026-05-08 20:00:00,1.17707,1.17876,1.17702,1.17841,UP,240,240,2026-05-11 10:24:00,1.17405,2026-05-11 10:24:00,1.17709,2026-05-11 10:24:00,NONE,,False
173,BUY,AIFOB,1.17446,1.17841,2026-05-10 17:00:00,2026-05-10 20:00:00,1.17841,1.17923,1.17405,1.17446,DOWN,69,240,2026-05-11 10:24:00,1.17405,2026-05-11 20:03:00,1.17719,2026-05-11 20:03:00,NONE,,False
174,SELL,OOB,1.17729,1.17829,2026-05-11 17:00:00,2026-05-11 20:00:00,1.17729,1.17829,1.17705,1.17829,UP,240,240,2026-05-12 03:53:00,1.17705,2026-05-13 04:49:00,1.17409,,,,False
175,SELL,OOB,1.17441,1.17474,2026-05-12 09:00:00,2026-05-12 12:00:00,1.17441,1.17513,1.17344,1.17474,UP,240,240,2026-05-13 09:50:00,1.17214,2026-05-13 19:29:00,1.17169,,,,False
176,BUY,AOB,1.17014,1.17024,2026-05-13 09:00:00,2026-05-13 12:00:00,1.17024,1.17169,1.16949,1.17014,DOWN,240,240,2026-05-14 09:10:00,1.17211,2026-05-14 09:10:00,1.17093,2026-05-14 14:35:00,NONE,,False
177,SELL,OOB,1.17090,1.17168,2026-05-13 21:00:00,2026-05-14 00:00:00,1.17090,1.17182,1.17065,1.17168,UP,237,240,2026-05-14 16:01:00,1.16949,2026-05-15 13:51:00,1.16487,2026-08-20 12:22:00,SELL_ONLY,8,False
178,SELL,IFOB,1.16259,1.16296,2026-05-15 13:00:00,2026-05-15 16:00:00,1.16259,1.16375,1.16186,1.16296,UP,240,240,2026-05-15 21:35:00,1.16169,2026-05-18 07:05:00,1.16239,2026-05-18 09:09:00,SELL_ONLY,3,True
179,BUY,OOB,1.16113,1.16176,2026-05-17 21:00:00,2026-05-18 00:00:00,1.16176,1.16239,1.16078,1.16113,DOWN,224,240,2026-05-18 15:46:00,1.16551,2026-05-18 21:58:00,1.16330,2026-05-19 12:12:00,SELL_ONLY,,False
180,SELL,OOB,1.16512,1.16556,2026-05-18 17:00:00,2026-05-18 20:00:00,1.16512,1.16606,1.16283,1.16556,UP,240,240,2026-05-19 11:12:00,1.16283,2026-05-20 17:16:00,1.16052,2026-05-25 15:46:00,SELL_ONLY,3,False
181,SELL,REJECTED,1.15950,1.16251,2026-05-20 13:00:00,2026-05-20 16:00:00,1.15950,1.16447,1.15823,1.16251,UP,240,240,2026-05-21 05:34:00,1.16447,,,,,,False
182,BUY,REJECTED,1.16218,1.16281,2026-05-21 01:00:00,2026-05-21 04:00:00,1.16281,1.16349,1.16152,1.16218,DOWN,240,240,2026-05-21 15:17:00,1.16352,,,,,,False
183,SELL,IFOB,1.16218,1.16233,2026-05-21 05:00:00,2026-05-21 08:00:00,1.16218,1.16352,1.15937,1.16233,UP,240,240,2026-05-21 15:17:00,1.15937,2026-05-21 20:11:00,1.16007,2026-05-21 20:32:00,SELL_ONLY,3,True
184,BUY,OOB,1.15949,1.15969,2026-05-21 13:00:00,2026-05-21 16:00:00,1.15969,1.16007,1.15759,1.15949,DOWN,240,240,2026-05-22 04:25:00,1.16298,2026-05-22 04:25:00,1.16119,2026-05-22 12:17:00,SELL_ONLY,,False
185,SELL,REJECTED,1.15949,1.16165,2026-05-21 17:00:00,2026-05-21 20:00:00,1.15949,1.16298,1.15924,1.16165,UP,240,240,2026-05-22 04:25:00,1.16298,,,,,,False
186,SELL,IFOB,1.16140,1.16147,2026-05-22 01:00:00,2026-05-22 04:00:00,1.16140,1.16154,1.16084,1.16147,UP,240,240,2026-05-22 08:58:00,1.16084,2026-05-22 16:08:00,1.16077,2026-05-22 16:09:00,SELL_ONLY,3,True
187,BUY,OOB,1.16039,1.16075,2026-05-22 09:00:00,2026-05-22 12:00:00,1.16075,1.16077,1.15929,1.16039,DOWN,240,240,2026-05-22 16:11:00,1.16166,2026-05-25 10:17:00,1.16352,2026-05-28 06:13:00,SELL_ONLY,,False
188,SELL,REJECTED,1.16039,1.16108,2026-05-22 13:00:00,2026-05-22 16:00:00,1.16039,1.16180,1.15879,1.16108,UP,240,240,2026-05-22 17:01:00,1.15929,,,,,,False
189,BUY,OOB,1.16014,1.16108,2026-05-22 17:00:00,2026-05-22 20:00:00,1.16108,1.16187,1.15979,1.16014,DOWN,240,240,2026-05-22 20:30:00,1.16180,2026-05-25 10:17:00,1.16352,2026-05-28 04:55:00,SELL_ONLY,,False
190,SELL,IFOB,1.16433,1.16479,2026-05-25 09:00:00,2026-05-25 12:00:00,1.16433,1.16525,1.16400,1.16479,UP,240,240,2026-05-26 07:59:00,1.16292,2026-05-26 10:31:00,1.16394,2026-05-26 12:55:00,SELL_ONLY,3,True
191,BUY,AOB,1.16293,1.16384,2026-05-26 01:00:00,2026-05-26 04:00:00,1.16384,1.16394,1.16290,1.16293,DOWN,238,240,2026-05-26 16:04:00,1.16448,2026-05-26 16:04:00,1.16308,2026-05-26 16:04:00,SELL_ONLY,,False
192,SELL,IFOB,1.16293,1.16360,2026-05-26 05:00:00,2026-05-26 08:00:00,1.16293,1.16417,1.16236,1.16360,UP,240,240,2026-05-26 16:51:00,1.16236,2026-05-27 01:01:00,1.16326,2026-05-27 01:01:00,SELL_ONLY,3,True
193,BUY,OOB,1.16236,1.16316,2026-05-26 13:00:00,2026-05-26 16:00:00,1.16316,1.16327,1.16160,1.16236,DOWN,240,240,2026-05-27 09:44:00,1.16448,2026-05-27 13:28:00,1.16370,2026-05-27 17:55:00,SELL_ONLY,,False
194,BUY,REJECTED,1.16434,1.16446,2026-05-27 09:00:00,2026-05-27 12:00:00,1.16446,1.16610,1.16326,1.16434,DOWN,240,240,2026-05-27 15:21:00,1.16489,,,,,,False
195,BUY,OOB,1.15914,1.16202,2026-05-28 01:00:00,2026-05-28 04:00:00,1.16202,1.16209,1.15859,1.15914,DOWN,240,240,2026-05-29 04:48:00,1.16610,2026-05-29 04:48:00,1.16459,2026-06-01 16:44:00,NONE,,False
196,SELL,AIFOB,1.16362,1.16564,2026-05-28 13:00:00,2026-05-28 16:00:00,1.16362,1.16610,1.16266,1.16564,UP,240,240,2026-05-29 04:48:00,1.16610,2026-05-29 16:00:00,1.16487,2026-05-29 16:00:00,SELL_ONLY,3,True
197,BUY,OOB,1.16278,1.16387,2026-05-29 05:00:00,2026-05-29 08:00:00,1.16387,1.16541,1.16245,1.16278,DOWN,240,240,2026-05-29 17:51:00,1.16610,2026-05-31 22:17:00,1.16572,2026-06-01 16:11:00,NONE,,False
198,BUY,AIFOB,1.16473,1.16522,2026-05-31 21:00:00,2026-06-01 00:00:00,1.16522,1.16591,1.16446,1.16473,DOWN,219,240,2026-06-01 08:01:00,1.16413,2026-06-01 13:25:00,1.16474,2026-06-01 13:25:00,NONE,,False
199,SELL,IFOB,1.16478,1.16574,2026-06-01 05:00:00,2026-06-01 08:00:00,1.16478,1.16644,1.16474,1.16574,UP,240,240,2026-06-01 16:05:00,1.16413,2026-06-02 04:13:00,1.16358,2026-06-02 09:25:00,NONE,,False
200,BUY,AOB,1.16294,1.16470,2026-06-01 13:00:00,2026-06-01 16:00:00,1.16470,1.16479,1.16061,1.16294,DOWN,240,240,2026-06-02 17:00:00,1.16553,2026-06-02 17:00:00,1.16380,2026-06-02 17:00:00,NONE,,False
201,SELL,OOB,1.16432,1.16502,2026-06-02 09:00:00,2026-06-02 12:00:00,1.16432,1.16553,1.16380,1.16502,UP,240,240,2026-06-02 17:00:00,1.16553,2026-06-03 04:38:00,1.16316,2026-06-04 14:44:00,NONE,,False
202,SELL,OOB,1.16280,1.16313,2026-06-02 17:00:00,2026-06-02 20:00:00,1.16280,1.16344,1.16131,1.16313,UP,240,240,2026-06-03 09:23:00,1.16131,2026-06-04 01:56:00,1.16033,2026-06-04 12:54:00,NONE,,False
203,BUY,AOB,1.15971,1.15999,2026-06-03 17:00:00,2026-06-03 20:00:00,1.15999,1.16033,1.15947,1.15971,DOWN,240,240,2026-06-04 10:37:00,1.16146,2026-06-04 10:37:00,1.16022,2026-06-04 10:40:00,NONE,,False
204,SELL,REJECTED,1.16094,1.16128,2026-06-04 05:00:00,2026-06-04 08:00:00,1.16094,1.16146,1.15981,1.16128,UP,240,240,2026-06-04 10:37:00,1.16146,,,,,,False
205,SELL,AOB,1.16128,1.16365,2026-06-04 09:00:00,2026-06-04 12:00:00,1.16128,1.16451,1.16127,1.16365,UP,240,240,2026-06-05 05:03:00,1.16076,2026-06-05 05:03:00,1.16146,2026-06-05 05:03:00,NONE,,False
206,BUY,AIFOB,1.16099,1.16230,2026-06-04 17:00:00,2026-06-04 20:00:00,1.16230,1.16236,1.16076,1.16099,DOWN,240,240,2026-06-05 05:03:00,1.16076,2026-06-05 15:32:00,1.16126,2026-06-05 15:32:00,NONE,,False
207,SELL,OOB,1.16156,1.16363,2026-06-05 05:00:00,2026-06-05 08:00:00,1.16156,1.16396,1.16126,1.16363,UP,240,240,2026-06-05 15:36:00,1.16076,2026-06-08 02:49:00,1.15211,2026-06-15 01:08:00,NONE,,False
208,BUY,AOB,1.15072,1.15211,2026-06-07 17:00:00,2026-06-07 20:00:00,1.15211,1.15211,1.15057,1.15072,DOWN,90,240,2026-06-08 11:41:00,1.15395,2026-06-08 11:41:00,1.15113,2026-06-08 11:41:00,SELL_ONLY,,False
209,SELL,REJECTED,1.15072,1.15330,2026-06-07 21:00:00,2026-06-08 00:00:00,1.15072,1.15332,1.15055,1.15330,UP,209,240,2026-06-08 12:12:00,1.15055,,,,,,False
210,BUY,IFOB,1.15079,1.15310,2026-06-08 05:00:00,2026-06-08 08:00:00,1.15310,1.15395,1.15075,1.15079,DOWN,240,240,2026-06-08 14:20:00,1.15395,2026-06-08 21:55:00,1.15314,2026-06-08 21:55:00,SELL_ONLY,,False
211,BUY,IFOB,1.15309,1.15331,2026-06-08 21:00:00,2026-06-09 00:00:00,1.15331,1.15402,1.15266,1.15309,DOWN,237,240,2026-06-09 12:06:00,1.15543,2026-06-09 18:35:00,1.15499,2026-06-09 19:39:00,SELL_ONLY,,False
212,SELL,AOB,1.15503,1.15733,2026-06-09 09:00:00,2026-06-09 12:00:00,1.15503,1.15746,1.15499,1.15733,UP,240,240,2026-06-10 05:30:00,1.15281,2026-06-10 05:30:00,1.15431,2026-06-10 06:52:00,SELL_ONLY,3,True
213,BUY,REJECTED,1.15406,1.15733,2026-06-09 13:00:00,2026-06-09 16:00:00,1.15733,1.15777,1.15281,1.15406,DOWN,240,240,2026-06-10 05:30:00,1.15281,,,,,,False
214,BUY,REJECTED,1.15481,1.15533,2026-06-10 09:00:00,2026-06-10 12:00:00,1.15533,1.15644,1.15351,1.15481,DOWN,240,240,2026-06-10 12:45:00,1.15583,,,,,,False
215,SELL,IFOB,1.15481,1.15535,2026-06-10 13:00:00,2026-06-10 16:00:00,1.15481,1.15728,1.15339,1.15535,UP,240,240,2026-06-10 18:48:00,1.15351,2026-06-11 04:00:00,1.15426,2026-06-11 04:09:00,SELL_ONLY,3,True
216,SELL,IFOB,1.15420,1.15479,2026-06-11 01:00:00,2026-06-11 04:00:00,1.15420,1.15556,1.15412,1.15479,UP,240,240,2026-06-11 13:15:00,1.15252,2026-06-11 20:32:00,1.15402,2026-06-11 20:32:00,SELL_ONLY,3,True
217,BUY,OOB,1.15087,1.15394,2026-06-11 13:00:00,2026-06-11 16:00:00,1.15394,1.15402,1.15067,1.15087,DOWN,240,240,2026-06-11 20:34:00,1.15556,2026-06-12 04:07:00,1.15658,2026-06-17 21:33:00,NONE,,False
218,BUY,OOB,1.15631,1.15764,2026-06-12 09:00:00,2026-06-12 12:00:00,1.15764,1.15891,1.15597,1.15631,DOWN,240,240,2026-06-15 00:29:00,1.15893,2026-06-15 18:32:00,1.16003,2026-06-16 08:47:00,NONE,,False
219,SELL,OOB,1.16010,1.16151,2026-06-15 09:00:00,2026-06-15 12:00:00,1.16010,1.16193,1.16003,1.16151,UP,240,240,2026-06-16 04:01:00,1.15833,2026-06-16 04:01:00,1.15933,2026-06-16 11:28:00,NONE,,False
220,SELL,REJECTED,1.15896,1.15926,2026-06-15 21:00:00,2026-06-16 00:00:00,1.15896,1.15933,1.15848,1.15926,UP,229,240,2026-06-16 05:19:00,1.15833,,,,,,False
221,BUY,IFOB,1.15785,1.15926,2026-06-16 01:00:00,2026-06-16 04:00:00,1.15926,1.15948,1.15754,1.15785,DOWN,240,240,2026-06-16 10:59:00,1.15948,2026-06-16 16:58:00,1.15910,2026-06-16 16:58:00,NONE,,False
222,BUY,IFOB,1.15992,1.16054,2026-06-16 09:00:00,2026-06-16 12:00:00,1.16054,1.16126,1.15910,1.15992,DOWN,240,240,2026-06-16 18:54:00,1.16126,2026-06-17 00:00:00,1.16054,2026-06-17 00:00:00,NONE,,False
223,SELL,OOB,1.16080,1.16142,2026-06-16 21:00:00,2026-06-17 00:00:00,1.16080,1.16163,1.16043,1.16142,UP,239,240,2026-06-17 09:32:00,1.16043,2026-06-18 04:21:00,1.15203,2026-08-17 10:32:00,NONE,,False
224,SELL,OOB,1.15151,1.15227,2026-06-18 01:00:00,2026-06-18 04:00:00,1.15151,1.15261,1.15127,1.15227,UP,240,240,2026-06-18 12:10:00,1.14775,2026-06-18 17:58:00,1.14855,2026-07-30 16:55:00,SELL_ONLY,9,False
225,BUY,AOB,1.14283,1.14615,2026-06-19 01:00:00,2026-06-19 04:00:00,1.14615,1.14630,1.14269,1.14283,DOWN,240,240,2026-06-21 22:10:00,1.14804,2026-06-21 22:10:00,1.14634,2026-06-21 22:10:00,SELL_ONLY,,False
226,SELL,AIFOB,1.14640,1.14706,2026-06-19 09:00:00,2026-06-19 12:00:00,1.14640,1.14745,1.14521,1.14706,UP,240,240,2026-06-21 22:10:00,1.14804,2026-06-22 00:43:00,1.14647,2026-06-22 00:43:00,SELL_ONLY,3,True
227,BUY,AOB,1.14535,1.14647,2026-06-21 17:00:00,2026-06-21 20:00:00,1.14647,1.14647,1.14489,1.14535,DOWN,32,240,2026-06-22 07:06:00,1.14733,2026-06-22 07:06:00,1.14535,2026-06-22 07:06:00,SELL_ONLY,,False
228,SELL,IFOB,1.14535,1.14661,2026-06-21 21:00:00,2026-06-22 00:00:00,1.14535,1.14667,1.14535,1.14661,UP,211,240,2026-06-22 10:30:00,1.14489,2026-06-22 13:09:00,1.14630,2026-06-22 13:09:00,SELL_ONLY,3,True
229,BUY,REJECTED,1.14506,1.14557,2026-06-22 05:00:00,2026-06-22 08:00:00,1.14557,1.14630,1.14412,1.14506,DOWN,240,240,2026-06-22 16:00:00,1.14632,,,,,,False
230,SELL,OOB,1.14506,1.14546,2026-06-22 09:00:00,2026-06-22 12:00:00,1.14506,1.14632,1.14472,1.14546,UP,240,240,2026-06-22 16:01:00,1.14412,2026-06-23 05:04:00,1.14288,2026-07-02 15:35:00,SELL_ONLY,3,False
231,BUY,REJECTED,1.14079,1.14206,2026-06-23 05:00:00,2026-06-23 08:00:00,1.14206,1.14387,1.14042,1.14079,DOWN,240,240,2026-06-23 10:09:00,1.14315,,,,,,False
232,SELL,OOB,1.13792,1.13804,2026-06-23 17:00:00,2026-06-23 20:00:00,1.13792,1.13825,1.13757,1.13804,UP,240,240,2026-06-24 03:24:00,1.13753,2026-06-24 18:19:00,1.13534,2026-06-25 17:05:00,SELL_ONLY,3,False
233,BUY,AOB,1.13287,1.13524,2026-06-24 09:00:00,2026-06-24 12:00:00,1.13524,1.13534,1.13248,1.13287,DOWN,240,240,2026-06-25 03:31:00,1.13675,2026-06-25 03:31:00,1.13487,2026-06-25 03:31:00,SELL_ONLY,,False
234,SELL,REJECTED,1.13287,1.13592,2026-06-24 13:00:00,2026-06-24 16:00:00,1.13287,1.13675,1.13242,1.13592,UP,240,240,2026-06-25 03:31:00,1.13675,,,,,,False
235,BUY,REJECTED,1.13531,1.13573,2026-06-24 21:00:00,2026-06-25 00:00:00,1.13573,1.13592,1.13472,1.13531,DOWN,233,240,2026-06-25 06:45:00,1.13675,,,,,,False
236,SELL,REJECTED,1.13668,1.13673,2026-06-25 05:00:00,2026-06-25 08:00:00,1.13668,1.13720,1.13444,1.13673,UP,240,240,2026-06-25 10:16:00,1.13472,,,,,,False
237,BUY,IFOB,1.13531,1.13673,2026-06-25 09:00:00,2026-06-25 12:00:00,1.13673,1.13736,1.13330,1.13531,DOWN,240,240,2026-06-25 17:03:00,1.13736,2026-06-26 00:00:00,1.13681,2026-06-26 00:00:00,SELL_ONLY,,False
238,BUY,OOB,1.13645,1.13691,2026-06-25 21:00:00,2026-06-26 00:00:00,1.13691,1.13728,1.13599,1.13645,DOWN,235,240,2026-06-26 10:39:00,1.13877,2026-06-26 17:57:00,1.13934,2026-07-01 15:40:00,SELL_ONLY,,False
239,SELL,AOB,1.14009,1.14268,2026-06-26 09:00:00,2026-06-26 12:00:00,1.14009,1.14336,1.13934,1.14268,UP,240,240,2026-06-29 04:00:00,1.13782,2026-06-29 04:00:00,1.13890,2026-06-29 09:36:00,SELL_ONLY,3,True
240,BUY,AIFOB,1.13820,1.13895,2026-06-26 17:00:00,2026-06-26 20:00:00,1.13895,1.13928,1.13803,1.13820,DOWN,239,240,2026-06-29 04:00:00,1.13782,2026-06-30 00:00:00,1.14210,2026-06-30 07:58:00,SELL_ONLY,,False
241,SELL,AOB,1.14023,1.14255,2026-06-29 13:00:00,2026-06-29 16:00:00,1.14023,1.14302,1.14003,1.14255,UP,240,240,2026-06-30 16:16:00,1.13823,2026-06-30 16:16:00,1.14024,2026-06-30 16:16:00,SELL_ONLY,3,True
242,BUY,IFOB,1.13886,1.14160,2026-06-30 01:00:00,2026-06-30 04:00:00,1.14160,1.14170,1.13884,1.13886,DOWN,240,240,2026-06-30 17:57:00,1.14302,2026-07-01 02:49:00,1.14137,2026-07-01 02:49:00,SELL_ONLY,,False
243,SELL,OOB,1.14137,1.14211,2026-06-30 17:00:00,2026-06-30 20:00:00,1.14137,1.14270,1.14137,1.14211,UP,240,240,2026-07-01 15:09:00,1.13823,2026-07-01 16:43:00,1.14001,2026-07-02 11:03:00,SELL_ONLY,3,False
244,BUY,AOB,1.13707,1.13962,2026-07-01 09:00:00,2026-07-01 12:00:00,1.13962,1.14001,1.13686,1.13707,DOWN,240,240,2026-07-02 00:00:00,1.14113,2026-07-02 00:00:00,1.13735,2026-07-02 00:00:00,SELL_ONLY,,False
245,SELL,REJECTED,1.13707,1.13820,2026-07-01 13:00:00,2026-07-01 16:00:00,1.13707,1.14113,1.13614,1.13820,UP,240,240,2026-07-02 00:00:00,1.14113,,,,,,False
246,BUY,OOB,1.13762,1.13768,2026-07-01 21:00:00,2026-07-02 00:00:00,1.13768,1.13829,1.13718,1.13762,DOWN,234,240,2026-07-02 11:03:00,1.14113,2026-07-02 20:08:00,1.14332,2026-07-23 15:43:00,SELL_ONLY,,False
247,BUY,OOB,1.14302,1.14313,2026-07-02 21:00:00,2026-07-03 00:00:00,1.14313,1.14351,1.14203,1.14302,DOWN,239,240,2026-07-03 04:11:00,1.14203,2026-07-03 12:47:00,1.14451,2026-07-06 04:26:00,SELL_ONLY,,False
248,SELL,OOB,1.14457,1.14524,2026-07-03 05:00:00,2026-07-03 08:00:00,1.14457,1.14620,1.14451,1.14524,UP,240,240,2026-07-05 22:11:00,1.14325,2026-07-05 22:11:00,1.14418,2026-07-07 00:56:00,SELL_ONLY,3,False
249,SELL,IFOB,1.14326,1.14379,2026-07-05 17:00:00,2026-07-05 20:00:00,1.14326,1.14440,1.14303,1.14379,UP,19,240,2026-07-05 23:39:00,1.14325,2026-07-06 16:22:00,1.14210,2026-07-06 20:11:00,SELL_ONLY,3,True
250,BUY,OOB,1.14129,1.14202,2026-07-06 09:00:00,2026-07-06 12:00:00,1.14202,1.14210,1.14093,1.14129,DOWN,240,240,2026-07-06 21:49:00,1.14440,2026-07-07 04:25:00,1.14371,2026-07-07 19:16:00,SELL_ONLY,,False
251,SELL,AOB,1.14303,1.14410,2026-07-06 17:00:00,2026-07-06 20:00:00,1.14303,1.14446,1.14298,1.14410,UP,240,240,2026-07-07 14:21:00,1.14231,2026-07-07 14:21:00,1.14370,2026-07-07 14:21:00,SELL_ONLY,3,True
252,BUY,REJECTED,1.14276,1.14351,2026-07-07 05:00:00,2026-07-07 08:00:00,1.14351,1.14370,1.14245,1.14276,DOWN,240,240,2026-07-07 14:21:00,1.14231,,,,,,False
253,SELL,IFOB,1.14276,1.14362,2026-07-07 09:00:00,2026-07-07 12:00:00,1.14276,1.14418,1.14231,1.14362,UP,240,240,2026-07-07 18:55:00,1.14231,2026-07-08 06:01:00,1.14126,2026-07-08 10:26:00,SELL_ONLY,3,True
254,BUY,REJECTED,1.14077,1.14119,2026-07-07 21:00:00,2026-07-08 00:00:00,1.14119,1.14126,1.13998,1.14077,DOWN,238,240,2026-07-08 12:11:00,1.14312,,,,,,False
255,SELL,REJECTED,1.14077,1.14140,2026-07-08 01:00:00,2026-07-08 04:00:00,1.14077,1.14162,1.13980,1.14140,UP,240,240,2026-07-08 12:12:00,1.13980,,,,,,False
256,BUY,OOB,1.13958,1.14099,2026-07-08 09:00:00,2026-07-08 12:00:00,1.14099,1.14143,1.13926,1.13958,DOWN,240,240,2026-07-09 08:13:00,1.14312,2026-07-09 12:07:00,1.14252,2026-07-12 22:02:00,SELL_ONLY,,False
257,BUY,IFOB,1.14245,1.14262,2026-07-09 09:00:00,2026-07-09 12:00:00,1.14262,1.14356,1.14206,1.14245,DOWN,240,240,2026-07-10 04:57:00,1.14491,2026-07-10 08:22:00,1.14377,2026-07-10 15:33:00,SELL_ONLY,,False
258,SELL,IFOB,1.14398,1.14423,2026-07-10 01:00:00,2026-07-10 04:00:00,1.14398,1.14605,1.14377,1.14423,UP,240,240,2026-07-10 16:08:00,1.14206,2026-07-13 08:02:00,1.14047,2026-07-13 11:11:00,SELL_ONLY,3,True
259,BUY,AOB,1.13950,1.13992,2026-07-12 21:00:00,2026-07-13 00:00:00,1.13992,1.14050,1.13880,1.13950,DOWN,228,240,2026-07-13 16:42:00,1.14455,2026-07-13 16:42:00,1.14202,2026-07-13 17:53:00,SELL_ONLY,,False
260,SELL,OOB,1.14034,1.14356,2026-07-13 05:00:00,2026-07-13 08:00:00,1.14034,1.14455,1.13954,1.14356,UP,240,240,2026-07-13 19:34:00,1.13839,2026-07-14 04:20:00,1.13890,2026-07-14 14:46:00,SELL_ONLY,3,False
261,BUY,AOB,1.13812,1.13884,2026-07-13 17:00:00,2026-07-13 20:00:00,1.13884,1.13904,1.13772,1.13812,DOWN,240,240,2026-07-14 10:00:00,1.13963,2026-07-14 10:00:00,1.13841,2026-07-14 10:00:00,SELL_ONLY,,False
262,BUY,AIFOB,1.14195,1.14316,2026-07-14 17:00:00,2026-07-14 20:00:00,1.14316,1.14329,1.14158,1.14195,DOWN,240,240,2026-07-15 03:55:00,1.14158,2026-07-15 09:56:00,1.14321,2026-07-15 09:57:00,NONE,,False
263,SELL,IFOB,1.14327,1.14365,2026-07-15 01:00:00,2026-07-15 04:00:00,1.14327,1.14419,1.14321,1.14365,UP,240,240,2026-07-15 13:00:00,1.14158,2026-07-15 16:01:00,1.14298,2026-07-15 16:05:00,NONE,,False
264,BUY,IFOB,1.14239,1.14365,2026-07-15 05:00:00,2026-07-15 08:00:00,1.14365,1.14434,1.14195,1.14239,DOWN,240,240,2026-07-15 20:00:00,1.14434,2026-07-16 12:32:00,1.14618,2026-07-16 18:03:00,NONE,,False
265,SELL,OOB,1.14598,1.14735,2026-07-15 21:00:00,2026-07-16 00:00:00,1.14598,1.14742,1.14593,1.14735,UP,235,240,2026-07-17 01:01:00,1.14305,2026-07-17 01:01:00,1.14440,2026-07-29 22:16:00,NONE,,False
266,BUY,AIFOB,1.14344,1.14472,2026-07-16 13:00:00,2026-07-16 16:00:00,1.14472,1.14587,1.14337,1.14344,DOWN,240,240,2026-07-17 01:01:00,1.14305,2026-07-17 04:54:00,1.14377,2026-07-17 04:54:00,NONE,,False
267,SELL,REJECTED,1.14414,1.14465,2026-07-16 21:00:00,2026-07-17 00:00:00,1.14414,1.14465,1.14377,1.14465,UP,229,240,2026-07-17 09:17:00,1.14343,,,,,,False
268,BUY,REJECTED,1.14357,1.14465,2026-07-17 01:00:00,2026-07-17 04:00:00,1.14465,1.14477,1.14343,1.14357,DOWN,240,240,2026-07-17 09:17:00,1.14477,,,,,,False
269,SELL,REJECTED,1.14357,1.14408,2026-07-17 05:00:00,2026-07-17 08:00:00,1.14357,1.14518,1.14353,1.14408,UP,240,240,2026-07-17 13:23:00,1.14343,,,,,,False
270,BUY,AOB,1.14287,1.14408,2026-07-17 09:00:00,2026-07-17 12:00:00,1.14408,1.14421,1.14241,1.14287,DOWN,240,240,2026-07-19 22:02:00,1.14441,2026-07-19 22:02:00,1.14329,2026-07-19 22:02:00,NONE,,False
271,SELL,IFOB,1.14287,1.14379,2026-07-17 13:00:00,2026-07-17 16:00:00,1.14287,1.14441,1.14240,1.14379,UP,240,240,2026-07-19 22:57:00,1.14240,2026-07-20 04:00:00,1.14332,2026-07-20 04:00:00,NONE,,False
272,BUY,IFOB,1.14275,1.14373,2026-07-19 17:00:00,2026-07-19 20:00:00,1.14373,1.14373,1.14234,1.14275,DOWN,67,240,2026-07-20 07:26:00,1.14441,2026-07-20 12:07:00,1.14337,2026-07-20 12:07:00,NONE,,False
273,SELL,OOB,1.14330,1.14440,2026-07-20 01:00:00,2026-07-20 04:00:00,1.14330,1.14447,1.14310,1.14440,UP,240,240,2026-07-20 15:13:00,1.14233,2026-07-21 08:00:00,1.14177,2026-07-23 07:08:00,NONE,,False
274,BUY,AOB,1.14112,1.14233,2026-07-20 13:00:00,2026-07-20 16:00:00,1.14233,1.14243,1.14021,1.14112,DOWN,240,240,2026-07-21 15:15:00,1.14283,2026-07-21 15:15:00,1.14154,2026-07-21 15:15:00,NONE,,False
275,SELL,IFOB,1.14176,1.14207,2026-07-21 05:00:00,2026-07-21 08:00:00,1.14176,1.14273,1.14154,1.14207,UP,240,240,2026-07-21 21:05:00,1.14021,2026-07-22 05:26:00,1.14068,2026-07-22 10:30:00,NONE,,False
276,BUY,AOB,1.13980,1.14077,2026-07-21 17:00:00,2026-07-21 20:00:00,1.14077,1.14102,1.13967,1.13980,DOWN,240,240,2026-07-22 13:03:00,1.14179,2026-07-22 13:03:00,1.14031,2026-07-22 13:03:00,NONE,,False
277,SELL,REJECTED,1.14080,1.14096,2026-07-22 05:00:00,2026-07-22 08:00:00,1.14080,1.14179,1.14031,1.14096,UP,240,240,2026-07-22 13:03:00,1.14179,,,,,,False
278,BUY,IFOB,1.14075,1.14096,2026-07-22 09:00:00,2026-07-22 12:00:00,1.14096,1.14133,1.14000,1.14075,DOWN,240,240,2026-07-22 16:31:00,1.14179,2026-07-23 00:00:00,1.14077,2026-07-23 00:00:00,NONE,,False
279,SELL,OOB,1.14168,1.14322,2026-07-23 01:00:00,2026-07-23 04:00:00,1.14168,1.14354,1.14157,1.14322,UP,240,240,2026-07-23 13:45:00,1.14050,2026-07-24 03:57:00,1.13805,2026-07-27 09:41:00,SELL_ONLY,3,False
280,BUY,AOB,1.13732,1.13796,2026-07-23 17:00:00,2026-07-23 20:00:00,1.13796,1.13805,1.13708,1.13732,DOWN,240,240,2026-07-24 08:55:00,1.13873,2026-07-24 08:55:00,1.13763,2026-07-24 08:55:00,SELL_ONLY,,False
281,BUY,REJECTED,1.13788,1.13838,2026-07-24 01:00:00,2026-07-24 04:00:00,1.13838,1.13873,1.13763,1.13788,DOWN,240,240,2026-07-24 10:00:00,1.13873,,,,,,False
282,SELL,IFOB,1.13788,1.13831,2026-07-24 05:00:00,2026-07-24 08:00:00,1.13788,1.14008,1.13759,1.13831,UP,240,240,2026-07-24 14:52:00,1.13759,2026-07-26 22:00:00,1.13775,2026-07-26 22:00:00,SELL_ONLY,3,True
283,BUY,IFOB,1.13689,1.13773,2026-07-24 17:00:00,2026-07-24 20:00:00,1.13773,1.13775,1.13670,1.13689,DOWN,239,240,2026-07-27 03:12:00,1.14008,2026-07-27 10:48:00,1.14008,2026-07-27 15:39:00,SELL_ONLY,,False
284,SELL,OOB,1.14012,1.14033,2026-07-27 01:00:00,2026-07-27 04:00:00,1.14012,1.14140,1.14008,1.14033,UP,240,240,2026-07-28 00:01:00,1.13645,2026-07-28 04:00:00,1.13741,2026-07-28 18:44:00,SELL_ONLY,3,False
285,SELL,IFOB,1.13666,1.13739,2026-07-27 21:00:00,2026-07-28 00:00:00,1.13666,1.13741,1.13639,1.13739,UP,231,240,2026-07-28 08:07:00,1.13639,2026-07-28 16:49:00,1.13727,2026-07-28 16:49:00,SELL_ONLY,3,True
286,BUY,AOB,1.13666,1.13792,2026-07-27 17:00:00,2026-07-27 20:00:00,1.13792,1.13793,1.13666,1.13666,DOWN,240,240,2026-07-28 08:01:00,1.13798,2026-07-28 08:01:00,1.13677,2026-07-28 08:01:00,SELL_ONLY,,False
287,BUY,OOB,1.13655,1.13721,2026-07-28 09:00:00,2026-07-28 12:00:00,1.13721,1.13727,1.13529,1.13655,DOWN,240,240,2026-07-28 17:51:00,1.13798,2026-07-29 01:20:00,1.13850,,,,False
288,SELL,IFOB,1.13906,1.14007,2026-07-29 01:00:00,2026-07-29 04:00:00,1.13906,1.14033,1.13850,1.14007,UP,240,240,2026-07-29 14:44:00,1.13819,2026-07-29 17:38:00,1.13965,2026-07-29 17:38:00,SELL_ONLY,3,True
289,BUY,OOB,1.13781,1.13961,2026-07-29 09:00:00,2026-07-29 12:00:00,1.13961,1.13965,1.13742,1.13781,DOWN,240,240,2026-07-29 21:00:00,1.14033,2026-07-30 06:17:00,1.14507,,,,False
290,BUY,OOB,1.14478,1.14505,2026-07-30 05:00:00,2026-07-30 08:00:00,1.14505,1.14564,1.14339,1.14478,DOWN,240,240,2026-07-30 13:16:00,1.14748,2026-07-31 04:38:00,1.15148,,,,False
291,BUY,REJECTED,1.15078,1.15176,2026-07-31 01:00:00,2026-07-31 04:00:00,1.15176,1.15209,1.15040,1.15078,DOWN,240,240,2026-07-31 09:28:00,1.15040,,,,,,False
292,SELL,IFOB,1.15078,1.15209,2026-07-31 05:00:00,2026-07-31 08:00:00,1.15078,1.15259,1.15040,1.15209,UP,240,240,2026-07-31 12:44:00,1.15040,2026-07-31 20:03:00,1.15187,2026-07-31 20:03:00,SELL_ONLY,9,True
293,BUY,IFOB,1.14879,1.15209,2026-07-31 09:00:00,2026-07-31 12:00:00,1.15209,1.15246,1.14810,1.14879,DOWN,240,240,2026-07-31 20:24:00,1.15259,2026-08-03 04:16:00,1.15346,2026-08-03 10:17:00,NONE,,False
294,SELL,OOB,1.15273,1.15441,2026-08-02 17:00:00,2026-08-02 20:00:00,1.15273,1.15524,1.15273,1.15441,UP,92,240,2026-08-04 03:39:00,1.15000,2026-08-04 03:39:00,1.15144,2026-08-04 17:08:00,NONE,,False
295,BUY,REJECTED,1.15064,1.15276,2026-08-03 13:00:00,2026-08-03 16:00:00,1.15276,1.15347,1.15000,1.15064,DOWN,240,240,2026-08-04 03:39:00,1.15000,,,,,,False
296,BUY,REJECTED,1.15051,1.15056,2026-08-03 21:00:00,2026-08-04 00:00:00,1.15056,1.15146,1.15045,1.15051,DOWN,239,240,2026-08-04 10:24:00,1.15146,,,,,,False
297,BUY,OOB,1.15075,1.15099,2026-08-04 05:00:00,2026-08-04 08:00:00,1.15099,1.15168,1.15034,1.15075,DOWN,240,240,2026-08-04 13:44:00,1.15168,2026-08-06 06:40:00,1.15485,,,,False
298,SELL,OOB,1.15527,1.15559,2026-08-05 21:00:00,2026-08-06 00:00:00,1.15527,1.15593,1.15485,1.15559,UP,240,240,2026-08-07 04:43:00,1.15142,2026-08-07 04:43:00,1.15239,2026-08-07 15:30:00,NONE,,False
299,BUY,REJECTED,1.15202,1.15382,2026-08-06 13:00:00,2026-08-06 16:00:00,1.15382,1.15447,1.15142,1.15202,DOWN,240,240,2026-08-07 04:43:00,1.15142,,,,,,False
300,SELL,REJECTED,1.15187,1.15232,2026-08-07 01:00:00,2026-08-07 04:00:00,1.15187,1.15253,1.15181,1.15232,UP,240,240,2026-08-07 12:02:00,1.15173,,,,,,False
301,BUY,OOB,1.15187,1.15237,2026-08-06 21:00:00,2026-08-07 00:00:00,1.15237,1.15239,1.15176,1.15187,DOWN,238,240,2026-08-07 12:11:00,1.15253,2026-08-09 22:25:00,1.15534,2026-08-12 20:44:00,NONE,,False
302,BUY,OOB,1.15231,1.15232,2026-08-07 05:00:00,2026-08-07 08:00:00,1.15232,1.15250,1.15173,1.15231,DOWN,240,240,2026-08-10 00:04:00,1.15496,2026-08-10 04:04:00,1.15537,2026-08-12 20:44:00,NONE,,False
303,SELL,IFOB,1.15534,1.15627,2026-08-09 17:00:00,2026-08-09 20:00:00,1.15534,1.15627,1.15496,1.15627,UP,49,240,2026-08-10 06:04:00,1.15496,2026-08-10 10:37:00,1.15586,2026-08-10 10:37:00,NONE,,False
304,BUY,REJECTED,1.15510,1.15576,2026-08-10 01:00:00,2026-08-10 04:00:00,1.15576,1.15586,1.15476,1.15510,DOWN,240,240,2026-08-10 10:45:00,1.15646,,,,,,False
305,SELL,OOB,1.15510,1.15606,2026-08-10 05:00:00,2026-08-10 08:00:00,1.15510,1.15653,1.15496,1.15606,UP,240,240,2026-08-10 15:26:00,1.15476,2026-08-11 03:16:00,1.15473,2026-08-12 15:30:00,NONE,,False
306,BUY,REJECTED,1.15407,1.15467,2026-08-10 17:00:00,2026-08-10 20:00:00,1.15467,1.15473,1.15392,1.15407,DOWN,240,240,2026-08-11 05:55:00,1.15494,,,,,,False
307,SELL,IFOB,1.15407,1.15457,2026-08-10 21:00:00,2026-08-11 00:00:00,1.15407,1.15494,1.15385,1.15457,UP,239,240,2026-08-11 05:55:00,1.15385,2026-08-11 14:04:00,1.15431,2026-08-11 14:04:00,NONE,,False
308,BUY,AOB,1.15358,1.15424,2026-08-11 05:00:00,2026-08-11 08:00:00,1.15424,1.15431,1.15310,1.15358,DOWN,240,240,2026-08-11 20:09:00,1.15481,2026-08-11 20:09:00,1.15361,2026-08-11 20:09:00,NONE,,False
309,SELL,REJECTED,1.15358,1.15410,2026-08-11 09:00:00,2026-08-11 12:00:00,1.15358,1.15438,1.15324,1.15410,UP,240,240,2026-08-11 20:09:00,1.15481,,,,,,False
310,SELL,IFOB,1.15391,1.15408,2026-08-11 17:00:00,2026-08-11 20:00:00,1.15391,1.15434,1.15339,1.15408,UP,239,240,2026-08-12 07:15:00,1.15339,2026-08-12 12:12:00,1.15398,2026-08-12 12:12:00,NONE,,False
311,BUY,REJECTED,1.15354,1.15404,2026-08-12 01:00:00,2026-08-12 04:00:00,1.15404,1.15405,1.15324,1.15354,DOWN,240,240,2026-08-12 12:23:00,1.15443,,,,,,False
312,SELL,OOB,1.15368,1.15590,2026-08-12 09:00:00,2026-08-12 12:00:00,1.15368,1.15626,1.15320,1.15590,UP,240,240,2026-08-12 19:20:00,1.15318,2026-08-13 03:32:00,1.15303,2026-08-13 13:29:00,NONE,,False
313,BUY,REJECTED,1.15212,1.15277,2026-08-12 17:00:00,2026-08-12 20:00:00,1.15277,1.15303,1.15194,1.15212,DOWN,240,240,2026-08-13 05:36:00,1.15309,,,,,,False
314,SELL,IFOB,1.15212,1.15285,2026-08-12 21:00:00,2026-08-13 00:00:00,1.15212,1.15309,1.15201,1.15285,UP,232,240,2026-08-13 05:39:00,1.15194,2026-08-13 12:15:00,1.15282,2026-08-13 12:15:00,NONE,,False
315,BUY,IFOB,1.15237,1.15255,2026-08-13 05:00:00,2026-08-13 08:00:00,1.15255,1.15282,1.15114,1.15237,DOWN,240,240,2026-08-13 12:25:00,1.15309,2026-08-14 00:00:00,1.15254,2026-08-14 00:00:00,NONE,,False
316,BUY,OOB,1.15281,1.15292,2026-08-13 17:00:00,2026-08-13 20:00:00,1.15292,1.15319,1.15254,1.15281,DOWN,240,240,2026-08-14 10:01:00,1.15452,2026-08-16 22:10:00,1.15625,,,,False
317,BUY,OOB,1.15620,1.15667,2026-08-16 17:00:00,2026-08-16 20:00:00,1.15667,1.15702,1.15608,1.15620,DOWN,32,240,2026-08-17 07:07:00,1.15851,2026-08-17 17:54:00,1.15866,2026-08-18 09:05:00,NONE,,False
318,SELL,AOB,1.15844,1.15984,2026-08-17 05:00:00,2026-08-17 08:00:00,1.15844,1.16138,1.15824,1.15984,UP,240,240,2026-08-18 04:12:00,1.15706,2026-08-18 04:12:00,1.15846,2026-08-18 04:12:00,NONE,,False
319,SELL,IFOB,1.15775,1.15821,2026-08-17 21:00:00,2026-08-18 00:00:00,1.15775,1.15846,1.15758,1.15821,UP,234,240,2026-08-18 07:12:00,1.15706,2026-08-18 12:30:00,1.15773,2026-08-18 12:30:00,NONE,,False
320,BUY,REJECTED,1.15736,1.15758,2026-08-18 09:00:00,2026-08-18 12:00:00,1.15758,1.15796,1.15713,1.15736,DOWN,240,240,2026-08-18 16:34:00,1.15796,,,,,,False
321,SELL,REJECTED,1.15738,1.15853,2026-08-19 01:00:00,2026-08-19 04:00:00,1.15738,1.15868,1.15697,1.15853,UP,240,240,2026-08-19 04:17:00,1.15700,,,,,,False
322,BUY,OOB,1.15738,1.15744,2026-08-18 21:00:00,2026-08-19 00:00:00,1.15744,1.15812,1.15718,1.15738,DOWN,237,240,2026-08-19 08:46:00,1.15879,2026-08-20 04:01:00,1.16720,2026-08-31 00:27:00,NONE,,False
323,BUY,IFOB,1.16726,1.16738,2026-08-20 01:00:00,2026-08-20 04:00:00,1.16738,1.16836,1.16695,1.16726,DOWN,240,240,2026-08-20 04:30:00,1.16804,2026-08-20 16:47:00,1.16774,2026-08-20 17:06:00,SELL_ONLY,,False
324,SELL,IFOB,1.16726,1.16982,2026-08-20 05:00:00,2026-08-20 08:00:00,1.16726,1.16995,1.16697,1.16982,UP,240,240,2026-08-20 19:33:00,1.16695,2026-08-21 01:01:00,1.16794,2026-08-21 01:01:00,SELL_ONLY,8,True
325,BUY,IFOB,1.16728,1.16882,2026-08-20 13:00:00,2026-08-20 16:00:00,1.16882,1.16943,1.16689,1.16728,DOWN,240,240,2026-08-21 12:10:00,1.17101,2026-08-24 09:21:00,1.16749,2026-08-24 09:21:00,NONE,,False
326,SELL,OOB,1.16927,1.17048,2026-08-21 05:00:00,2026-08-21 08:00:00,1.16927,1.17060,1.16863,1.17048,UP,240,240,2026-08-21 17:38:00,1.16689,2026-08-24 03:00:00,1.16830,,,,False
327,BUY,AOB,1.16718,1.16758,2026-08-23 17:00:00,2026-08-23 20:00:00,1.16758,1.16830,1.16712,1.16718,DOWN,66,240,2026-08-24 09:21:00,1.16868,2026-08-24 09:21:00,1.16749,2026-08-24 09:21:00,NONE,,False
328,SELL,IFOB,1.16718,1.16848,2026-08-23 21:00:00,2026-08-24 00:00:00,1.16718,1.16868,1.16718,1.16848,UP,229,240,2026-08-24 10:43:00,1.16684,2026-08-24 16:16:00,1.16736,2026-08-24 16:16:00,NONE,,False
329,SELL,IFOB,1.16628,1.16690,2026-08-24 09:00:00,2026-08-24 12:00:00,1.16628,1.16736,1.16600,1.16690,UP,240,240,2026-08-24 20:21:00,1.16600,2026-08-25 02:53:00,1.16663,2026-08-25 02:53:00,NONE,,False
330,BUY,REJECTED,1.16634,1.16644,2026-08-24 17:00:00,2026-08-24 20:00:00,1.16644,1.16663,1.16548,1.16634,DOWN,240,240,2026-08-25 06:32:00,1.16704,,,,,,False
331,SELL,IFOB,1.16634,1.16683,2026-08-24 21:00:00,2026-08-25 00:00:00,1.16634,1.16704,1.16583,1.16683,UP,235,240,2026-08-25 07:50:00,1.16548,2026-08-25 12:00:00,1.16674,2026-08-25 12:00:00,NONE,,False
332,BUY,IFOB,1.16553,1.16683,2026-08-25 01:00:00,2026-08-25 04:00:00,1.16683,1.16684,1.16543,1.16553,DOWN,240,240,2026-08-25 12:08:00,1.16704,2026-08-26 00:14:00,1.16682,2026-08-26 00:14:00,NONE,,False
333,SELL,REJECTED,1.16710,1.16731,2026-08-25 17:00:00,2026-08-25 20:00:00,1.16710,1.16794,1.16682,1.16731,UP,240,240,2026-08-26 11:10:00,1.16594,,,,,,False
334,BUY,REJECTED,1.16616,1.16721,2026-08-26 01:00:00,2026-08-26 04:00:00,1.16721,1.16737,1.16601,1.16616,DOWN,240,240,2026-08-26 11:10:00,1.16594,,,,,,False
335,SELL,OOB,1.16616,1.16708,2026-08-26 05:00:00,2026-08-26 08:00:00,1.16616,1.16765,1.16594,1.16708,UP,240,240,2026-08-26 15:54:00,1.16594,2026-08-27 01:01:00,1.16546,,,,False
336,BUY,AOB,1.16492,1.16555,2026-08-26 13:00:00,2026-08-26 16:00:00,1.16555,1.16585,1.16417,1.16492,DOWN,240,240,2026-08-27 08:52:00,1.16591,2026-08-27 08:52:00,1.16531,2026-08-27 08:52:00,NONE,,False
337,SELL,IFOB,1.16513,1.16561,2026-08-26 21:00:00,2026-08-27 00:00:00,1.16513,1.16579,1.16458,1.16561,UP,238,240,2026-08-27 12:36:00,1.16417,2026-08-27 16:12:00,1.16482,2026-08-27 16:20:00,NONE,,False
338,BUY,IFOB,1.16407,1.16479,2026-08-27 09:00:00,2026-08-27 12:00:00,1.16479,1.16482,1.16361,1.16407,DOWN,240,240,2026-08-27 16:28:00,1.16591,2026-08-28 05:15:00,1.16465,2026-08-28 05:15:00,NONE,,False
339,SELL,AOB,1.16513,1.16528,2026-08-27 21:00:00,2026-08-28 00:00:00,1.16513,1.16544,1.16465,1.16528,UP,240,240,2026-08-28 14:00:00,1.16389,2026-08-28 14:00:00,1.16489,2026-08-28 17:00:00,NONE,,False
340,SELL,OOB,1.16440,1.16486,2026-08-28 09:00:00,2026-08-28 12:00:00,1.16440,1.16499,1.16389,1.16486,UP,240,240,2026-08-28 16:59:00,1.16389,2026-08-31 01:03:00,1.15807,2026-09-09 09:17:00,NONE,,False
341,BUY,OOB,1.15775,1.15778,2026-08-30 17:00:00,2026-08-30 20:00:00,1.15778,1.15807,1.15773,1.15775,DOWN,46,240,2026-08-31 09:03:00,1.15941,2026-08-31 09:03:00,1.15868,2026-09-02 04:36:00,NONE,,False
342,BUY,OOB,1.15906,1.15920,2026-08-31 01:00:00,2026-08-31 04:00:00,1.15920,1.15941,1.15868,1.15906,DOWN,240,240,2026-08-31 10:22:00,1.15941,2026-09-01 00:00:00,1.16139,2026-09-01 10:44:00,NONE,,False
343,SELL,OOB,1.16167,1.16177,2026-08-31 21:00:00,2026-09-01 00:00:00,1.16167,1.16241,1.16121,1.16177,UP,238,240,2026-09-01 04:22:00,1.16121,2026-09-01 16:44:00,1.16009,2026-09-03 15:30:00,NONE,,False
344,SELL,OOB,1.15853,1.15922,2026-09-01 17:00:00,2026-09-01 20:00:00,1.15853,1.15952,1.15846,1.15922,UP,240,240,2026-09-02 03:50:00,1.15844,2026-09-02 09:13:00,1.15840,2026-09-02 16:21:00,NONE,,False
345,BUY,OOB,1.15730,1.15754,2026-09-02 05:00:00,2026-09-02 08:00:00,1.15754,1.15846,1.15659,1.15730,DOWN,240,240,2026-09-02 15:21:00,1.15846,2026-09-04 00:00:00,1.16244,2026-09-11 15:30:00,NONE,,False
346,BUY,REJECTED,1.16253,1.16364,2026-09-03 17:00:00,2026-09-03 20:00:00,1.16364,1.16384,1.16244,1.16253,DOWN,240,240,2026-09-04 04:22:00,1.16211,,,,,,False
347,SELL,IFOB,1.16253,1.16275,2026-09-03 21:00:00,2026-09-04 00:00:00,1.16253,1.16310,1.16211,1.16275,UP,222,240,2026-09-04 10:57:00,1.16211,2026-09-07 01:15:00,1.16127,2026-09-07 11:07:00,NONE,,False
348,BUY,IFOB,1.16013,1.16248,2026-09-04 09:00:00,2026-09-04 12:00:00,1.16248,1.16264,1.15841,1.16013,DOWN,240,240,2026-09-07 11:19:00,1.16328,2026-09-07 21:28:00,1.16236,2026-09-07 21:28:00,NONE,,False
349,SELL,AOB,1.16246,1.16283,2026-09-07 13:00:00,2026-09-07 16:00:00,1.16246,1.16326,1.16236,1.16283,UP,240,240,2026-09-08 02:17:00,1.16196,2026-09-08 02:17:00,1.16283,2026-09-08 02:17:00,NONE,,False
350,BUY,AIFOB,1.16110,1.16181,2026-09-07 01:00:00,2026-09-07 04:00:00,1.16181,1.16184,1.16070,1.16110,DOWN,240,240,2026-09-08 02:17:00,1.16196,2026-09-08 09:35:00,1.16220,2026-09-08 10:12:00,NONE,,False
351,SELL,IFOB,1.16221,1.16261,2026-09-07 21:00:00,2026-09-08 00:00:00,1.16221,1.16309,1.16196,1.16261,UP,237,240,2026-09-08 10:11:00,1.16196,2026-09-08 16:00:00,1.16199,2026-09-08 16:05:00,NONE,,False
352,SELL,REJECTED,1.16199,1.16232,2026-09-08 13:00:00,2026-09-08 16:00:00,1.16199,1.16335,1.16185,1.16232,UP,240,240,2026-09-09 00:00:00,1.16335,,,,,,False
353,BUY,REJECTED,1.16325,1.16326,2026-09-09 05:00:00,2026-09-09 08:00:00,1.16326,1.16489,1.16316,1.16325,DOWN,240,240,2026-09-09 08:06:00,1.16335,,,,,,False
354,SELL,IFOB,1.16325,1.16462,2026-09-09 09:00:00,2026-09-09 12:00:00,1.16325,1.16538,1.16215,1.16462,UP,240,240,2026-09-09 18:18:00,1.16215,2026-09-10 04:55:00,1.16382,2026-09-10 04:55:00,NONE,,False
355,BUY,AOB,1.16307,1.16329,2026-09-09 21:00:00,2026-09-10 00:00:00,1.16329,1.16382,1.16283,1.16307,DOWN,235,240,2026-09-10 12:31:00,1.16415,2026-09-10 12:31:00,1.16340,2026-09-10 12:42:00,NONE,,False
356,SELL,OOB,1.16365,1.16376,2026-09-10 05:00:00,2026-09-10 08:00:00,1.16365,1.16415,1.16340,1.16376,UP,240,240,2026-09-10 14:56:00,1.16198,2026-09-11 04:02:00,1.16150,,,,False
357,SELL,IFOB,1.16042,1.16191,2026-09-10 13:00:00,2026-09-10 16:00:00,1.16042,1.16310,1.15972,1.16191,UP,240,240,2026-09-11 13:26:00,1.15918,2026-09-11 16:01:00,1.16034,2026-09-11 16:02:00,NONE,,False
358,BUY,REJECTED,1.15987,1.16041,2026-09-11 05:00:00,2026-09-11 08:00:00,1.16041,1.16134,1.15978,1.15987,DOWN,240,240,2026-09-11 20:01:00,1.16150,,,,,,False
359,SELL,AIFOB,1.15987,1.16026,2026-09-11 09:00:00,2026-09-11 12:00:00,1.15987,1.16034,1.15687,1.16026,UP,240,240,2026-09-11 20:01:00,1.16150,,,,,,False
