rb_id,attempt,parent_weekly_id,side,h4_ob_bottom,h4_ob_top,h4_impact_riyadh,h4_impact_utc,stage,resting_riyadh,resting_utc,candidate_since_riyadh,candidate_since_utc,entry_riyadh,entry_utc,entry_price,entry_weekday_riyadh,entry_hour_riyadh,sl_price,risk_price,tp_price,candidate_replacements,result,exit_riyadh,exit_utc,exit_price,duration_minutes,mfe_pips,mae_pips,mfe_price,mae_price,mfe_r,mae_r,r_multiple_result,invalidated_riyadh,invalidated_utc,invalidation_reason
78,1,,BUY,1.17430,1.17528,2026-03-02 09:14:00,2026-03-02 06:14:00,H4_OB_BREACHED,2026-03-02 09:36:00,2026-03-02 06:36:00,,,,,,,,,,,,,,,,,,,,,,,,2026-03-02 09:15:00,2026-03-02 06:15:00,swing_break
91,1,,BUY,1.17533,1.17654,2026-03-02 09:00:00,2026-03-02 06:00:00,H4_OB_BREACHED,2026-03-02 09:36:00,2026-03-02 06:36:00,,,,,,,,,,,,,,,,,,,,,,,,2026-03-02 09:14:00,2026-03-02 06:14:00,swing_break
94,1,,BUY,1.15299,1.16026,2026-03-04 04:07:00,2026-03-04 01:07:00,ENTERED,2026-03-04 04:14:00,2026-03-04 01:14:00,2026-03-04 04:10:00,2026-03-04 01:10:00,2026-03-04 04:44:00,2026-03-04 01:44:00,1.15937,Wednesday,04:44,1.15743,0.00194,1.16519,1,TP,2026-03-04 14:24:00,2026-03-04 11:24:00,1.16519,580,60.5,7.1,1.16542,1.15866,3.12,0.37,3.00,,,
95,1,,BUY,1.15743,1.15925,2026-03-05 09:01:00,2026-03-05 06:01:00,ENTERED,2026-03-05 09:19:00,2026-03-05 06:19:00,2026-03-05 09:25:00,2026-03-05 06:25:00,2026-03-05 09:33:00,2026-03-05 06:33:00,1.15955,Thursday,09:33,1.15873,0.00082,1.16201,1,SL,2026-03-05 11:22:00,2026-03-05 08:22:00,1.15873,109,20.2,9.9,1.16157,1.15856,2.46,1.21,-1.00,,,
95,2,,BUY,1.15743,1.15925,2026-03-05 09:01:00,2026-03-05 06:01:00,ENTERED,2026-03-05 11:36:00,2026-03-05 08:36:00,2026-03-05 11:15:00,2026-03-05 08:15:00,2026-03-05 11:47:00,2026-03-05 08:47:00,1.15973,Thursday,11:47,1.15811,0.00162,1.16459,0,SL,2026-03-05 18:26:00,2026-03-05 15:26:00,1.15811,399,46.4,16.9,1.16437,1.15804,2.86,1.04,-1.00,,,
98,1,,BUY,1.15585,1.15834,2026-03-06 12:23:00,2026-03-06 09:23:00,ENTERED,2026-03-06 12:45:00,2026-03-06 09:45:00,2026-03-06 12:55:00,2026-03-06 09:55:00,2026-03-06 13:03:00,2026-03-06 10:03:00,1.15778,Friday,13:03,1.15714,0.00064,1.15970,2,SL,2026-03-06 14:08:00,2026-03-06 11:08:00,1.15714,65,7.1,7.9,1.15849,1.15699,1.11,1.23,-1.00,,,
100,1,,BUY,1.15455,1.15545,2026-03-08 22:55:00,2026-03-08 19:55:00,H4_OB_BREACHED,2026-03-08 23:12:00,2026-03-08 20:12:00,,,,,,,,,,,1,,,,,,,,,,,,,2026-03-08 23:16:00,2026-03-08 20:16:00,swing_break
104,1,,BUY,1.16065,1.16114,2026-03-10 22:38:00,2026-03-10 19:38:00,H4_OB_BREACHED,2026-03-10 22:40:00,2026-03-10 19:40:00,,,,,,,,,,,,,,,,,,,,,,,,2026-03-10 22:40:00,2026-03-10 19:40:00,swing_break
106,1,,BUY,1.16024,1.16104,2026-03-11 11:27:00,2026-03-11 08:27:00,ENTERED,2026-03-11 11:30:00,2026-03-11 08:30:00,2026-03-11 11:50:00,2026-03-11 08:50:00,2026-03-11 11:57:00,2026-03-11 08:57:00,1.16078,Wednesday,11:57,1.16032,0.00046,1.16216,2,SL,2026-03-11 12:01:00,2026-03-11 09:01:00,1.16032,4,5.7,6.7,1.16135,1.16011,1.24,1.46,-1.00,,,
108,1,,BUY,1.15315,1.15328,2026-03-12 15:46:00,2026-03-12 12:46:00,ENTERED,2026-03-12 15:49:00,2026-03-12 12:49:00,2026-03-12 15:40:00,2026-03-12 12:40:00,2026-03-12 15:49:00,2026-03-12 12:49:00,1.15373,Thursday,15:49,1.15322,0.00051,1.15526,0,SL,2026-03-12 16:16:00,2026-03-12 13:16:00,1.15322,27,12.7,5.2,1.15500,1.15321,2.49,1.02,-1.00,,,
112,1,,BUY,1.14089,1.14138,2026-03-16 10:40:00,2026-03-16 07:40:00,ENTERED,2026-03-16 10:45:00,2026-03-16 07:45:00,2026-03-16 11:10:00,2026-03-16 08:10:00,2026-03-16 11:22:00,2026-03-16 08:22:00,1.14342,Monday,11:22,1.14138,0.00204,1.14954,1,TP,2026-03-16 16:54:00,2026-03-16 13:54:00,1.14954,332,62.7,0.0,1.14969,1.14342,3.07,0.00,3.00,,,
116,1,,BUY,1.15174,1.15320,2026-03-19 16:54:00,2026-03-19 13:54:00,ENTERED,2026-03-19 17:20:00,2026-03-19 14:20:00,2026-03-19 17:20:00,2026-03-19 14:20:00,2026-03-19 17:35:00,2026-03-19 14:35:00,1.15166,Thursday,17:35,1.15003,0.00163,1.15655,1,SL,2026-03-19 18:42:00,2026-03-19 15:42:00,1.15003,67,21.8,16.3,1.15384,1.15003,1.34,1.00,-1.00,,,
116,2,,BUY,1.15174,1.15320,2026-03-19 16:54:00,2026-03-19 13:54:00,ENTERED,2026-03-19 18:50:00,2026-03-19 15:50:00,2026-03-19 19:40:00,2026-03-19 16:40:00,2026-03-19 19:58:00,2026-03-19 16:58:00,1.15353,Thursday,19:58,1.14982,0.00371,1.16466,3,SL,2026-03-23 12:44:00,2026-03-23 09:44:00,1.14982,5326,80.6,37.5,1.16159,1.14978,2.17,1.01,-1.00,,,
119,1,,BUY,1.14494,1.14514,2026-03-19 10:57:00,2026-03-19 07:57:00,H4_OB_BREACHED,2026-03-19 11:15:00,2026-03-19 08:15:00,,,,,,,,,,,,,,,,,,,,,,,,2026-03-19 11:06:00,2026-03-19 08:06:00,swing_break
124,1,,BUY,1.15242,1.15589,2026-03-22 21:23:00,2026-03-22 18:23:00,ENTERED,2026-03-22 21:41:00,2026-03-22 18:41:00,2026-03-22 22:10:00,2026-03-22 19:10:00,2026-03-22 22:21:00,2026-03-22 19:21:00,1.15387,Sunday,22:21,1.15351,0.00036,1.15495,2,SL,2026-03-22 23:13:00,2026-03-22 20:13:00,1.15351,52,3.9,5.0,1.15426,1.15337,1.08,1.39,-1.00,,,
124,2,,BUY,1.15242,1.15589,2026-03-22 21:23:00,2026-03-22 18:23:00,ENTERED,2026-03-22 23:21:00,2026-03-22 20:21:00,2026-03-22 23:20:00,2026-03-22 20:20:00,2026-03-22 23:53:00,2026-03-22 20:53:00,1.15357,Sunday,23:53,1.15337,0.00020,1.15417,1,SL,2026-03-23 00:05:00,2026-03-22 21:05:00,1.15337,12,1.8,3.6,1.15375,1.15321,0.90,1.80,-1.00,,,
131,1,,BUY,1.15666,1.15824,2026-03-24 20:05:00,2026-03-24 17:05:00,H4_OB_BREACHED,2026-03-24 20:15:00,2026-03-24 17:15:00,,,,,,,,,,,,,,,,,,,,,,,,2026-03-24 20:06:00,2026-03-24 17:06:00,swing_break
132,1,,BUY,1.15566,1.15824,2026-03-25 16:31:00,2026-03-25 13:31:00,ENTERED,2026-03-25 16:57:00,2026-03-25 13:57:00,2026-03-25 17:20:00,2026-03-25 14:20:00,2026-03-25 17:30:00,2026-03-25 14:30:00,1.15827,Wednesday,17:30,1.15661,0.00166,1.16325,1,SL,2026-03-25 18:17:00,2026-03-25 15:17:00,1.15661,47,6.3,17.4,1.15890,1.15653,0.38,1.05,-1.00,,,
132,2,,BUY,1.15566,1.15824,2026-03-25 16:31:00,2026-03-25 13:31:00,ENTERED,2026-03-25 18:29:00,2026-03-25 15:29:00,2026-03-25 18:50:00,2026-03-25 15:50:00,2026-03-25 18:55:00,2026-03-25 15:55:00,1.15686,Wednesday,18:55,1.15625,0.00061,1.15869,2,SL,2026-03-25 19:05:00,2026-03-25 16:05:00,1.15625,10,4.4,7.1,1.15730,1.15615,0.72,1.16,-1.00,,,
134,1,,BUY,1.15537,1.15578,2026-03-26 09:14:00,2026-03-26 06:14:00,H4_OB_BREACHED,2026-03-26 09:25:00,2026-03-26 06:25:00,,,,,,,,,,,,,,,,,,,,,,,,2026-03-26 09:15:00,2026-03-26 06:15:00,swing_break
136,1,,BUY,1.15191,1.15252,2026-03-27 10:27:00,2026-03-27 07:27:00,ENTERED,2026-03-27 10:38:00,2026-03-27 07:38:00,2026-03-27 10:35:00,2026-03-27 07:35:00,2026-03-27 10:47:00,2026-03-27 07:47:00,1.15245,Friday,10:47,1.15204,0.00041,1.15368,1,SL,2026-03-27 10:56:00,2026-03-27 07:56:00,1.15204,9,1.4,4.8,1.15259,1.15197,0.34,1.17,-1.00,,,
138,1,,BUY,1.15014,1.15147,2026-03-27 20:15:00,2026-03-27 17:15:00,ENTERED,2026-03-27 20:45:00,2026-03-27 17:45:00,2026-03-27 20:50:00,2026-03-27 17:50:00,2026-03-27 21:01:00,2026-03-27 18:01:00,1.15141,Friday,21:01,1.15059,0.00082,1.15387,1,SL,2026-03-29 21:44:00,2026-03-29 18:44:00,1.15059,2923,6.2,8.9,1.15203,1.15052,0.76,1.09,-1.00,,,
155,1,,BUY,1.16771,1.16856,2026-04-12 22:00:00,2026-04-12 19:00:00,H4_OB_BREACHED,2026-04-12 22:15:00,2026-04-12 19:15:00,,,,,,,,,,,,,,,,,,,,,,,,2026-04-12 22:01:00,2026-04-12 19:01:00,swing_break
157,1,,BUY,1.16573,1.16692,2026-04-23 20:45:00,2026-04-23 17:45:00,H4_OB_BREACHED,2026-04-23 20:53:00,2026-04-23 17:53:00,,,,,,,,,,,,,,,,,,,,,,,,2026-04-23 20:46:00,2026-04-23 17:46:00,swing_break
161,1,,BUY,1.17785,1.17882,2026-04-15 12:02:00,2026-04-15 09:02:00,H4_OB_BREACHED,2026-04-15 12:15:00,2026-04-15 09:15:00,,,,,,,,,,,,,,,,,,,,,,,,2026-04-15 12:11:00,2026-04-15 09:11:00,swing_break
162,1,,BUY,1.17716,1.17877,2026-04-16 11:07:00,2026-04-16 08:07:00,ENTERED,2026-04-16 11:30:00,2026-04-16 08:30:00,2026-04-16 11:30:00,2026-04-16 08:30:00,2026-04-16 11:40:00,2026-04-16 08:40:00,1.17817,Thursday,11:40,1.17761,0.00056,1.17985,1,SL,2026-04-16 13:04:00,2026-04-16 10:04:00,1.17761,84,6.3,7.2,1.17880,1.17745,1.13,1.29,-1.00,,,
164,1,,BUY,1.17665,1.17746,2026-04-17 04:28:00,2026-04-17 01:28:00,ENTERED,2026-04-17 04:31:00,2026-04-17 01:31:00,2026-04-17 04:30:00,2026-04-17 01:30:00,2026-04-17 04:46:00,2026-04-17 01:46:00,1.17771,Friday,04:46,1.17742,0.00029,1.17858,1,SL,2026-04-17 05:09:00,2026-04-17 02:09:00,1.17742,23,0.1,3.0,1.17772,1.17741,0.03,1.03,-1.00,,,
164,2,,BUY,1.17665,1.17746,2026-04-17 04:28:00,2026-04-17 01:28:00,ENTERED,2026-04-17 05:15:00,2026-04-17 02:15:00,2026-04-17 05:25:00,2026-04-17 02:25:00,2026-04-17 05:37:00,2026-04-17 02:37:00,1.17759,Friday,05:37,1.17726,0.00033,1.17858,1,SL,2026-04-17 09:36:00,2026-04-17 06:36:00,1.17726,239,9.0,3.4,1.17849,1.17725,2.73,1.03,-1.00,,,
164,3,,BUY,1.17665,1.17746,2026-04-17 04:28:00,2026-04-17 01:28:00,ENTERED,2026-04-17 09:45:00,2026-04-17 06:45:00,2026-04-17 09:50:00,2026-04-17 06:50:00,2026-04-17 10:00:00,2026-04-17 07:00:00,1.17779,Friday,10:00,1.17719,0.00060,1.17959,1,TP,2026-04-17 12:04:00,2026-04-17 09:04:00,1.17959,124,18.2,3.2,1.17961,1.17747,3.03,0.53,3.00,,,
165,1,,BUY,1.17719,1.17824,2026-04-17 21:49:00,2026-04-17 18:49:00,H4_OB_BREACHED,2026-04-17 22:02:00,2026-04-17 19:02:00,,,,,,,,,,,1,,,,,,,,,,,,,2026-04-17 22:36:00,2026-04-17 19:36:00,swing_break
167,1,,BUY,1.17274,1.17354,2026-04-21 20:05:00,2026-04-21 17:05:00,H4_OB_BREACHED,2026-04-21 20:25:00,2026-04-21 17:25:00,,,,,,,,,,,,,,,,,,,,,,,,2026-04-21 20:06:00,2026-04-21 17:06:00,swing_break
168,1,,BUY,1.17467,1.17587,2026-04-21 11:05:00,2026-04-21 08:05:00,ENTERED,2026-04-21 11:20:00,2026-04-21 08:20:00,2026-04-21 11:30:00,2026-04-21 08:30:00,2026-04-21 11:43:00,2026-04-21 08:43:00,1.17661,Tuesday,11:43,1.17566,0.00095,1.17946,1,SL,2026-04-21 12:29:00,2026-04-21 09:29:00,1.17566,46,0.0,9.6,1.17661,1.17565,0.00,1.01,-1.00,,,
168,2,,BUY,1.17467,1.17587,2026-04-21 11:05:00,2026-04-21 08:05:00,ENTERED,2026-04-21 12:31:00,2026-04-21 09:31:00,2026-04-21 12:30:00,2026-04-21 09:30:00,2026-04-21 12:44:00,2026-04-21 09:44:00,1.17594,Tuesday,12:44,1.17565,0.00029,1.17681,1,SL,2026-04-21 12:49:00,2026-04-21 09:49:00,1.17565,5,0.4,3.1,1.17598,1.17563,0.14,1.07,-1.00,,,
168,3,,BUY,1.17467,1.17587,2026-04-21 11:05:00,2026-04-21 08:05:00,ENTERED,2026-04-21 12:54:00,2026-04-21 09:54:00,2026-04-21 12:40:00,2026-04-21 09:40:00,2026-04-21 12:55:00,2026-04-21 09:55:00,1.17602,Tuesday,12:55,1.17562,0.00040,1.17722,0,SL,2026-04-21 13:17:00,2026-04-21 10:17:00,1.17562,22,1.8,4.0,1.17620,1.17562,0.45,1.00,-1.00,,,
168,4,,BUY,1.17467,1.17587,2026-04-21 11:05:00,2026-04-21 08:05:00,ENTERED,2026-04-21 13:31:00,2026-04-21 10:31:00,2026-04-21 13:35:00,2026-04-21 10:35:00,2026-04-21 13:45:00,2026-04-21 10:45:00,1.17605,Tuesday,13:45,1.17561,0.00044,1.17737,1,SL,2026-04-21 14:09:00,2026-04-21 11:09:00,1.17561,24,2.0,4.7,1.17625,1.17558,0.45,1.07,-1.00,,,
168,5,,BUY,1.17467,1.17587,2026-04-21 11:05:00,2026-04-21 08:05:00,ENTERED,2026-04-21 14:15:00,2026-04-21 11:15:00,2026-04-21 14:05:00,2026-04-21 11:05:00,2026-04-21 14:21:00,2026-04-21 11:21:00,1.17625,Tuesday,14:21,1.17558,0.00067,1.17826,0,SL,2026-04-21 15:30:00,2026-04-21 12:30:00,1.17558,69,5.6,7.3,1.17681,1.17552,0.84,1.09,-1.00,,,
168,6,,BUY,1.17467,1.17587,2026-04-21 11:05:00,2026-04-21 08:05:00,ENTERED,2026-04-21 15:35:00,2026-04-21 12:35:00,2026-04-21 16:15:00,2026-04-21 13:15:00,2026-04-21 16:20:00,2026-04-21 13:20:00,1.17634,Tuesday,16:20,1.17537,0.00097,1.17925,2,SL,2026-04-21 17:57:00,2026-04-21 14:57:00,1.17537,97,12.2,11.6,1.17756,1.17518,1.26,1.20,-1.00,,,
168,7,,BUY,1.17467,1.17587,2026-04-21 11:05:00,2026-04-21 08:05:00,ENTERED,2026-04-21 18:05:00,2026-04-21 15:05:00,2026-04-21 18:10:00,2026-04-21 15:10:00,2026-04-21 18:18:00,2026-04-21 15:18:00,1.17589,Tuesday,18:18,1.17481,0.00108,1.17913,1,SL,2026-04-21 18:27:00,2026-04-21 15:27:00,1.17481,9,0.0,12.2,1.17589,1.17467,0.00,1.13,-1.00,,,
171,1,,BUY,1.17184,1.17412,2026-04-22 14:41:00,2026-04-22 11:41:00,ENTERED,2026-04-22 15:01:00,2026-04-22 12:01:00,2026-04-22 15:40:00,2026-04-22 12:40:00,2026-04-22 15:47:00,2026-04-22 12:47:00,1.17280,Wednesday,15:47,1.17246,0.00034,1.17382,3,SL,2026-04-22 16:08:00,2026-04-22 13:08:00,1.17246,21,2.2,3.6,1.17302,1.17244,0.65,1.06,-1.00,,,
173,1,,BUY,1.16786,1.16916,2026-04-23 20:10:00,2026-04-23 17:10:00,H4_OB_BREACHED,2026-04-23 20:26:00,2026-04-23 17:26:00,,,,,,,,,,,,,,,,,,,,,,,,2026-04-23 20:19:00,2026-04-23 17:19:00,swing_break
225,1,,SELL,1.16717,1.16854,2026-08-19 17:29:00,2026-08-19 14:29:00,H4_OB_BREACHED,2026-08-19 17:47:00,2026-08-19 14:47:00,,,,,,,,,,,,,,,,,,,,,,,,2026-08-19 17:30:00,2026-08-19 14:30:00,swing_break
234,1,,BUY,1.15055,1.15072,2026-06-08 12:09:00,2026-06-08 09:09:00,H4_OB_BREACHED,2026-06-08 12:16:00,2026-06-08 09:16:00,,,,,,,,,,,,,,,,,,,,,,,,2026-06-08 12:12:00,2026-06-08 09:12:00,swing_break
238,1,,BUY,1.15266,1.15309,2026-06-09 19:40:00,2026-06-09 16:40:00,ENTERED,2026-06-09 19:47:00,2026-06-09 16:47:00,2026-06-09 20:00:00,2026-06-09 17:00:00,2026-06-09 20:19:00,2026-06-09 17:19:00,1.15448,Tuesday,20:19,1.15281,0.00167,1.15949,1,SL,2026-06-11 01:06:00,2026-06-10 22:06:00,1.15281,1727,28.0,16.7,1.15728,1.15281,1.68,1.00,-1.00,,,
238,2,,BUY,1.15266,1.15309,2026-06-09 19:40:00,2026-06-09 16:40:00,ENTERED,2026-06-11 01:15:00,2026-06-10 22:15:00,2026-06-11 01:15:00,2026-06-10 22:15:00,2026-06-11 01:25:00,2026-06-10 22:25:00,1.15302,Thursday,01:25,1.15278,0.00024,1.15374,1,SL,2026-06-11 02:00:00,2026-06-10 23:00:00,1.15278,35,6.0,2.7,1.15362,1.15275,2.50,1.12,-1.00,,,
241,1,,BUY,1.15351,1.15481,2026-06-10 18:48:00,2026-06-10 15:48:00,ENTERED,2026-06-10 19:00:00,2026-06-10 16:00:00,2026-06-10 18:35:00,2026-06-10 15:35:00,2026-06-10 19:14:00,2026-06-10 16:14:00,1.15565,Wednesday,19:14,1.15339,0.00226,1.16243,0,SL,2026-06-11 00:00:00,2026-06-10 21:00:00,1.15339,286,2.7,23.0,1.15592,1.15335,0.12,1.02,-1.00,,,
243,1,,BUY,1.15252,1.15351,2026-06-11 11:48:00,2026-06-11 08:48:00,H4_OB_BREACHED,2026-06-11 12:13:00,2026-06-11 09:13:00,,,,,,,,,,,,,,,,,,,,,,,,2026-06-11 12:00:00,2026-06-11 09:00:00,h4_close
253,1,,BUY,1.14775,1.15007,2026-06-18 11:29:00,2026-06-18 08:29:00,H4_OB_BREACHED,2026-06-18 12:15:00,2026-06-18 09:15:00,,,,,,,,,,,,,,,,,,,,,,,,2026-06-18 12:00:00,2026-06-18 09:00:00,h4_close
255,1,,BUY,1.14529,1.14690,2026-06-18 21:02:00,2026-06-18 18:02:00,ENTERED,2026-06-18 21:05:00,2026-06-18 18:05:00,2026-06-18 21:10:00,2026-06-18 18:10:00,2026-06-18 21:25:00,2026-06-18 18:25:00,1.14650,Thursday,21:25,1.14600,0.00050,1.14800,1,SL,2026-06-18 21:49:00,2026-06-18 18:49:00,1.14600,24,0.3,5.7,1.14653,1.14593,0.06,1.14,-1.00,,,
257,1,,BUY,1.14175,1.14283,2026-06-22 16:59:00,2026-06-22 13:59:00,H4_OB_BREACHED,2026-06-22 17:07:00,2026-06-22 14:07:00,,,,,,,,,,,,,,,,,,,,,,,,2026-06-22 17:00:00,2026-06-22 14:00:00,swing_break
258,1,,BUY,1.14489,1.14535,2026-06-22 07:06:00,2026-06-22 04:06:00,ENTERED,2026-06-22 07:12:00,2026-06-22 04:12:00,2026-06-22 07:25:00,2026-06-22 04:25:00,2026-06-22 07:39:00,2026-06-22 04:39:00,1.14562,Monday,07:39,1.14526,0.00036,1.14670,1,SL,2026-06-22 09:00:00,2026-06-22 06:00:00,1.14526,81,6.3,3.6,1.14625,1.14526,1.75,1.00,-1.00,,,
258,2,,BUY,1.14489,1.14535,2026-06-22 07:06:00,2026-06-22 04:06:00,ENTERED,2026-06-22 09:07:00,2026-06-22 06:07:00,2026-06-22 09:15:00,2026-06-22 06:15:00,2026-06-22 09:25:00,2026-06-22 06:25:00,1.14575,Monday,09:25,1.14526,0.00049,1.14722,1,SL,2026-06-22 09:45:00,2026-06-22 06:45:00,1.14526,20,2.1,4.9,1.14596,1.14526,0.43,1.00,-1.00,,,
258,3,,BUY,1.14489,1.14535,2026-06-22 07:06:00,2026-06-22 04:06:00,ENTERED,2026-06-22 09:50:00,2026-06-22 06:50:00,2026-06-22 09:25:00,2026-06-22 06:25:00,2026-06-22 09:55:00,2026-06-22 06:55:00,1.14596,Monday,09:55,1.14520,0.00076,1.14824,0,SL,2026-06-22 10:29:00,2026-06-22 07:29:00,1.14520,34,3.0,8.0,1.14626,1.14516,0.39,1.05,-1.00,,,
260,1,,BUY,1.14412,1.14506,2026-06-22 16:00:00,2026-06-22 13:00:00,H4_OB_BREACHED,2026-06-22 16:35:00,2026-06-22 13:35:00,,,,,,,,,,,,,,,,,,,,,,,,2026-06-22 16:01:00,2026-06-22 13:01:00,swing_break
263,1,,BUY,1.14183,1.14206,2026-06-26 15:57:00,2026-06-26 12:57:00,ENTERED,2026-06-26 16:21:00,2026-06-26 13:21:00,2026-06-26 16:40:00,2026-06-26 13:40:00,2026-06-26 16:59:00,2026-06-26 13:59:00,1.14243,Friday,16:59,1.14113,0.00130,1.14633,1,SL,2026-06-26 17:41:00,2026-06-26 14:41:00,1.14113,42,4.0,13.2,1.14283,1.14111,0.31,1.02,-1.00,,,
263,2,,BUY,1.14183,1.14206,2026-06-26 15:57:00,2026-06-26 12:57:00,ENTERED,2026-06-26 17:47:00,2026-06-26 14:47:00,2026-06-26 18:30:00,2026-06-26 15:30:00,2026-06-26 18:47:00,2026-06-26 15:47:00,1.14063,Friday,18:47,1.13918,0.00145,1.14498,2,SL,2026-06-26 19:23:00,2026-06-26 16:23:00,1.13918,36,1.4,15.0,1.14077,1.13913,0.10,1.03,-1.00,,,
263,3,,BUY,1.14183,1.14206,2026-06-26 15:57:00,2026-06-26 12:57:00,ENTERED,2026-06-26 19:30:00,2026-06-26 16:30:00,2026-06-26 19:40:00,2026-06-26 16:40:00,2026-06-26 19:54:00,2026-06-26 16:54:00,1.13901,Friday,19:54,1.13826,0.00075,1.14126,2,SL,2026-06-26 22:21:00,2026-06-26 19:21:00,1.13826,147,2.7,7.6,1.13928,1.13825,0.36,1.01,-1.00,,,
267,1,,BUY,1.13472,1.13531,2026-06-25 09:56:00,2026-06-25 06:56:00,ENTERED,2026-06-25 10:00:00,2026-06-25 07:00:00,2026-06-25 09:45:00,2026-06-25 06:45:00,2026-06-25 10:05:00,2026-06-25 07:05:00,1.13584,Thursday,10:05,1.13519,0.00065,1.13779,0,SL,2026-06-25 10:13:00,2026-06-25 07:13:00,1.13519,8,1.7,7.5,1.13601,1.13509,0.26,1.15,-1.00,,,
269,1,,BUY,1.13444,1.13668,2026-06-25 13:52:00,2026-06-25 10:52:00,H4_OB_BREACHED,2026-06-25 14:00:00,2026-06-25 11:00:00,,,,,,,,,,,,,,,,,,,,,,,,2026-06-25 13:53:00,2026-06-25 10:53:00,swing_break
276,1,,BUY,1.13823,1.13886,2026-07-01 12:39:00,2026-07-01 09:39:00,ENTERED,2026-07-01 12:57:00,2026-07-01 09:57:00,2026-07-01 12:55:00,2026-07-01 09:55:00,2026-07-01 13:06:00,2026-07-01 10:06:00,1.13888,Wednesday,13:06,1.13848,0.00040,1.14008,1,SL,2026-07-01 14:57:00,2026-07-01 11:57:00,1.13848,111,11.3,4.3,1.14001,1.13845,2.83,1.07,-1.00,,,
286,1,,BUY,1.13980,1.14077,2026-07-08 12:11:00,2026-07-08 09:11:00,H4_OB_BREACHED,2026-07-08 12:17:00,2026-07-08 09:17:00,,,,,,,,,,,,,,,,,,,,,,,,2026-07-08 12:12:00,2026-07-08 09:12:00,swing_break
290,1,,BUY,1.14206,1.14245,2026-07-10 15:46:00,2026-07-10 12:46:00,H4_OB_BREACHED,2026-07-10 15:56:00,2026-07-10 12:56:00,,,,,,,,,,,1,,,,,,,,,,,,,2026-07-10 16:08:00,2026-07-10 13:08:00,swing_break
292,1,,BUY,1.13839,1.13950,2026-07-13 19:25:00,2026-07-13 16:25:00,H4_OB_BREACHED,2026-07-13 19:41:00,2026-07-13 16:41:00,,,,,,,,,,,,,,,,,,,,,,,,2026-07-13 19:34:00,2026-07-13 16:34:00,swing_break
301,1,,BUY,1.14343,1.14357,2026-07-17 13:19:00,2026-07-17 10:19:00,H4_OB_BREACHED,2026-07-17 13:30:00,2026-07-17 10:30:00,,,,,,,,,,,,,,,,,,,,,,,,2026-07-17 13:23:00,2026-07-17 10:23:00,swing_break
303,1,,BUY,1.14240,1.14287,2026-07-19 22:02:00,2026-07-19 19:02:00,H4_OB_BREACHED,2026-07-19 22:49:00,2026-07-19 19:49:00,,,,,,,,,,,1,,,,,,,,,,,,,2026-07-19 22:57:00,2026-07-19 19:57:00,swing_break
316,1,,BUY,1.13645,1.13694,2026-07-27 17:33:00,2026-07-27 14:33:00,ENTERED,2026-07-27 17:37:00,2026-07-27 14:37:00,2026-07-27 18:00:00,2026-07-27 15:00:00,2026-07-27 18:19:00,2026-07-27 15:19:00,1.13729,Monday,18:19,1.13680,0.00049,1.13876,2,SL,2026-07-27 21:40:00,2026-07-27 18:40:00,1.13680,201,11.9,5.0,1.13848,1.13679,2.43,1.02,-1.00,,,
316,2,,BUY,1.13645,1.13694,2026-07-27 17:33:00,2026-07-27 14:33:00,ENTERED,2026-07-27 21:41:00,2026-07-27 18:41:00,2026-07-27 22:10:00,2026-07-27 19:10:00,2026-07-27 22:24:00,2026-07-27 19:24:00,1.13690,Monday,22:24,1.13669,0.00021,1.13753,3,SL,2026-07-27 23:43:00,2026-07-27 20:43:00,1.13669,79,3.9,2.1,1.13729,1.13669,1.86,1.00,-1.00,,,
319,1,,BUY,1.13639,1.13666,2026-07-28 08:06:00,2026-07-28 05:06:00,H4_OB_BREACHED,2026-07-28 08:28:00,2026-07-28 05:28:00,,,,,,,,,,,,,,,,,,,,,,,,2026-07-28 08:07:00,2026-07-28 05:07:00,swing_break
331,1,,BUY,1.15018,1.15051,2026-08-04 12:07:00,2026-08-04 09:07:00,ENTERED,2026-08-04 12:12:00,2026-08-04 09:12:00,2026-08-04 11:40:00,2026-08-04 08:40:00,2026-08-04 12:28:00,2026-08-04 09:28:00,1.15105,Tuesday,12:28,1.15029,0.00076,1.15333,0,TP,2026-08-04 21:57:00,2026-08-04 18:57:00,1.15333,569,22.9,5.4,1.15334,1.15051,3.01,0.71,3.00,,,
338,1,,BUY,1.15476,1.15510,2026-08-10 14:48:00,2026-08-10 11:48:00,ENTERED,2026-08-10 14:57:00,2026-08-10 11:57:00,2026-08-10 14:40:00,2026-08-10 11:40:00,2026-08-10 15:07:00,2026-08-10 12:07:00,1.15527,Monday,15:07,1.15486,0.00041,1.15650,0,SL,2026-08-10 15:25:00,2026-08-10 12:25:00,1.15486,18,2.0,4.1,1.15547,1.15486,0.49,1.00,-1.00,,,
340,1,,BUY,1.15385,1.15407,2026-08-11 05:55:00,2026-08-11 02:55:00,H4_OB_BREACHED,2026-08-11 06:01:00,2026-08-11 03:01:00,,,,,,,,,,,,,,,,,,,,,,,,2026-08-11 05:56:00,2026-08-11 02:56:00,swing_break
342,1,,BUY,1.15310,1.15358,2026-08-11 20:09:00,2026-08-11 17:09:00,ENTERED,2026-08-11 20:17:00,2026-08-11 17:17:00,2026-08-11 20:20:00,2026-08-11 17:20:00,2026-08-11 20:43:00,2026-08-11 17:43:00,1.15375,Tuesday,20:43,1.15339,0.00036,1.15483,1,SL,2026-08-12 07:12:00,2026-08-12 04:12:00,1.15339,629,6.8,3.6,1.15443,1.15339,1.89,1.00,-1.00,,,
342,2,,BUY,1.15310,1.15358,2026-08-11 20:09:00,2026-08-11 17:09:00,ENTERED,2026-08-12 07:27:00,2026-08-12 04:27:00,2026-08-12 07:40:00,2026-08-12 04:40:00,2026-08-12 07:57:00,2026-08-12 04:57:00,1.15359,Wednesday,07:57,1.15324,0.00035,1.15464,1,SL,2026-08-12 08:17:00,2026-08-12 05:17:00,1.15324,20,0.0,3.5,1.15359,1.15324,0.00,1.00,-1.00,,,
343,1,,BUY,1.15339,1.15391,2026-08-12 04:03:00,2026-08-12 01:03:00,ENTERED,2026-08-12 04:16:00,2026-08-12 01:16:00,2026-08-12 04:15:00,2026-08-12 01:15:00,2026-08-12 04:30:00,2026-08-12 01:30:00,1.15383,Wednesday,04:30,1.15362,0.00021,1.15446,1,SL,2026-08-12 05:15:00,2026-08-12 02:15:00,1.15362,45,1.7,3.0,1.15400,1.15353,0.81,1.43,-1.00,,,
343,2,,BUY,1.15339,1.15391,2026-08-12 04:03:00,2026-08-12 01:03:00,ENTERED,2026-08-12 05:20:00,2026-08-12 02:20:00,2026-08-12 05:10:00,2026-08-12 02:10:00,2026-08-12 05:32:00,2026-08-12 02:32:00,1.15380,Wednesday,05:32,1.15348,0.00032,1.15476,0,SL,2026-08-12 06:53:00,2026-08-12 03:53:00,1.15348,81,1.7,3.2,1.15397,1.15348,0.53,1.00,-1.00,,,
345,1,,BUY,1.15318,1.15354,2026-08-12 19:20:00,2026-08-12 16:20:00,H4_OB_BREACHED,2026-08-12 19:28:00,2026-08-12 16:28:00,,,,,,,,,,,,,,,,,,,,,,,,2026-08-12 19:21:00,2026-08-12 16:21:00,swing_break
347,1,,BUY,1.15194,1.15212,2026-08-13 05:36:00,2026-08-13 02:36:00,H4_OB_BREACHED,2026-08-13 05:44:00,2026-08-13 02:44:00,,,,,,,,,,,,,,,,,,,,,,,,2026-08-13 05:39:00,2026-08-13 02:39:00,swing_break
351,1,,SELL,1.15707,1.15851,2026-08-17 01:35:00,2026-08-16 22:35:00,ENTERED,2026-08-17 01:47:00,2026-08-16 22:47:00,2026-08-17 02:05:00,2026-08-16 23:05:00,2026-08-17 02:22:00,2026-08-16 23:22:00,1.15737,Monday,02:22,1.15749,0.00012,1.15701,2,SL,2026-08-17 02:45:00,2026-08-16 23:45:00,1.15749,23,0.4,1.5,1.15733,1.15752,0.33,1.25,-1.00,,,
351,2,,SELL,1.15707,1.15851,2026-08-17 01:35:00,2026-08-16 22:35:00,ENTERED,2026-08-17 02:50:00,2026-08-16 23:50:00,2026-08-17 02:30:00,2026-08-16 23:30:00,2026-08-17 02:53:00,2026-08-16 23:53:00,1.15733,Monday,02:53,1.15754,0.00021,1.15670,0,SL,2026-08-17 03:00:00,2026-08-17 00:00:00,1.15754,7,1.3,2.1,1.15720,1.15754,0.62,1.00,-1.00,,,
351,3,,SELL,1.15707,1.15851,2026-08-17 01:35:00,2026-08-16 22:35:00,ENTERED,2026-08-17 03:16:00,2026-08-17 00:16:00,2026-08-17 03:15:00,2026-08-17 00:15:00,2026-08-17 03:20:00,2026-08-17 00:20:00,1.15780,Monday,03:20,1.15798,0.00018,1.15726,1,SL,2026-08-17 03:25:00,2026-08-17 00:25:00,1.15798,5,0.3,1.9,1.15777,1.15799,0.17,1.06,-1.00,,,
351,4,,SELL,1.15707,1.15851,2026-08-17 01:35:00,2026-08-16 22:35:00,ENTERED,2026-08-17 03:37:00,2026-08-17 00:37:00,2026-08-17 03:35:00,2026-08-17 00:35:00,2026-08-17 03:51:00,2026-08-17 00:51:00,1.15779,Monday,03:51,1.15805,0.00026,1.15701,1,SL,2026-08-17 04:00:00,2026-08-17 01:00:00,1.15805,9,0.0,2.6,1.15779,1.15805,0.00,1.00,-1.00,,,
353,1,,SELL,1.15984,1.16138,2026-08-19 11:06:00,2026-08-19 08:06:00,H4_OB_BREACHED,2026-08-19 11:20:00,2026-08-19 08:20:00,,,,,,,,,,,,,,,,,,,,,,,,2026-08-19 11:07:00,2026-08-19 08:07:00,swing_break
354,1,,SELL,1.15821,1.15855,2026-08-18 16:38:00,2026-08-18 13:38:00,H4_OB_BREACHED,2026-08-18 16:45:00,2026-08-18 13:45:00,,,,,,,,,,,,,,,,,,,,,,,,2026-08-18 16:39:00,2026-08-18 13:39:00,swing_break
355,1,,BUY,1.15663,1.15710,2026-08-18 16:30:00,2026-08-18 13:30:00,ENTERED,2026-08-18 16:32:00,2026-08-18 13:32:00,2026-08-18 16:00:00,2026-08-18 13:00:00,2026-08-18 16:34:00,2026-08-18 13:34:00,1.15791,Tuesday,16:34,1.15700,0.00091,1.16064,0,SL,2026-08-19 04:17:00,2026-08-19 01:17:00,1.15700,703,8.8,9.4,1.15879,1.15697,0.97,1.03,-1.00,,,
355,2,,BUY,1.15663,1.15710,2026-08-18 16:30:00,2026-08-18 13:30:00,ENTERED,2026-08-19 04:23:00,2026-08-19 01:23:00,2026-08-19 04:40:00,2026-08-19 01:40:00,2026-08-19 04:58:00,2026-08-19 01:58:00,1.15772,Wednesday,04:58,1.15697,0.00075,1.15997,1,TP,2026-08-19 11:07:00,2026-08-19 08:07:00,1.15997,369,23.3,1.1,1.16005,1.15761,3.11,0.15,3.00,,,
356,1,,BUY,1.15700,1.15736,2026-08-19 04:02:00,2026-08-19 01:02:00,H4_OB_BREACHED,2026-08-19 04:23:00,2026-08-19 01:23:00,,,,,,,,,,,,,,,,,,,,,,,,2026-08-19 04:17:00,2026-08-19 01:17:00,swing_break
357,1,,SELL,1.15793,1.15879,2026-08-28 19:16:00,2026-08-28 16:16:00,ENTERED,2026-08-28 19:41:00,2026-08-28 16:41:00,2026-08-28 19:40:00,2026-08-28 16:40:00,2026-08-28 19:55:00,2026-08-28 16:55:00,1.15845,Friday,19:55,1.15895,0.00050,1.15695,1,SL,2026-08-31 03:00:00,2026-08-31 00:00:00,1.15895,3305,10.4,6.3,1.15741,1.15908,2.08,1.26,-1.00,,,
359,1,,BUY,1.16695,1.16726,2026-08-20 17:11:00,2026-08-20 14:11:00,ENTERED,2026-08-20 17:20:00,2026-08-20 14:20:00,2026-08-20 16:55:00,2026-08-20 13:55:00,2026-08-20 17:32:00,2026-08-20 14:32:00,1.16806,Thursday,17:32,1.16703,0.00103,1.17115,0,SL,2026-08-20 19:32:00,2026-08-20 16:32:00,1.16703,120,12.8,10.5,1.16934,1.16701,1.24,1.02,-1.00,,,
360,1,,SELL,1.16982,1.17101,2026-08-21 05:46:00,2026-08-21 02:46:00,ENTERED,2026-08-21 05:55:00,2026-08-21 02:55:00,2026-08-21 06:05:00,2026-08-21 03:05:00,2026-08-21 06:27:00,2026-08-21 03:27:00,1.16948,Friday,06:27,1.17004,0.00056,1.16780,1,SL,2026-08-21 11:42:00,2026-08-21 08:42:00,1.17004,315,8.5,6.8,1.16863,1.17016,1.52,1.21,-1.00,,,
361,1,,BUY,1.16689,1.16728,2026-08-24 10:13:00,2026-08-24 07:13:00,H4_OB_BREACHED,2026-08-24 10:20:00,2026-08-24 07:20:00,,,,,,,,,,,1,,,,,,,,,,,,,2026-08-24 10:43:00,2026-08-24 07:43:00,swing_break
362,1,,BUY,1.16689,1.16728,2026-08-21 17:29:00,2026-08-21 14:29:00,H4_OB_BREACHED,2026-08-21 17:43:00,2026-08-21 14:43:00,,,,,,,,,,,,,,,,,,,,,,,,2026-08-21 17:38:00,2026-08-21 14:38:00,swing_break
364,1,,BUY,1.16684,1.16813,2026-08-24 09:21:00,2026-08-24 06:21:00,ENTERED,2026-08-24 09:30:00,2026-08-24 06:30:00,2026-08-24 09:35:00,2026-08-24 06:35:00,2026-08-24 09:50:00,2026-08-24 06:50:00,1.16783,Monday,09:50,1.16737,0.00046,1.16921,1,SL,2026-08-24 10:07:00,2026-08-24 07:07:00,1.16737,17,1.8,4.7,1.16801,1.16736,0.39,1.02,-1.00,,,
366,1,,BUY,1.16600,1.16628,2026-08-24 20:05:00,2026-08-24 17:05:00,H4_OB_BREACHED,2026-08-24 20:07:00,2026-08-24 17:07:00,,,,,,,,,,,1,,,,,,,,,,,,,2026-08-24 20:21:00,2026-08-24 17:21:00,swing_break
367,1,,SELL,1.16690,1.16744,2026-08-25 03:00:00,2026-08-25 00:00:00,ENTERED,2026-08-25 03:19:00,2026-08-25 00:19:00,2026-08-25 03:25:00,2026-08-25 00:25:00,2026-08-25 03:54:00,2026-08-25 00:54:00,1.16674,Tuesday,03:54,1.16704,0.00030,1.16584,1,TP,2026-08-25 05:58:00,2026-08-25 02:58:00,1.16584,124,9.0,1.5,1.16584,1.16689,3.00,0.50,3.00,,,
368,1,,BUY,1.16548,1.16634,2026-08-25 06:32:00,2026-08-25 03:32:00,H4_OB_BREACHED,2026-08-25 06:41:00,2026-08-25 03:41:00,,,,,,,,,,,3,,,,,,,,,,,,,2026-08-25 07:50:00,2026-08-25 04:50:00,swing_break
369,1,,SELL,1.16683,1.16704,2026-08-25 12:02:00,2026-08-25 09:02:00,H4_OB_BREACHED,2026-08-25 12:17:00,2026-08-25 09:17:00,,,,,,,,,,,,,,,,,,,,,,,,2026-08-25 12:08:00,2026-08-25 09:08:00,swing_break
371,1,,SELL,1.16731,1.16794,2026-08-26 11:10:00,2026-08-26 08:10:00,ENTERED,2026-08-26 11:31:00,2026-08-26 08:31:00,2026-08-26 11:40:00,2026-08-26 08:40:00,2026-08-26 11:55:00,2026-08-26 08:55:00,1.16713,Wednesday,11:55,1.16765,0.00052,1.16557,1,TP,2026-08-26 15:59:00,2026-08-26 12:59:00,1.16557,244,16.2,3.2,1.16551,1.16745,3.12,0.62,3.00,,,
373,1,,BUY,1.16417,1.16492,2026-08-27 11:34:00,2026-08-27 08:34:00,H4_OB_BREACHED,2026-08-27 11:41:00,2026-08-27 08:41:00,,,,,,,,,,,1,,,,,,,,,,,,,2026-08-27 12:00:00,2026-08-27 09:00:00,h4_close
374,1,,SELL,1.16561,1.16591,2026-08-27 16:22:00,2026-08-27 13:22:00,H4_OB_BREACHED,2026-08-27 16:35:00,2026-08-27 13:35:00,,,,,,,,,,,,,,,,,,,,,,,,2026-08-27 16:28:00,2026-08-27 13:28:00,swing_break
375,1,,BUY,1.16361,1.16407,2026-08-28 12:39:00,2026-08-28 09:39:00,ENTERED,2026-08-28 12:46:00,2026-08-28 09:46:00,2026-08-28 13:10:00,2026-08-28 10:10:00,2026-08-28 13:19:00,2026-08-28 10:19:00,1.16419,Friday,13:19,1.16389,0.00030,1.16509,2,SL,2026-08-28 16:59:00,2026-08-28 13:59:00,1.16389,220,8.0,5.9,1.16499,1.16360,2.67,1.97,-1.00,,,
376,1,,SELL,1.16518,1.16596,2026-08-28 17:00:00,2026-08-28 14:00:00,ENTERED,2026-08-28 17:00:00,2026-08-28 14:00:00,2026-08-28 16:55:00,2026-08-28 13:55:00,2026-08-28 17:00:00,2026-08-28 14:00:00,1.16360,Friday,17:00,1.16590,0.00230,1.15670,0,TP,2026-09-02 09:59:00,2026-09-02 06:59:00,1.15670,6779,69.0,12.0,1.15670,1.16480,3.00,0.52,3.00,,,
382,1,,SELL,1.15927,1.16078,2026-09-02 01:13:00,2026-09-01 22:13:00,ENTERED,2026-09-02 01:26:00,2026-09-01 22:26:00,2026-09-02 01:40:00,2026-09-01 22:40:00,2026-09-02 01:53:00,2026-09-01 22:53:00,1.15919,Wednesday,01:53,1.15957,0.00038,1.15805,1,TP,2026-09-02 04:31:00,2026-09-02 01:31:00,1.15805,158,11.5,0.9,1.15804,1.15928,3.03,0.24,3.00,,,
384,1,,SELL,1.15754,1.15846,2026-09-02 15:21:00,2026-09-02 12:21:00,ENTERED,2026-09-02 15:31:00,2026-09-02 12:31:00,2026-09-02 15:20:00,2026-09-02 12:20:00,2026-09-02 15:41:00,2026-09-02 12:41:00,1.15764,Wednesday,15:41,1.15850,0.00086,1.15506,0,SL,2026-09-02 16:21:00,2026-09-02 13:21:00,1.15850,40,1.1,9.5,1.15753,1.15859,0.13,1.10,-1.00,,,
