record,kind,origin,confirm,price
SWING,LOW,2026-01-02 05:00:00,2026-01-02 09:00:00,1.17381
SWING,HIGH,2026-01-02 09:00:00,2026-01-02 09:00:00,1.17467
SWING,LOW,2026-01-02 09:00:00,2026-01-02 17:00:00,1.17128
SWING,HIGH,2026-01-02 17:00:00,2026-01-02 21:00:00,1.17542
SWING,LOW,2026-01-02 21:00:00,2026-01-04 17:00:00,1.17139
SWING,HIGH,2026-01-04 17:00:00,2026-01-04 21:00:00,1.17257
SWING,LOW,2026-01-05 05:00:00,2026-01-05 09:00:00,1.16718
SWING,HIGH,2026-01-05 09:00:00,2026-01-05 13:00:00,1.16945
SWING,LOW,2026-01-05 13:00:00,2026-01-05 17:00:00,1.16587
SWING,HIGH,2026-01-05 21:00:00,2026-01-06 01:00:00,1.17285
SWING,LOW,2026-01-06 01:00:00,2026-01-06 01:00:00,1.17103
SWING,HIGH,2026-01-06 09:00:00,2026-01-06 09:00:00,1.17425
SWING,LOW,2026-01-06 17:00:00,2026-01-07 01:00:00,1.16835
SWING,HIGH,2026-01-07 01:00:00,2026-01-07 09:00:00,1.17022
SWING,LOW,2026-01-07 09:00:00,2026-01-07 17:00:00,1.16725
SWING,HIGH,2026-01-07 17:00:00,2026-01-07 17:00:00,1.16982
SWING,LOW,2026-01-08 01:00:00,2026-01-08 05:00:00,1.16723
SWING,HIGH,2026-01-08 05:00:00,2026-01-08 09:00:00,1.16826
SWING,LOW,2026-01-09 13:00:00,2026-01-09 13:00:00,1.16249
SWING,HIGH,2026-01-09 13:00:00,2026-01-09 17:00:00,1.16603
SWING,LOW,2026-01-09 17:00:00,2026-01-11 21:00:00,1.16177
SWING,HIGH,2026-01-11 21:00:00,2026-01-11 21:00:00,1.16397
SWING,LOW,2026-01-12 01:00:00,2026-01-12 01:00:00,1.16213
SWING,HIGH,2026-01-12 13:00:00,2026-01-12 17:00:00,1.16981
SWING,LOW,2026-01-13 05:00:00,2026-01-13 09:00:00,1.16535
SWING,HIGH,2026-01-13 09:00:00,2026-01-13 13:00:00,1.16740
SWING,LOW,2026-01-13 13:00:00,2026-01-13 13:00:00,1.16496
SWING,HIGH,2026-01-13 13:00:00,2026-01-13 17:00:00,1.16774
SWING,LOW,2026-01-13 17:00:00,2026-01-14 05:00:00,1.16339
SWING,HIGH,2026-01-14 05:00:00,2026-01-14 09:00:00,1.16498
SWING,LOW,2026-01-14 09:00:00,2026-01-14 09:00:00,1.16407
SWING,HIGH,2026-01-14 17:00:00,2026-01-14 17:00:00,1.16613
SWING,LOW,2026-01-15 13:00:00,2026-01-15 21:00:00,1.15926
SWING,HIGH,2026-01-15 21:00:00,2026-01-16 01:00:00,1.16171
SWING,LOW,2026-01-16 01:00:00,2026-01-16 09:00:00,1.16019
SWING,HIGH,2026-01-16 17:00:00,2026-01-16 17:00:00,1.16270
SWING,LOW,2026-01-18 17:00:00,2026-01-19 01:00:00,1.15692
SWING,HIGH,2026-01-19 09:00:00,2026-01-19 09:00:00,1.16410
SWING,LOW,2026-01-19 09:00:00,2026-01-19 13:00:00,1.16107
SWING,HIGH,2026-01-19 17:00:00,2026-01-20 01:00:00,1.16484
SWING,LOW,2026-01-20 01:00:00,2026-01-20 05:00:00,1.16320
SWING,HIGH,2026-01-20 13:00:00,2026-01-20 21:00:00,1.17688
SWING,LOW,2026-01-20 21:00:00,2026-01-21 01:00:00,1.17105
SWING,HIGH,2026-01-21 01:00:00,2026-01-21 05:00:00,1.17338
SWING,LOW,2026-01-21 09:00:00,2026-01-21 13:00:00,1.17009
SWING,HIGH,2026-01-21 13:00:00,2026-01-21 17:00:00,1.17427
SWING,LOW,2026-01-22 01:00:00,2026-01-22 05:00:00,1.16691
SWING,HIGH,2026-01-22 05:00:00,2026-01-22 09:00:00,1.16969
SWING,LOW,2026-01-22 09:00:00,2026-01-22 09:00:00,1.16837
SWING,HIGH,2026-01-23 01:00:00,2026-01-23 05:00:00,1.17590
SWING,LOW,2026-01-23 09:00:00,2026-01-23 13:00:00,1.17279
SWING,HIGH,2026-01-26 01:00:00,2026-01-26 09:00:00,1.18973
SWING,LOW,2026-01-26 13:00:00,2026-01-26 13:00:00,1.18346
SWING,HIGH,2026-01-26 17:00:00,2026-01-27 05:00:00,1.19066
SWING,LOW,2026-01-27 09:00:00,2026-01-27 13:00:00,1.18499
SWING,HIGH,2026-01-27 21:00:00,2026-01-28 05:00:00,1.20825
SWING,LOW,2026-01-28 05:00:00,2026-01-28 09:00:00,1.19742
SWING,HIGH,2026-01-28 09:00:00,2026-01-28 09:00:00,1.20253
SWING,LOW,2026-01-28 21:00:00,2026-01-29 01:00:00,1.18951
SWING,HIGH,2026-01-29 09:00:00,2026-01-29 09:00:00,1.19963
SWING,LOW,2026-01-29 13:00:00,2026-01-29 17:00:00,1.19377
SWING,HIGH,2026-01-29 17:00:00,2026-01-29 17:00:00,1.19721
SWING,LOW,2026-01-29 17:00:00,2026-01-30 01:00:00,1.19057
SWING,HIGH,2026-01-30 01:00:00,2026-01-30 01:00:00,1.19743
SWING,LOW,2026-01-30 01:00:00,2026-01-30 09:00:00,1.18944
SWING,HIGH,2026-01-30 09:00:00,2026-01-30 09:00:00,1.19430
SWING,LOW,2026-01-30 09:00:00,2026-01-30 13:00:00,1.18979
SWING,HIGH,2026-01-30 13:00:00,2026-01-30 17:00:00,1.19542
SWING,LOW,2026-02-02 01:00:00,2026-02-02 01:00:00,1.18391
SWING,HIGH,2026-02-02 01:00:00,2026-02-02 13:00:00,1.18744
SWING,LOW,2026-02-02 21:00:00,2026-02-03 01:00:00,1.17756
SWING,HIGH,2026-02-03 09:00:00,2026-02-03 09:00:00,1.18240
SWING,LOW,2026-02-03 13:00:00,2026-02-03 17:00:00,1.17797
SWING,HIGH,2026-02-04 09:00:00,2026-02-04 09:00:00,1.18375
SWING,LOW,2026-02-05 05:00:00,2026-02-05 09:00:00,1.17823
SWING,HIGH,2026-02-05 09:00:00,2026-02-05 09:00:00,1.18084
SWING,LOW,2026-02-05 09:00:00,2026-02-05 13:00:00,1.17798
SWING,HIGH,2026-02-05 13:00:00,2026-02-05 17:00:00,1.18214
SWING,LOW,2026-02-06 01:00:00,2026-02-06 05:00:00,1.17652
SWING,HIGH,2026-02-06 13:00:00,2026-02-08 17:00:00,1.18259
SWING,LOW,2026-02-08 17:00:00,2026-02-08 17:00:00,1.18035
SWING,HIGH,2026-02-09 17:00:00,2026-02-10 01:00:00,1.19263
SWING,LOW,2026-02-10 01:00:00,2026-02-10 05:00:00,1.18962
SWING,HIGH,2026-02-10 05:00:00,2026-02-10 09:00:00,1.19166
SWING,LOW,2026-02-10 09:00:00,2026-02-10 09:00:00,1.18991
SWING,HIGH,2026-02-10 09:00:00,2026-02-10 13:00:00,1.19195
SWING,LOW,2026-02-10 13:00:00,2026-02-10 13:00:00,1.18878
SWING,HIGH,2026-02-10 13:00:00,2026-02-10 21:00:00,1.19283
SWING,LOW,2026-02-11 01:00:00,2026-02-11 01:00:00,1.18860
SWING,HIGH,2026-02-11 09:00:00,2026-02-11 13:00:00,1.19269
SWING,LOW,2026-02-11 13:00:00,2026-02-12 09:00:00,1.18324
SWING,HIGH,2026-02-12 17:00:00,2026-02-12 17:00:00,1.18895
SWING,LOW,2026-02-12 17:00:00,2026-02-13 01:00:00,1.18558
SWING,HIGH,2026-02-13 01:00:00,2026-02-13 05:00:00,1.18731
SWING,LOW,2026-02-13 09:00:00,2026-02-13 13:00:00,1.18467
SWING,HIGH,2026-02-13 13:00:00,2026-02-13 17:00:00,1.18841
SWING,LOW,2026-02-13 17:00:00,2026-02-16 05:00:00,1.18472
SWING,HIGH,2026-02-16 09:00:00,2026-02-16 09:00:00,1.18701
SWING,LOW,2026-02-17 09:00:00,2026-02-17 09:00:00,1.18283
SWING,HIGH,2026-02-17 09:00:00,2026-02-17 13:00:00,1.18495
SWING,LOW,2026-02-17 17:00:00,2026-02-17 17:00:00,1.18046
SWING,HIGH,2026-02-18 01:00:00,2026-02-18 01:00:00,1.18569
SWING,LOW,2026-02-18 09:00:00,2026-02-18 13:00:00,1.18279
SWING,HIGH,2026-02-18 13:00:00,2026-02-18 13:00:00,1.18483
SWING,LOW,2026-02-18 21:00:00,2026-02-19 01:00:00,1.17804
SWING,HIGH,2026-02-19 09:00:00,2026-02-19 13:00:00,1.18071
SWING,LOW,2026-02-19 13:00:00,2026-02-19 21:00:00,1.17415
SWING,HIGH,2026-02-19 21:00:00,2026-02-20 01:00:00,1.17778
SWING,LOW,2026-02-20 09:00:00,2026-02-20 09:00:00,1.17430
SWING,HIGH,2026-02-20 13:00:00,2026-02-20 17:00:00,1.17826
SWING,LOW,2026-02-20 17:00:00,2026-02-20 17:00:00,1.17548
SWING,HIGH,2026-02-23 01:00:00,2026-02-23 09:00:00,1.18343
SWING,LOW,2026-02-23 13:00:00,2026-02-23 17:00:00,1.17740
SWING,HIGH,2026-02-23 17:00:00,2026-02-23 21:00:00,1.18097
SWING,LOW,2026-02-24 05:00:00,2026-02-24 09:00:00,1.17676
SWING,HIGH,2026-02-24 09:00:00,2026-02-24 13:00:00,1.17927
SWING,LOW,2026-02-24 17:00:00,2026-02-24 17:00:00,1.17657
SWING,HIGH,2026-02-25 09:00:00,2026-02-25 09:00:00,1.18075
SWING,LOW,2026-02-25 13:00:00,2026-02-25 17:00:00,1.17707
SWING,HIGH,2026-02-26 01:00:00,2026-02-26 09:00:00,1.18285
SWING,LOW,2026-02-26 17:00:00,2026-02-27 01:00:00,1.17737
SWING,HIGH,2026-02-27 09:00:00,2026-02-27 09:00:00,1.18213
SWING,LOW,2026-02-27 13:00:00,2026-02-27 17:00:00,1.17901
SWING,HIGH,2026-02-27 17:00:00,2026-03-01 17:00:00,1.18265
SWING,LOW,2026-03-01 21:00:00,2026-03-02 01:00:00,1.17533
SWING,HIGH,2026-03-02 05:00:00,2026-03-02 05:00:00,1.17955
SWING,LOW,2026-03-03 17:00:00,2026-03-03 17:00:00,1.15299
SWING,HIGH,2026-03-03 21:00:00,2026-03-04 01:00:00,1.16254
SWING,LOW,2026-03-04 01:00:00,2026-03-04 09:00:00,1.15743
SWING,HIGH,2026-03-04 13:00:00,2026-03-04 17:00:00,1.16542
SWING,LOW,2026-03-04 17:00:00,2026-03-05 01:00:00,1.16161
SWING,HIGH,2026-03-05 01:00:00,2026-03-05 01:00:00,1.16469
SWING,LOW,2026-03-05 09:00:00,2026-03-05 09:00:00,1.15811
SWING,HIGH,2026-03-05 09:00:00,2026-03-05 17:00:00,1.16437
SWING,LOW,2026-03-05 17:00:00,2026-03-05 21:00:00,1.15585
SWING,HIGH,2026-03-06 05:00:00,2026-03-06 05:00:00,1.16209
SWING,LOW,2026-03-06 13:00:00,2026-03-06 17:00:00,1.15455
SWING,HIGH,2026-03-06 17:00:00,2026-03-08 17:00:00,1.16211
SWING,LOW,2026-03-09 01:00:00,2026-03-09 05:00:00,1.15068
SWING,HIGH,2026-03-09 21:00:00,2026-03-10 05:00:00,1.16452
SWING,LOW,2026-03-10 05:00:00,2026-03-10 05:00:00,1.16065
SWING,HIGH,2026-03-10 17:00:00,2026-03-10 17:00:00,1.16669
SWING,LOW,2026-03-10 21:00:00,2026-03-11 01:00:00,1.16024
SWING,HIGH,2026-03-11 09:00:00,2026-03-11 09:00:00,1.16450
SWING,LOW,2026-03-12 05:00:00,2026-03-12 09:00:00,1.15315
SWING,HIGH,2026-03-12 13:00:00,2026-03-12 13:00:00,1.15659
SWING,LOW,2026-03-12 21:00:00,2026-03-13 01:00:00,1.15092
SWING,HIGH,2026-03-13 01:00:00,2026-03-13 05:00:00,1.15293
SWING,LOW,2026-03-13 09:00:00,2026-03-13 13:00:00,1.14327
SWING,HIGH,2026-03-13 13:00:00,2026-03-13 17:00:00,1.14898
SWING,LOW,2026-03-15 17:00:00,2026-03-15 21:00:00,1.14089
SWING,HIGH,2026-03-16 01:00:00,2026-03-16 05:00:00,1.14561
SWING,LOW,2026-03-16 09:00:00,2026-03-16 09:00:00,1.14138
SWING,HIGH,2026-03-16 21:00:00,2026-03-17 01:00:00,1.15246
SWING,LOW,2026-03-17 01:00:00,2026-03-17 05:00:00,1.14862
SWING,HIGH,2026-03-17 05:00:00,2026-03-17 05:00:00,1.15026
SWING,LOW,2026-03-17 05:00:00,2026-03-17 09:00:00,1.14656
SWING,HIGH,2026-03-17 17:00:00,2026-03-18 01:00:00,1.15469
SWING,LOW,2026-03-18 01:00:00,2026-03-18 05:00:00,1.15315
SWING,HIGH,2026-03-18 05:00:00,2026-03-18 09:00:00,1.15489
SWING,LOW,2026-03-18 09:00:00,2026-03-18 13:00:00,1.15174
SWING,HIGH,2026-03-18 13:00:00,2026-03-18 13:00:00,1.15549
SWING,LOW,2026-03-18 21:00:00,2026-03-19 01:00:00,1.14494
SWING,HIGH,2026-03-19 01:00:00,2026-03-19 09:00:00,1.14910
SWING,LOW,2026-03-19 09:00:00,2026-03-19 09:00:00,1.14425
SWING,HIGH,2026-03-19 21:00:00,2026-03-20 01:00:00,1.16159
SWING,LOW,2026-03-20 05:00:00,2026-03-20 09:00:00,1.15521
SWING,HIGH,2026-03-20 09:00:00,2026-03-20 09:00:00,1.15804
SWING,LOW,2026-03-20 13:00:00,2026-03-23 01:00:00,1.15242
SWING,HIGH,2026-03-23 01:00:00,2026-03-23 05:00:00,1.15643
SWING,LOW,2026-03-23 09:00:00,2026-03-23 13:00:00,1.14841
SWING,HIGH,2026-03-23 13:00:00,2026-03-24 01:00:00,1.16394
SWING,LOW,2026-03-24 05:00:00,2026-03-24 09:00:00,1.15753
SWING,HIGH,2026-03-24 09:00:00,2026-03-24 13:00:00,1.16173
SWING,LOW,2026-03-24 17:00:00,2026-03-24 21:00:00,1.15566
SWING,HIGH,2026-03-25 01:00:00,2026-03-25 05:00:00,1.16302
SWING,LOW,2026-03-25 05:00:00,2026-03-25 09:00:00,1.15867
SWING,HIGH,2026-03-25 09:00:00,2026-03-25 13:00:00,1.16162
SWING,LOW,2026-03-26 01:00:00,2026-03-26 01:00:00,1.15537
SWING,HIGH,2026-03-26 05:00:00,2026-03-26 05:00:00,1.15720
SWING,LOW,2026-03-26 21:00:00,2026-03-26 21:00:00,1.15191
SWING,HIGH,2026-03-26 21:00:00,2026-03-27 09:00:00,1.15584
SWING,LOW,2026-03-27 13:00:00,2026-03-27 13:00:00,1.15014
SWING,HIGH,2026-03-27 17:00:00,2026-03-29 17:00:00,1.15474
SWING,LOW,2026-03-29 17:00:00,2026-03-29 21:00:00,1.15051
SWING,HIGH,2026-03-29 21:00:00,2026-03-29 21:00:00,1.15126
SWING,LOW,2026-03-30 01:00:00,2026-03-30 01:00:00,1.14870
SWING,HIGH,2026-03-30 05:00:00,2026-03-30 09:00:00,1.15209
SWING,LOW,2026-03-30 17:00:00,2026-03-30 21:00:00,1.14427
SWING,HIGH,2026-03-30 21:00:00,2026-03-31 01:00:00,1.14679
SWING,LOW,2026-03-31 01:00:00,2026-03-31 01:00:00,1.14467
SWING,HIGH,2026-03-31 01:00:00,2026-03-31 09:00:00,1.14903
SWING,LOW,2026-03-31 13:00:00,2026-03-31 13:00:00,1.14572
SWING,HIGH,2026-04-01 17:00:00,2026-04-01 17:00:00,1.16268
SWING,LOW,2026-04-01 21:00:00,2026-04-02 01:00:00,1.15760
SWING,HIGH,2026-04-02 01:00:00,2026-04-02 01:00:00,1.16050
SWING,LOW,2026-04-02 13:00:00,2026-04-02 13:00:00,1.15088
SWING,HIGH,2026-04-02 13:00:00,2026-04-02 21:00:00,1.15636
SWING,LOW,2026-04-02 21:00:00,2026-04-03 01:00:00,1.15317
SWING,HIGH,2026-04-03 01:00:00,2026-04-03 05:00:00,1.15448
SWING,LOW,2026-04-03 05:00:00,2026-04-03 09:00:00,1.15290
SWING,HIGH,2026-04-03 09:00:00,2026-04-03 13:00:00,1.15488
SWING,LOW,2026-04-05 21:00:00,2026-04-06 01:00:00,1.15049
SWING,HIGH,2026-04-06 13:00:00,2026-04-06 17:00:00,1.15713
SWING,LOW,2026-04-07 01:00:00,2026-04-07 05:00:00,1.15237
SWING,HIGH,2026-04-08 13:00:00,2026-04-08 17:00:00,1.17214
SWING,LOW,2026-04-08 21:00:00,2026-04-09 05:00:00,1.16430
SWING,HIGH,2026-04-09 17:00:00,2026-04-10 01:00:00,1.17230
SWING,LOW,2026-04-10 01:00:00,2026-04-10 05:00:00,1.16851
SWING,HIGH,2026-04-10 05:00:00,2026-04-10 05:00:00,1.16964
SWING,LOW,2026-04-10 09:00:00,2026-04-10 09:00:00,1.16771
SWING,HIGH,2026-04-10 17:00:00,2026-04-12 21:00:00,1.17392
SWING,LOW,2026-04-12 21:00:00,2026-04-13 05:00:00,1.16573
SWING,HIGH,2026-04-13 09:00:00,2026-04-13 13:00:00,1.16998
SWING,LOW,2026-04-13 13:00:00,2026-04-13 13:00:00,1.16802
SWING,HIGH,2026-04-14 13:00:00,2026-04-14 17:00:00,1.18107
SWING,LOW,2026-04-14 17:00:00,2026-04-15 01:00:00,1.17871
SWING,HIGH,2026-04-15 01:00:00,2026-04-15 01:00:00,1.18015
SWING,LOW,2026-04-15 09:00:00,2026-04-15 13:00:00,1.17716
SWING,HIGH,2026-04-16 05:00:00,2026-04-16 05:00:00,1.18235
SWING,LOW,2026-04-16 13:00:00,2026-04-17 09:00:00,1.17665
SWING,HIGH,2026-04-17 13:00:00,2026-04-17 17:00:00,1.18488
SWING,LOW,2026-04-19 21:00:00,2026-04-20 05:00:00,1.17274
SWING,HIGH,2026-04-21 01:00:00,2026-04-21 01:00:00,1.17907
SWING,LOW,2026-04-21 21:00:00,2026-04-22 05:00:00,1.17184
SWING,HIGH,2026-04-22 05:00:00,2026-04-22 13:00:00,1.17621
SWING,LOW,2026-04-23 01:00:00,2026-04-23 01:00:00,1.16918
SWING,HIGH,2026-04-23 01:00:00,2026-04-23 09:00:00,1.17133
SWING,LOW,2026-04-23 13:00:00,2026-04-23 13:00:00,1.16786
SWING,HIGH,2026-04-23 13:00:00,2026-04-23 17:00:00,1.17162
SWING,LOW,2026-04-23 17:00:00,2026-04-24 09:00:00,1.16688
SWING,HIGH,2026-04-24 21:00:00,2026-04-26 21:00:00,1.17227
SWING,LOW,2026-04-26 21:00:00,2026-04-27 01:00:00,1.16856
SWING,HIGH,2026-04-27 13:00:00,2026-04-27 17:00:00,1.17546
SWING,LOW,2026-04-27 21:00:00,2026-04-28 01:00:00,1.17177
SWING,HIGH,2026-04-28 01:00:00,2026-04-28 01:00:00,1.17266
SWING,LOW,2026-04-28 13:00:00,2026-04-28 17:00:00,1.16770
SWING,HIGH,2026-04-29 01:00:00,2026-04-29 05:00:00,1.17202
SWING,LOW,2026-04-29 09:00:00,2026-04-29 13:00:00,1.16932
SWING,HIGH,2026-04-29 13:00:00,2026-04-29 13:00:00,1.17093
SWING,LOW,2026-04-29 17:00:00,2026-04-30 01:00:00,1.16608
SWING,HIGH,2026-04-30 01:00:00,2026-04-30 01:00:00,1.16892
SWING,LOW,2026-04-30 05:00:00,2026-04-30 09:00:00,1.16547
SWING,HIGH,2026-04-30 21:00:00,2026-05-01 01:00:00,1.17412
SWING,LOW,2026-05-01 05:00:00,2026-05-01 05:00:00,1.17185
SWING,HIGH,2026-05-01 13:00:00,2026-05-01 17:00:00,1.17849
SWING,LOW,2026-05-01 21:00:00,2026-05-03 21:00:00,1.17136
SWING,HIGH,2026-05-03 21:00:00,2026-05-04 09:00:00,1.17579
SWING,LOW,2026-05-05 05:00:00,2026-05-05 09:00:00,1.16761
SWING,HIGH,2026-05-05 17:00:00,2026-05-05 21:00:00,1.17133
SWING,LOW,2026-05-05 21:00:00,2026-05-06 01:00:00,1.16890
SWING,HIGH,2026-05-06 09:00:00,2026-05-06 17:00:00,1.17963
SWING,LOW,2026-05-06 21:00:00,2026-05-07 01:00:00,1.17412
SWING,HIGH,2026-05-07 01:00:00,2026-05-07 05:00:00,1.17631
SWING,LOW,2026-05-07 05:00:00,2026-05-07 09:00:00,1.17447
SWING,HIGH,2026-05-07 09:00:00,2026-05-07 17:00:00,1.17779
SWING,LOW,2026-05-07 21:00:00,2026-05-08 05:00:00,1.17210
SWING,HIGH,2026-05-10 21:00:00,2026-05-10 21:00:00,1.17923
SWING,LOW,2026-05-10 21:00:00,2026-05-11 09:00:00,1.17405
SWING,HIGH,2026-05-11 09:00:00,2026-05-11 13:00:00,1.17818
SWING,LOW,2026-05-11 13:00:00,2026-05-11 13:00:00,1.17630
SWING,HIGH,2026-05-11 13:00:00,2026-05-12 01:00:00,1.17874
SWING,LOW,2026-05-12 17:00:00,2026-05-12 21:00:00,1.17214
SWING,HIGH,2026-05-12 21:00:00,2026-05-13 05:00:00,1.17464
SWING,LOW,2026-05-13 09:00:00,2026-05-13 17:00:00,1.16949
SWING,HIGH,2026-05-13 21:00:00,2026-05-14 05:00:00,1.17182
SWING,LOW,2026-05-14 05:00:00,2026-05-14 05:00:00,1.17064
SWING,HIGH,2026-05-14 05:00:00,2026-05-14 09:00:00,1.17211
SWING,LOW,2026-05-15 09:00:00,2026-05-15 09:00:00,1.16169
SWING,HIGH,2026-05-15 09:00:00,2026-05-15 17:00:00,1.16551
SWING,LOW,2026-05-18 01:00:00,2026-05-18 05:00:00,1.16078
SWING,HIGH,2026-05-18 21:00:00,2026-05-19 05:00:00,1.16614
SWING,LOW,2026-05-19 17:00:00,2026-05-20 01:00:00,1.15918
SWING,HIGH,2026-05-20 01:00:00,2026-05-20 01:00:00,1.16125
SWING,LOW,2026-05-20 13:00:00,2026-05-20 13:00:00,1.15823
SWING,HIGH,2026-05-20 17:00:00,2026-05-21 01:00:00,1.16447
SWING,LOW,2026-05-21 09:00:00,2026-05-21 09:00:00,1.15937
SWING,HIGH,2026-05-21 09:00:00,2026-05-21 13:00:00,1.16352
SWING,LOW,2026-05-21 13:00:00,2026-05-21 17:00:00,1.15759
SWING,HIGH,2026-05-21 17:00:00,2026-05-22 05:00:00,1.16298
SWING,LOW,2026-05-22 09:00:00,2026-05-22 13:00:00,1.15948
SWING,HIGH,2026-05-22 13:00:00,2026-05-22 13:00:00,1.16180
SWING,LOW,2026-05-22 13:00:00,2026-05-22 17:00:00,1.15879
SWING,HIGH,2026-05-25 01:00:00,2026-05-25 09:00:00,1.16486
SWING,LOW,2026-05-25 09:00:00,2026-05-25 13:00:00,1.16292
SWING,HIGH,2026-05-25 13:00:00,2026-05-25 17:00:00,1.16525
SWING,LOW,2026-05-26 09:00:00,2026-05-26 09:00:00,1.16236
SWING,HIGH,2026-05-26 09:00:00,2026-05-26 13:00:00,1.16448
SWING,LOW,2026-05-26 17:00:00,2026-05-26 21:00:00,1.16160
SWING,HIGH,2026-05-27 05:00:00,2026-05-27 09:00:00,1.16489
SWING,LOW,2026-05-27 09:00:00,2026-05-27 13:00:00,1.16356
SWING,HIGH,2026-05-27 13:00:00,2026-05-27 13:00:00,1.16610
SWING,LOW,2026-05-28 05:00:00,2026-05-28 09:00:00,1.15859
SWING,HIGH,2026-05-28 09:00:00,2026-05-28 13:00:00,1.16188
SWING,LOW,2026-05-28 13:00:00,2026-05-28 13:00:00,1.16029
SWING,HIGH,2026-05-28 17:00:00,2026-05-28 21:00:00,1.16610
SWING,LOW,2026-05-28 21:00:00,2026-05-29 01:00:00,1.16446
SWING,HIGH,2026-05-29 01:00:00,2026-05-29 01:00:00,1.16561
SWING,LOW,2026-05-29 09:00:00,2026-05-29 13:00:00,1.16245
SWING,HIGH,2026-05-29 17:00:00,2026-05-29 21:00:00,1.16854
SWING,LOW,2026-06-01 05:00:00,2026-06-01 05:00:00,1.16413
SWING,HIGH,2026-06-01 05:00:00,2026-06-01 13:00:00,1.16644
SWING,LOW,2026-06-01 13:00:00,2026-06-02 01:00:00,1.16061
SWING,HIGH,2026-06-02 13:00:00,2026-06-02 13:00:00,1.16553
SWING,LOW,2026-06-03 21:00:00,2026-06-04 01:00:00,1.15942
SWING,HIGH,2026-06-04 05:00:00,2026-06-04 09:00:00,1.16146
SWING,LOW,2026-06-04 09:00:00,2026-06-04 09:00:00,1.15981
SWING,HIGH,2026-06-04 13:00:00,2026-06-04 17:00:00,1.16451
SWING,LOW,2026-06-04 21:00:00,2026-06-05 01:00:00,1.16076
SWING,HIGH,2026-06-05 09:00:00,2026-06-05 13:00:00,1.16440
SWING,LOW,2026-06-07 21:00:00,2026-06-08 01:00:00,1.15055
SWING,HIGH,2026-06-08 05:00:00,2026-06-08 09:00:00,1.15395
SWING,LOW,2026-06-08 09:00:00,2026-06-08 13:00:00,1.14994
SWING,HIGH,2026-06-08 13:00:00,2026-06-09 01:00:00,1.15543
SWING,LOW,2026-06-09 01:00:00,2026-06-09 05:00:00,1.15266
SWING,HIGH,2026-06-09 13:00:00,2026-06-09 17:00:00,1.15777
SWING,LOW,2026-06-09 17:00:00,2026-06-10 05:00:00,1.15281
SWING,HIGH,2026-06-10 09:00:00,2026-06-10 13:00:00,1.15594
SWING,LOW,2026-06-10 13:00:00,2026-06-10 13:00:00,1.15351
SWING,HIGH,2026-06-10 13:00:00,2026-06-10 17:00:00,1.15728
SWING,LOW,2026-06-11 01:00:00,2026-06-11 01:00:00,1.15252
SWING,HIGH,2026-06-11 01:00:00,2026-06-11 09:00:00,1.15556
SWING,LOW,2026-06-11 17:00:00,2026-06-11 17:00:00,1.15024
SWING,HIGH,2026-06-11 21:00:00,2026-06-12 05:00:00,1.15893
SWING,LOW,2026-06-12 09:00:00,2026-06-12 09:00:00,1.15567
SWING,HIGH,2026-06-12 09:00:00,2026-06-12 21:00:00,1.15891
SWING,LOW,2026-06-12 21:00:00,2026-06-14 21:00:00,1.15645
SWING,HIGH,2026-06-15 05:00:00,2026-06-15 09:00:00,1.16217
SWING,LOW,2026-06-15 09:00:00,2026-06-15 13:00:00,1.15967
SWING,HIGH,2026-06-15 13:00:00,2026-06-15 17:00:00,1.16202
SWING,LOW,2026-06-16 05:00:00,2026-06-16 09:00:00,1.15744
SWING,HIGH,2026-06-16 17:00:00,2026-06-17 05:00:00,1.16194
SWING,LOW,2026-06-17 21:00:00,2026-06-18 05:00:00,1.14775
SWING,HIGH,2026-06-18 05:00:00,2026-06-18 09:00:00,1.15279
SWING,LOW,2026-06-19 05:00:00,2026-06-19 09:00:00,1.14175
SWING,HIGH,2026-06-19 17:00:00,2026-06-21 21:00:00,1.14804
SWING,LOW,2026-06-21 21:00:00,2026-06-22 01:00:00,1.14489
SWING,HIGH,2026-06-22 01:00:00,2026-06-22 05:00:00,1.14733
SWING,LOW,2026-06-22 21:00:00,2026-06-23 01:00:00,1.14186
SWING,HIGH,2026-06-23 01:00:00,2026-06-23 05:00:00,1.14315
SWING,LOW,2026-06-23 05:00:00,2026-06-23 09:00:00,1.14183
SWING,HIGH,2026-06-23 09:00:00,2026-06-23 09:00:00,1.14387
SWING,LOW,2026-06-24 13:00:00,2026-06-24 17:00:00,1.13242
SWING,HIGH,2026-06-24 17:00:00,2026-06-25 01:00:00,1.13675
SWING,LOW,2026-06-25 01:00:00,2026-06-25 01:00:00,1.13472
SWING,HIGH,2026-06-25 09:00:00,2026-06-25 09:00:00,1.13736
SWING,LOW,2026-06-25 13:00:00,2026-06-25 13:00:00,1.13330
SWING,HIGH,2026-06-25 17:00:00,2026-06-25 21:00:00,1.13877
SWING,LOW,2026-06-26 01:00:00,2026-06-26 05:00:00,1.13538
SWING,HIGH,2026-06-26 13:00:00,2026-06-26 17:00:00,1.14336
SWING,LOW,2026-06-28 21:00:00,2026-06-29 01:00:00,1.13782
SWING,HIGH,2026-06-29 01:00:00,2026-06-29 05:00:00,1.13932
SWING,LOW,2026-06-29 05:00:00,2026-06-29 05:00:00,1.13806
SWING,HIGH,2026-06-29 17:00:00,2026-06-30 01:00:00,1.14302
SWING,LOW,2026-06-30 05:00:00,2026-06-30 09:00:00,1.13823
SWING,HIGH,2026-06-30 17:00:00,2026-07-01 01:00:00,1.14363
SWING,LOW,2026-07-01 13:00:00,2026-07-01 13:00:00,1.13614
SWING,HIGH,2026-07-01 13:00:00,2026-07-01 21:00:00,1.14113
SWING,LOW,2026-07-01 21:00:00,2026-07-02 01:00:00,1.13718
SWING,HIGH,2026-07-02 13:00:00,2026-07-02 21:00:00,1.14725
SWING,LOW,2026-07-03 01:00:00,2026-07-03 01:00:00,1.14203
SWING,HIGH,2026-07-03 05:00:00,2026-07-03 13:00:00,1.14620
SWING,LOW,2026-07-03 21:00:00,2026-07-05 21:00:00,1.14325
SWING,HIGH,2026-07-05 21:00:00,2026-07-05 21:00:00,1.14440
SWING,LOW,2026-07-06 13:00:00,2026-07-06 17:00:00,1.14080
SWING,HIGH,2026-07-07 01:00:00,2026-07-07 01:00:00,1.14477
SWING,LOW,2026-07-07 09:00:00,2026-07-07 13:00:00,1.14231
SWING,HIGH,2026-07-07 13:00:00,2026-07-07 17:00:00,1.14418
SWING,LOW,2026-07-08 01:00:00,2026-07-08 05:00:00,1.13980
SWING,HIGH,2026-07-08 09:00:00,2026-07-08 09:00:00,1.14312
SWING,LOW,2026-07-08 17:00:00,2026-07-08 17:00:00,1.13908
SWING,HIGH,2026-07-09 05:00:00,2026-07-09 09:00:00,1.14491
SWING,LOW,2026-07-09 09:00:00,2026-07-09 13:00:00,1.14206
SWING,HIGH,2026-07-09 13:00:00,2026-07-09 21:00:00,1.14457
SWING,LOW,2026-07-09 21:00:00,2026-07-10 01:00:00,1.14252
SWING,HIGH,2026-07-10 01:00:00,2026-07-10 09:00:00,1.14605
SWING,LOW,2026-07-13 01:00:00,2026-07-13 05:00:00,1.13839
SWING,HIGH,2026-07-13 09:00:00,2026-07-13 13:00:00,1.14455
SWING,LOW,2026-07-13 21:00:00,2026-07-14 01:00:00,1.13772
SWING,HIGH,2026-07-14 05:00:00,2026-07-14 09:00:00,1.13963
SWING,LOW,2026-07-14 09:00:00,2026-07-14 09:00:00,1.13838
SWING,HIGH,2026-07-14 13:00:00,2026-07-15 09:00:00,1.14619
SWING,LOW,2026-07-15 13:00:00,2026-07-15 13:00:00,1.14055
SWING,HIGH,2026-07-15 17:00:00,2026-07-16 09:00:00,1.14822
SWING,LOW,2026-07-16 17:00:00,2026-07-17 01:00:00,1.14305
SWING,HIGH,2026-07-17 01:00:00,2026-07-17 05:00:00,1.14477
SWING,LOW,2026-07-17 05:00:00,2026-07-17 05:00:00,1.14343
SWING,HIGH,2026-07-17 05:00:00,2026-07-17 09:00:00,1.14518
SWING,LOW,2026-07-17 13:00:00,2026-07-17 17:00:00,1.14240
SWING,HIGH,2026-07-17 17:00:00,2026-07-19 21:00:00,1.14441
SWING,LOW,2026-07-20 01:00:00,2026-07-20 01:00:00,1.14233
SWING,HIGH,2026-07-20 09:00:00,2026-07-20 09:00:00,1.14492
SWING,LOW,2026-07-20 13:00:00,2026-07-21 01:00:00,1.14021
SWING,HIGH,2026-07-21 01:00:00,2026-07-21 05:00:00,1.14180
SWING,LOW,2026-07-21 05:00:00,2026-07-21 05:00:00,1.14086
SWING,HIGH,2026-07-21 09:00:00,2026-07-21 13:00:00,1.14283
SWING,LOW,2026-07-21 21:00:00,2026-07-22 01:00:00,1.13952
SWING,HIGH,2026-07-22 09:00:00,2026-07-22 09:00:00,1.14179
SWING,LOW,2026-07-22 09:00:00,2026-07-22 13:00:00,1.14000
SWING,HIGH,2026-07-22 13:00:00,2026-07-22 21:00:00,1.14212
SWING,LOW,2026-07-22 21:00:00,2026-07-23 01:00:00,1.14050
SWING,HIGH,2026-07-23 05:00:00,2026-07-23 09:00:00,1.14354
SWING,LOW,2026-07-23 13:00:00,2026-07-24 01:00:00,1.13635
SWING,HIGH,2026-07-24 09:00:00,2026-07-24 13:00:00,1.14008
SWING,LOW,2026-07-24 13:00:00,2026-07-24 17:00:00,1.13645
SWING,HIGH,2026-07-27 05:00:00,2026-07-27 09:00:00,1.14180
SWING,LOW,2026-07-27 21:00:00,2026-07-28 01:00:00,1.13639
SWING,HIGH,2026-07-28 05:00:00,2026-07-28 05:00:00,1.13798
SWING,LOW,2026-07-28 09:00:00,2026-07-28 13:00:00,1.13529
SWING,HIGH,2026-07-28 17:00:00,2026-07-29 01:00:00,1.14049
SWING,LOW,2026-07-29 01:00:00,2026-07-29 01:00:00,1.13819
SWING,HIGH,2026-07-29 05:00:00,2026-07-29 09:00:00,1.14033
SWING,LOW,2026-07-29 13:00:00,2026-07-29 17:00:00,1.13742
SWING,HIGH,2026-07-30 01:00:00,2026-07-30 05:00:00,1.14748
SWING,LOW,2026-07-30 09:00:00,2026-07-30 09:00:00,1.14339
SWING,HIGH,2026-07-30 13:00:00,2026-07-31 01:00:00,1.15365
SWING,LOW,2026-07-31 05:00:00,2026-07-31 09:00:00,1.15040
SWING,HIGH,2026-07-31 09:00:00,2026-07-31 09:00:00,1.15259
SWING,LOW,2026-07-31 13:00:00,2026-07-31 17:00:00,1.14549
SWING,HIGH,2026-08-02 21:00:00,2026-08-03 05:00:00,1.15585
SWING,LOW,2026-08-03 09:00:00,2026-08-03 13:00:00,1.15163
SWING,HIGH,2026-08-03 13:00:00,2026-08-03 13:00:00,1.15348
SWING,LOW,2026-08-03 17:00:00,2026-08-03 21:00:00,1.15000
SWING,HIGH,2026-08-04 01:00:00,2026-08-04 01:00:00,1.15146
SWING,LOW,2026-08-04 01:00:00,2026-08-04 09:00:00,1.15018
SWING,HIGH,2026-08-05 09:00:00,2026-08-05 09:00:00,1.15465
SWING,LOW,2026-08-05 09:00:00,2026-08-05 13:00:00,1.15308
SWING,HIGH,2026-08-06 01:00:00,2026-08-06 05:00:00,1.15593
SWING,LOW,2026-08-06 09:00:00,2026-08-06 13:00:00,1.15361
SWING,HIGH,2026-08-06 13:00:00,2026-08-06 13:00:00,1.15465
SWING,LOW,2026-08-06 17:00:00,2026-08-07 09:00:00,1.15142
SWING,HIGH,2026-08-07 13:00:00,2026-08-09 21:00:00,1.15805
SWING,LOW,2026-08-10 05:00:00,2026-08-10 09:00:00,1.15476
SWING,HIGH,2026-08-10 09:00:00,2026-08-10 13:00:00,1.15653
SWING,LOW,2026-08-10 21:00:00,2026-08-11 01:00:00,1.15385
SWING,HIGH,2026-08-11 01:00:00,2026-08-11 01:00:00,1.15494
SWING,LOW,2026-08-11 09:00:00,2026-08-11 13:00:00,1.15310
SWING,HIGH,2026-08-11 13:00:00,2026-08-12 01:00:00,1.15481
SWING,LOW,2026-08-12 05:00:00,2026-08-12 09:00:00,1.15318
SWING,HIGH,2026-08-12 13:00:00,2026-08-12 17:00:00,1.15626
SWING,LOW,2026-08-12 17:00:00,2026-08-13 01:00:00,1.15194
SWING,HIGH,2026-08-13 01:00:00,2026-08-13 01:00:00,1.15309
SWING,LOW,2026-08-13 05:00:00,2026-08-13 09:00:00,1.15114
SWING,HIGH,2026-08-13 17:00:00,2026-08-13 17:00:00,1.15452
SWING,LOW,2026-08-13 17:00:00,2026-08-14 01:00:00,1.15239
SWING,HIGH,2026-08-14 13:00:00,2026-08-16 21:00:00,1.15851
SWING,LOW,2026-08-16 21:00:00,2026-08-16 21:00:00,1.15602
SWING,HIGH,2026-08-17 09:00:00,2026-08-17 13:00:00,1.16138
SWING,LOW,2026-08-17 17:00:00,2026-08-18 01:00:00,1.15706
SWING,HIGH,2026-08-18 01:00:00,2026-08-18 05:00:00,1.15855
SWING,LOW,2026-08-18 05:00:00,2026-08-18 13:00:00,1.15663
SWING,HIGH,2026-08-18 13:00:00,2026-08-18 21:00:00,1.15879
SWING,LOW,2026-08-19 01:00:00,2026-08-19 01:00:00,1.15697
SWING,HIGH,2026-08-20 09:00:00,2026-08-20 13:00:00,1.17101
SWING,LOW,2026-08-20 17:00:00,2026-08-21 01:00:00,1.16689
SWING,HIGH,2026-08-21 01:00:00,2026-08-21 09:00:00,1.17004
SWING,LOW,2026-08-21 09:00:00,2026-08-21 09:00:00,1.16863
SWING,HIGH,2026-08-21 09:00:00,2026-08-21 13:00:00,1.17112
SWING,LOW,2026-08-21 13:00:00,2026-08-23 21:00:00,1.16684
SWING,HIGH,2026-08-23 21:00:00,2026-08-23 21:00:00,1.16830
SWING,LOW,2026-08-23 21:00:00,2026-08-24 01:00:00,1.16712
SWING,HIGH,2026-08-24 01:00:00,2026-08-24 05:00:00,1.16868
SWING,LOW,2026-08-24 17:00:00,2026-08-25 01:00:00,1.16548
SWING,HIGH,2026-08-25 01:00:00,2026-08-25 05:00:00,1.16704
SWING,LOW,2026-08-25 05:00:00,2026-08-25 09:00:00,1.16507
SWING,HIGH,2026-08-25 21:00:00,2026-08-26 01:00:00,1.16794
SWING,LOW,2026-08-26 05:00:00,2026-08-26 09:00:00,1.16594
SWING,HIGH,2026-08-26 09:00:00,2026-08-26 13:00:00,1.16765
SWING,LOW,2026-08-26 13:00:00,2026-08-26 21:00:00,1.16417
SWING,HIGH,2026-08-27 01:00:00,2026-08-27 05:00:00,1.16591
SWING,LOW,2026-08-27 05:00:00,2026-08-27 09:00:00,1.16513
SWING,HIGH,2026-08-27 09:00:00,2026-08-27 09:00:00,1.16576
SWING,LOW,2026-08-27 13:00:00,2026-08-27 13:00:00,1.16361
SWING,HIGH,2026-08-27 13:00:00,2026-08-28 01:00:00,1.16596
SWING,LOW,2026-08-28 09:00:00,2026-08-28 13:00:00,1.16389
SWING,HIGH,2026-08-28 13:00:00,2026-08-28 13:00:00,1.16590
SWING,LOW,2026-08-30 21:00:00,2026-08-31 01:00:00,1.15741
SWING,HIGH,2026-09-01 01:00:00,2026-09-01 01:00:00,1.16241
SWING,LOW,2026-09-01 09:00:00,2026-09-01 13:00:00,1.15875
SWING,HIGH,2026-09-01 13:00:00,2026-09-01 17:00:00,1.16078
SWING,LOW,2026-09-02 09:00:00,2026-09-02 13:00:00,1.15659
SWING,HIGH,2026-09-02 13:00:00,2026-09-02 21:00:00,1.16088
SWING,LOW,2026-09-02 21:00:00,2026-09-03 01:00:00,1.15823
SWING,HIGH,2026-09-03 17:00:00,2026-09-04 05:00:00,1.16409
SWING,LOW,2026-09-04 13:00:00,2026-09-07 01:00:00,1.15841
SWING,HIGH,2026-09-07 09:00:00,2026-09-07 21:00:00,1.16355
SWING,LOW,2026-09-07 21:00:00,2026-09-08 01:00:00,1.16196
SWING,HIGH,2026-09-08 05:00:00,2026-09-08 05:00:00,1.16355
SWING,LOW,2026-09-08 13:00:00,2026-09-08 13:00:00,1.16075
SWING,HIGH,2026-09-09 09:00:00,2026-09-09 09:00:00,1.16489
SWING,LOW,2026-09-09 09:00:00,2026-09-09 13:00:00,1.16215
SWING,HIGH,2026-09-09 13:00:00,2026-09-09 17:00:00,1.16538
SWING,LOW,2026-09-09 17:00:00,2026-09-10 01:00:00,1.16198
SWING,HIGH,2026-09-10 09:00:00,2026-09-10 09:00:00,1.16415
SWING,LOW,2026-09-10 13:00:00,2026-09-10 17:00:00,1.15918
SWING,HIGH,2026-09-10 17:00:00,2026-09-10 21:00:00,1.16310
SWING,LOW,2026-09-10 21:00:00,2026-09-11 01:00:00,1.16050
SWING,HIGH,2026-09-11 01:00:00,2026-09-11 05:00:00,1.16171
SWING,LOW,2026-09-11 13:00:00,2026-09-11 13:00:00,1.15687
MSS_UP,,2026-01-02 09:00:00,2026-01-02 17:00:00,1.17467
MSS_DOWN,,2026-01-02 21:00:00,2026-01-04 21:00:00,1.17139
MSS_UP,,2026-01-05 09:00:00,2026-01-05 17:00:00,1.16945
MSS_DOWN,,2026-01-06 01:00:00,2026-01-06 09:00:00,1.17103
MSS_UP,,2026-01-11 21:00:00,2026-01-12 01:00:00,1.16397
MSS_DOWN,,2026-01-13 05:00:00,2026-01-13 13:00:00,1.16535
MSS_UP,,2026-01-13 09:00:00,2026-01-13 13:00:00,1.16740
MSS_DOWN,,2026-01-13 13:00:00,2026-01-13 17:00:00,1.16496
MSS_UP,,2026-01-14 05:00:00,2026-01-14 09:00:00,1.16498
MSS_DOWN,,2026-01-14 09:00:00,2026-01-14 17:00:00,1.16407
MSS_UP,,2026-01-15 21:00:00,2026-01-16 09:00:00,1.16171
MSS_DOWN,,2026-01-16 01:00:00,2026-01-16 17:00:00,1.16019
MSS_UP,,2026-01-16 17:00:00,2026-01-19 01:00:00,1.16270
MSS_DOWN,,2026-01-20 21:00:00,2026-01-21 05:00:00,1.17105
MSS_UP,,2026-01-21 01:00:00,2026-01-21 13:00:00,1.17338
MSS_DOWN,,2026-01-21 09:00:00,2026-01-21 17:00:00,1.17009
MSS_UP,,2026-01-22 05:00:00,2026-01-22 09:00:00,1.16969
MSS_DOWN,,2026-01-28 05:00:00,2026-01-28 09:00:00,1.19742
MSS_UP,,2026-01-29 17:00:00,2026-01-30 01:00:00,1.19721
MSS_DOWN,,2026-01-29 17:00:00,2026-01-30 01:00:00,1.19057
MSS_UP,,2026-01-30 09:00:00,2026-01-30 13:00:00,1.19430
MSS_DOWN,,2026-01-30 09:00:00,2026-01-30 17:00:00,1.18979
MSS_UP,,2026-02-03 09:00:00,2026-02-03 17:00:00,1.18240
MSS_DOWN,,2026-02-05 05:00:00,2026-02-05 09:00:00,1.17823
MSS_UP,,2026-02-05 09:00:00,2026-02-05 13:00:00,1.18084
MSS_DOWN,,2026-02-05 09:00:00,2026-02-05 21:00:00,1.17798
MSS_UP,,2026-02-05 13:00:00,2026-02-06 13:00:00,1.18214
MSS_DOWN,,2026-02-10 09:00:00,2026-02-10 13:00:00,1.18991
MSS_UP,,2026-02-10 09:00:00,2026-02-10 13:00:00,1.19195
MSS_DOWN,,2026-02-10 13:00:00,2026-02-10 21:00:00,1.18878
MSS_UP,,2026-02-13 01:00:00,2026-02-13 13:00:00,1.18731
MSS_DOWN,,2026-02-13 17:00:00,2026-02-16 17:00:00,1.18472
MSS_UP,,2026-02-17 09:00:00,2026-02-17 17:00:00,1.18495
MSS_DOWN,,2026-02-18 09:00:00,2026-02-18 13:00:00,1.18279
MSS_UP,,2026-02-19 21:00:00,2026-02-20 13:00:00,1.17778
MSS_DOWN,,2026-02-23 13:00:00,2026-02-24 01:00:00,1.17740
MSS_UP,,2026-02-24 09:00:00,2026-02-25 01:00:00,1.17927
MSS_DOWN,,2026-02-27 13:00:00,2026-03-01 17:00:00,1.17901
MSS_UP,,2026-03-03 21:00:00,2026-03-04 09:00:00,1.16254
MSS_DOWN,,2026-03-04 17:00:00,2026-03-05 05:00:00,1.16161
MSS_UP,,2026-03-06 05:00:00,2026-03-06 17:00:00,1.16209
MSS_DOWN,,2026-03-06 13:00:00,2026-03-08 21:00:00,1.15455
MSS_UP,,2026-03-06 17:00:00,2026-03-09 21:00:00,1.16211
MSS_DOWN,,2026-03-10 05:00:00,2026-03-10 21:00:00,1.16065
MSS_UP,,2026-03-16 01:00:00,2026-03-16 09:00:00,1.14561
MSS_DOWN,,2026-03-17 01:00:00,2026-03-17 05:00:00,1.14862
MSS_UP,,2026-03-17 05:00:00,2026-03-17 09:00:00,1.15026
MSS_DOWN,,2026-03-18 01:00:00,2026-03-18 09:00:00,1.15315
MSS_UP,,2026-03-18 05:00:00,2026-03-18 13:00:00,1.15489
MSS_DOWN,,2026-03-18 09:00:00,2026-03-18 13:00:00,1.15174
MSS_UP,,2026-03-19 01:00:00,2026-03-19 13:00:00,1.14910
MSS_DOWN,,2026-03-20 05:00:00,2026-03-20 09:00:00,1.15521
MSS_UP,,2026-03-23 01:00:00,2026-03-23 13:00:00,1.15643
MSS_DOWN,,2026-03-24 05:00:00,2026-03-24 13:00:00,1.15753
MSS_UP,,2026-03-24 09:00:00,2026-03-24 21:00:00,1.16173
MSS_DOWN,,2026-03-25 05:00:00,2026-03-25 13:00:00,1.15867
MSS_UP,,2026-03-29 21:00:00,2026-03-30 01:00:00,1.15126
MSS_DOWN,,2026-03-30 01:00:00,2026-03-30 09:00:00,1.14870
MSS_UP,,2026-03-30 21:00:00,2026-03-31 01:00:00,1.14679
MSS_DOWN,,2026-04-01 21:00:00,2026-04-02 01:00:00,1.15760
MSS_UP,,2026-04-03 01:00:00,2026-04-03 09:00:00,1.15448
MSS_DOWN,,2026-04-03 05:00:00,2026-04-03 13:00:00,1.15290
MSS_UP,,2026-04-03 09:00:00,2026-04-06 09:00:00,1.15488
MSS_DOWN,,2026-04-10 01:00:00,2026-04-10 05:00:00,1.16851
MSS_UP,,2026-04-10 05:00:00,2026-04-10 09:00:00,1.16964
MSS_DOWN,,2026-04-10 09:00:00,2026-04-12 21:00:00,1.16771
MSS_UP,,2026-04-13 09:00:00,2026-04-13 13:00:00,1.16998
MSS_DOWN,,2026-04-14 17:00:00,2026-04-15 01:00:00,1.17871
MSS_UP,,2026-04-15 01:00:00,2026-04-15 17:00:00,1.18015
MSS_DOWN,,2026-04-15 09:00:00,2026-04-16 13:00:00,1.17716
MSS_UP,,2026-04-16 05:00:00,2026-04-17 13:00:00,1.18235
MSS_DOWN,,2026-04-16 13:00:00,2026-04-17 21:00:00,1.17665
MSS_UP,,2026-04-23 01:00:00,2026-04-23 13:00:00,1.17133
MSS_DOWN,,2026-04-23 13:00:00,2026-04-23 17:00:00,1.16786
MSS_UP,,2026-04-23 13:00:00,2026-04-24 13:00:00,1.17162
MSS_DOWN,,2026-04-27 21:00:00,2026-04-28 01:00:00,1.17177
MSS_UP,,2026-04-30 01:00:00,2026-04-30 09:00:00,1.16892
MSS_DOWN,,2026-05-01 05:00:00,2026-05-01 21:00:00,1.17185
MSS_UP,,2026-05-05 17:00:00,2026-05-06 01:00:00,1.17133
MSS_DOWN,,2026-05-07 05:00:00,2026-05-07 17:00:00,1.17447
MSS_UP,,2026-05-07 09:00:00,2026-05-08 13:00:00,1.17779
MSS_DOWN,,2026-05-11 13:00:00,2026-05-12 01:00:00,1.17630
MSS_UP,,2026-05-13 21:00:00,2026-05-14 05:00:00,1.17182
MSS_DOWN,,2026-05-14 05:00:00,2026-05-14 09:00:00,1.17064
MSS_UP,,2026-05-15 09:00:00,2026-05-18 13:00:00,1.16551
MSS_DOWN,,2026-05-18 01:00:00,2026-05-19 13:00:00,1.16078
MSS_UP,,2026-05-20 01:00:00,2026-05-20 13:00:00,1.16125
MSS_DOWN,,2026-05-21 09:00:00,2026-05-21 13:00:00,1.15937
MSS_UP,,2026-05-22 13:00:00,2026-05-22 17:00:00,1.16180
MSS_DOWN,,2026-05-25 09:00:00,2026-05-26 05:00:00,1.16292
MSS_UP,,2026-05-26 09:00:00,2026-05-27 05:00:00,1.16448
MSS_DOWN,,2026-05-27 09:00:00,2026-05-27 13:00:00,1.16356
MSS_UP,,2026-05-28 09:00:00,2026-05-28 13:00:00,1.16188
MSS_DOWN,,2026-05-28 21:00:00,2026-05-29 01:00:00,1.16446
MSS_UP,,2026-05-29 01:00:00,2026-05-29 13:00:00,1.16561
MSS_DOWN,,2026-06-01 05:00:00,2026-06-01 13:00:00,1.16413
MSS_UP,,2026-06-04 05:00:00,2026-06-04 09:00:00,1.16146
MSS_DOWN,,2026-06-04 21:00:00,2026-06-05 13:00:00,1.16076
MSS_UP,,2026-06-08 05:00:00,2026-06-08 13:00:00,1.15395
MSS_DOWN,,2026-06-10 13:00:00,2026-06-10 17:00:00,1.15351
MSS_UP,,2026-06-11 01:00:00,2026-06-11 17:00:00,1.15556
MSS_DOWN,,2026-06-15 09:00:00,2026-06-15 17:00:00,1.15967
MSS_UP,,2026-06-23 01:00:00,2026-06-23 09:00:00,1.14315
MSS_DOWN,,2026-06-23 05:00:00,2026-06-23 09:00:00,1.14183
MSS_UP,,2026-06-24 17:00:00,2026-06-25 05:00:00,1.13675
MSS_DOWN,,2026-06-25 01:00:00,2026-06-25 09:00:00,1.13472
MSS_UP,,2026-06-25 09:00:00,2026-06-25 13:00:00,1.13736
MSS_DOWN,,2026-06-30 05:00:00,2026-07-01 13:00:00,1.13823
MSS_UP,,2026-07-01 13:00:00,2026-07-02 09:00:00,1.14113
MSS_DOWN,,2026-07-03 21:00:00,2026-07-05 21:00:00,1.14325
MSS_UP,,2026-07-05 21:00:00,2026-07-06 17:00:00,1.14440
MSS_DOWN,,2026-07-07 09:00:00,2026-07-07 17:00:00,1.14231
MSS_UP,,2026-07-08 09:00:00,2026-07-09 05:00:00,1.14312
MSS_DOWN,,2026-07-09 21:00:00,2026-07-10 13:00:00,1.14252
MSS_UP,,2026-07-14 05:00:00,2026-07-14 09:00:00,1.13963
MSS_DOWN,,2026-07-17 05:00:00,2026-07-17 09:00:00,1.14343
MSS_UP,,2026-07-17 17:00:00,2026-07-20 05:00:00,1.14441
MSS_DOWN,,2026-07-20 01:00:00,2026-07-20 13:00:00,1.14233
MSS_UP,,2026-07-21 01:00:00,2026-07-21 05:00:00,1.14180
MSS_DOWN,,2026-07-21 05:00:00,2026-07-21 13:00:00,1.14086
MSS_UP,,2026-07-22 09:00:00,2026-07-22 13:00:00,1.14179
MSS_DOWN,,2026-07-22 21:00:00,2026-07-23 09:00:00,1.14050
MSS_UP,,2026-07-24 09:00:00,2026-07-27 01:00:00,1.14008
MSS_DOWN,,2026-07-24 13:00:00,2026-07-27 21:00:00,1.13645
MSS_UP,,2026-07-28 05:00:00,2026-07-28 13:00:00,1.13798
MSS_DOWN,,2026-07-29 01:00:00,2026-07-29 13:00:00,1.13819
MSS_UP,,2026-07-29 05:00:00,2026-07-29 17:00:00,1.14033
MSS_DOWN,,2026-07-31 05:00:00,2026-07-31 09:00:00,1.15040
MSS_UP,,2026-07-31 09:00:00,2026-07-31 17:00:00,1.15259
MSS_DOWN,,2026-08-03 09:00:00,2026-08-03 13:00:00,1.15163
MSS_UP,,2026-08-04 01:00:00,2026-08-04 09:00:00,1.15146
MSS_DOWN,,2026-08-06 09:00:00,2026-08-06 13:00:00,1.15361
MSS_UP,,2026-08-06 13:00:00,2026-08-07 13:00:00,1.15465
MSS_DOWN,,2026-08-10 05:00:00,2026-08-10 13:00:00,1.15476
MSS_UP,,2026-08-11 13:00:00,2026-08-12 09:00:00,1.15481
MSS_DOWN,,2026-08-12 05:00:00,2026-08-12 17:00:00,1.15318
MSS_UP,,2026-08-13 01:00:00,2026-08-13 09:00:00,1.15309
MSS_DOWN,,2026-08-17 17:00:00,2026-08-18 05:00:00,1.15706
MSS_UP,,2026-08-18 01:00:00,2026-08-18 13:00:00,1.15855
MSS_DOWN,,2026-08-21 09:00:00,2026-08-21 13:00:00,1.16863
MSS_UP,,2026-08-23 21:00:00,2026-08-24 01:00:00,1.16830
MSS_DOWN,,2026-08-23 21:00:00,2026-08-24 09:00:00,1.16712
MSS_UP,,2026-08-25 01:00:00,2026-08-25 09:00:00,1.16704
MSS_DOWN,,2026-08-26 05:00:00,2026-08-26 13:00:00,1.16594
MSS_UP,,2026-08-27 09:00:00,2026-08-27 13:00:00,1.16576
MSS_DOWN,,2026-08-28 09:00:00,2026-08-28 13:00:00,1.16389
MSS_UP,,2026-09-01 13:00:00,2026-09-02 13:00:00,1.16078
MSS_DOWN,,2026-09-07 21:00:00,2026-09-08 09:00:00,1.16196
MSS_UP,,2026-09-08 05:00:00,2026-09-09 05:00:00,1.16355
MSS_DOWN,,2026-09-09 09:00:00,2026-09-09 17:00:00,1.16215
