id,type,side,origin_bar_idx,origin_start_utc,origin_start_display,bottom,top,trigger_bar_idx,trigger_time_utc,trigger_time_display,eligible_bar_idx,eligible_time_utc,eligible_time_display,status,stop_bar_idx,impact_time_utc,impact_time_display,control_at_impact,authorized
1,IRB,BUY,1,2026-01-02 09:00:00,2026-01-02 12:00:00,1.17128,1.17234,2,2026-01-02 15:55:00,2026-01-02 18:55:00,3,2026-01-02 18:51:00,2026-01-02 21:51:00,IRB,3,2026-01-02 18:51:00,2026-01-02 21:51:00,NONE,False
2,ARB,SELL,2,2026-01-02 13:00:00,2026-01-02 16:00:00,1.17370,1.17542,5,2026-01-04 18:17:00,2026-01-04 21:17:00,5,2026-01-04 18:17:00,2026-01-04 21:17:00,ARB,13,2026-01-06 02:57:00,2026-01-06 05:57:00,NONE,False
3,IRB,SELL,5,2026-01-04 17:00:00,2026-01-04 20:00:00,1.17223,1.17257,6,2026-01-04 22:56:00,2026-01-05 01:56:00,10,2026-01-05 15:02:00,2026-01-05 18:02:00,IRB,11,2026-01-05 18:37:00,2026-01-05 21:37:00,NONE,False
4,IRB,BUY,10,2026-01-05 13:00:00,2026-01-05 16:00:00,1.16587,1.16703,11,2026-01-05 19:00:00,2026-01-05 22:00:00,15,2026-01-06 09:01:00,2026-01-06 12:01:00,ORB,26,2026-01-08 08:38:00,2026-01-08 11:38:00,NONE,False
5,ARB,SELL,14,2026-01-06 05:00:00,2026-01-06 08:00:00,1.17334,1.17425,19,2026-01-07 01:36:00,2026-01-07 04:36:00,19,2026-01-07 01:36:00,2026-01-07 04:36:00,ARB,79,2026-01-20 11:42:00,2026-01-20 14:42:00,NONE,False
6,IRB,SELL,19,2026-01-07 01:00:00,2026-01-07 04:00:00,1.16913,1.17022,20,2026-01-07 07:36:00,2026-01-07 10:36:00,22,2026-01-07 13:51:00,2026-01-07 16:51:00,IRB,22,2026-01-07 13:51:00,2026-01-07 16:51:00,NONE,False
7,IRB,SELL,22,2026-01-07 13:00:00,2026-01-07 16:00:00,1.16889,1.16982,24,2026-01-07 22:00:00,2026-01-08 01:00:00,25,2026-01-08 02:42:00,2026-01-08 05:42:00,ORB,40,2026-01-12 08:11:00,2026-01-12 11:11:00,NONE,False
8,IRB,SELL,26,2026-01-08 05:00:00,2026-01-08 08:00:00,1.16800,1.16826,26,2026-01-08 08:24:00,2026-01-08 11:24:00,30,2026-01-08 21:34:00,2026-01-09 00:34:00,ORB,40,2026-01-12 07:17:00,2026-01-12 10:17:00,NONE,False
9,ARB,BUY,29,2026-01-08 17:00:00,2026-01-08 20:00:00,1.16422,1.16509,31,2026-01-09 01:42:00,2026-01-09 04:42:00,31,2026-01-09 01:42:00,2026-01-09 04:42:00,ARB,31,2026-01-09 01:42:00,2026-01-09 04:42:00,NONE,False
10,IRB,SELL,30,2026-01-08 21:00:00,2026-01-09 00:00:00,1.16533,1.16623,32,2026-01-09 07:33:00,2026-01-09 10:33:00,34,2026-01-09 13:32:00,2026-01-09 16:32:00,IRB,34,2026-01-09 13:32:00,2026-01-09 16:32:00,NONE,False
11,IRB,SELL,34,2026-01-09 13:00:00,2026-01-09 16:00:00,1.16411,1.16603,34,2026-01-09 13:30:00,2026-01-09 16:30:00,37,2026-01-11 18:36:00,2026-01-11 21:36:00,IRB,38,2026-01-12 00:11:00,2026-01-12 03:11:00,NONE,False
12,ARB,BUY,34,2026-01-09 13:00:00,2026-01-09 16:00:00,1.16177,1.16328,38,2026-01-11 22:08:00,2026-01-12 01:08:00,38,2026-01-11 22:08:00,2026-01-12 01:08:00,ARB,38,2026-01-11 22:08:00,2026-01-12 01:08:00,NONE,False
13,IRB,BUY,38,2026-01-11 21:00:00,2026-01-12 00:00:00,1.16213,1.16395,38,2026-01-12 00:11:00,2026-01-12 03:11:00,42,2026-01-12 14:29:00,2026-01-12 17:29:00,ORB,48,2026-01-13 16:14:00,2026-01-13 19:14:00,NONE,False
14,ARB,SELL,42,2026-01-12 13:00:00,2026-01-12 16:00:00,1.16809,1.16981,46,2026-01-13 05:00:00,2026-01-13 08:00:00,46,2026-01-13 05:00:00,2026-01-13 08:00:00,ARB,78,2026-01-20 07:33:00,2026-01-20 10:33:00,NONE,False
15,IRB,SELL,47,2026-01-13 09:00:00,2026-01-13 12:00:00,1.16689,1.16740,47,2026-01-13 12:57:00,2026-01-13 15:57:00,48,2026-01-13 13:30:00,2026-01-13 16:30:00,IRB,48,2026-01-13 13:30:00,2026-01-13 16:30:00,NONE,False
16,IRB,BUY,47,2026-01-13 09:00:00,2026-01-13 12:00:00,1.16526,1.16548,48,2026-01-13 13:30:00,2026-01-13 16:30:00,55,2026-01-14 18:02:00,2026-01-14 21:02:00,IRB,55,,,,False
17,IRB,SELL,48,2026-01-13 13:00:00,2026-01-13 16:00:00,1.16548,1.16774,48,2026-01-13 13:18:00,2026-01-13 16:18:00,51,2026-01-14 03:35:00,2026-01-14 06:35:00,IRB,53,2026-01-14 10:36:00,2026-01-14 13:36:00,NONE,False
18,ARB,BUY,48,2026-01-13 13:00:00,2026-01-13 16:00:00,1.16339,1.16454,55,2026-01-14 18:02:00,2026-01-14 21:02:00,55,2026-01-14 18:02:00,2026-01-14 21:02:00,ARB,55,2026-01-14 18:02:00,2026-01-14 21:02:00,NONE,False
19,IRB,SELL,54,2026-01-14 13:00:00,2026-01-14 16:00:00,1.16593,1.16613,57,2026-01-15 01:34:00,2026-01-15 04:34:00,59,2026-01-15 09:48:00,2026-01-15 12:48:00,ORB,77,2026-01-20 04:24:00,2026-01-20 07:24:00,NONE,False
20,IRB,SELL,59,2026-01-15 09:00:00,2026-01-15 12:00:00,1.16304,1.16406,59,2026-01-15 12:55:00,2026-01-15 15:55:00,63,2026-01-16 02:37:00,2026-01-16 05:37:00,ORB,70,2026-01-19 00:34:00,2026-01-19 03:34:00,NONE,False
21,IRB,SELL,66,2026-01-16 13:00:00,2026-01-16 16:00:00,1.16188,1.16270,66,2026-01-16 15:39:00,2026-01-16 18:39:00,70,2026-01-18 23:05:00,2026-01-19 02:05:00,IRB,70,2026-01-18 23:33:00,2026-01-19 02:33:00,NONE,False
22,IRB,BUY,69,2026-01-18 17:00:00,2026-01-18 20:00:00,1.15692,1.15947,70,2026-01-19 00:32:00,2026-01-19 03:32:00,73,2026-01-19 09:14:00,2026-01-19 12:14:00,ORB,271,2026-03-03 10:38:00,2026-03-03 13:38:00,BUY_ONLY,False
23,ARB,SELL,72,2026-01-19 05:00:00,2026-01-19 08:00:00,1.16328,1.16410,74,2026-01-19 13:19:00,2026-01-19 16:19:00,74,2026-01-19 13:19:00,2026-01-19 16:19:00,ARB,74,2026-01-19 13:19:00,2026-01-19 16:19:00,NONE,False
24,IRB,BUY,73,2026-01-19 09:00:00,2026-01-19 12:00:00,1.16107,1.16247,74,2026-01-19 14:49:00,2026-01-19 17:49:00,76,2026-01-19 23:36:00,2026-01-20 02:36:00,ORB,270,2026-03-03 08:41:00,2026-03-03 11:41:00,BUY_ONLY,False
25,ARB,SELL,75,2026-01-19 17:00:00,2026-01-19 20:00:00,1.16449,1.16484,77,2026-01-20 03:13:00,2026-01-20 06:13:00,77,2026-01-20 03:13:00,2026-01-20 06:13:00,ARB,77,2026-01-20 03:13:00,2026-01-20 06:13:00,NONE,False
26,IRB,BUY,76,2026-01-19 21:00:00,2026-01-20 00:00:00,1.16320,1.16399,77,2026-01-20 03:20:00,2026-01-20 06:20:00,80,2026-01-20 14:42:00,2026-01-20 17:42:00,ORB,270,2026-03-03 08:05:00,2026-03-03 11:05:00,BUY_ONLY,False
27,ARB,SELL,80,2026-01-20 13:00:00,2026-01-20 16:00:00,1.17385,1.17688,83,2026-01-21 01:24:00,2026-01-21 04:24:00,83,2026-01-21 01:24:00,2026-01-21 04:24:00,ARB,86,2026-01-21 13:09:00,2026-01-21 16:09:00,NONE,False
28,IRB,SELL,83,2026-01-21 01:00:00,2026-01-21 04:00:00,1.17234,1.17338,83,2026-01-21 03:30:00,2026-01-21 06:30:00,85,2026-01-21 12:31:00,2026-01-21 15:31:00,IRB,85,2026-01-21 12:31:00,2026-01-21 15:31:00,NONE,False
29,IRB,BUY,85,2026-01-21 09:00:00,2026-01-21 12:00:00,1.17009,1.17098,85,2026-01-21 12:52:00,2026-01-21 15:52:00,86,2026-01-21 15:58:00,2026-01-21 18:58:00,IRB,86,2026-01-21 15:58:00,2026-01-21 18:58:00,NONE,False
30,IRB,SELL,86,2026-01-21 13:00:00,2026-01-21 16:00:00,1.17344,1.17427,86,2026-01-21 15:58:00,2026-01-21 18:58:00,89,2026-01-22 01:57:00,2026-01-22 04:57:00,IRB,92,2026-01-22 16:00:00,2026-01-22 19:00:00,NONE,False
31,IRB,BUY,88,2026-01-21 21:00:00,2026-01-22 00:00:00,1.16691,1.16864,92,2026-01-22 16:11:00,2026-01-22 19:11:00,95,2026-01-23 02:04:00,2026-01-23 05:04:00,ORB,266,2026-03-02 15:53:00,2026-03-02 18:53:00,BUY_ONLY,False
32,ARB,SELL,94,2026-01-22 21:00:00,2026-01-23 00:00:00,1.17486,1.17590,96,2026-01-23 05:23:00,2026-01-23 08:23:00,96,2026-01-23 05:23:00,2026-01-23 08:23:00,ARB,96,2026-01-23 05:23:00,2026-01-23 08:23:00,NONE,False
33,IRB,SELL,96,2026-01-23 05:00:00,2026-01-23 08:00:00,1.17495,1.17536,96,2026-01-23 06:49:00,2026-01-23 09:49:00,98,2026-01-23 13:15:00,2026-01-23 16:15:00,IRB,98,2026-01-23 15:03:00,2026-01-23 18:03:00,NONE,False
34,IRB,BUY,96,2026-01-23 05:00:00,2026-01-23 08:00:00,1.17279,1.17395,98,2026-01-23 15:47:00,2026-01-23 18:47:00,104,2026-01-26 06:09:00,2026-01-26 09:09:00,ORB,264,2026-03-02 06:28:00,2026-03-02 09:28:00,BUY_ONLY,False
35,IRB,BUY,106,2026-01-26 13:00:00,2026-01-26 16:00:00,1.18346,1.18418,106,2026-01-26 16:03:00,2026-01-26 19:03:00,109,2026-01-27 04:40:00,2026-01-27 07:40:00,ORB,134,2026-02-01 23:06:00,2026-02-02 02:06:00,NONE,False
36,ARB,SELL,106,2026-01-26 13:00:00,2026-01-26 16:00:00,1.18856,1.19066,111,2026-01-27 09:52:00,2026-01-27 12:52:00,111,2026-01-27 09:52:00,2026-01-27 12:52:00,ARB,111,2026-01-27 09:52:00,2026-01-27 12:52:00,NONE,False
37,IRB,BUY,110,2026-01-27 05:00:00,2026-01-27 08:00:00,1.18499,1.18603,111,2026-01-27 12:12:00,2026-01-27 15:12:00,115,2026-01-28 01:06:00,2026-01-28 04:06:00,ORB,131,2026-01-30 18:28:00,2026-01-30 21:28:00,NONE,False
38,ARB,SELL,113,2026-01-27 17:00:00,2026-01-27 20:00:00,1.20290,1.20825,116,2026-01-28 07:14:00,2026-01-28 10:14:00,116,2026-01-28 07:14:00,2026-01-28 10:14:00,ARB,-1,,,,False
39,IRB,SELL,116,2026-01-28 05:00:00,2026-01-28 08:00:00,1.19998,1.20253,116,2026-01-28 05:01:00,2026-01-28 08:01:00,120,2026-01-28 21:05:00,2026-01-29 00:05:00,ORB,-1,,,,False
40,ARB,BUY,119,2026-01-28 17:00:00,2026-01-28 20:00:00,1.18951,1.19402,123,2026-01-29 09:29:00,2026-01-29 12:29:00,123,2026-01-29 09:29:00,2026-01-29 12:29:00,ARB,123,2026-01-29 10:58:00,2026-01-29 13:58:00,NONE,False
41,ARB,BUY,119,2026-01-28 17:00:00,2026-01-28 20:00:00,1.18951,1.19402,126,2026-01-30 00:21:00,2026-01-30 03:21:00,126,2026-01-30 00:21:00,2026-01-30 03:21:00,ARB,126,2026-01-30 00:22:00,2026-01-30 03:22:00,NONE,False
42,IRB,SELL,126,2026-01-29 21:00:00,2026-01-30 00:00:00,1.19644,1.19743,127,2026-01-30 02:17:00,2026-01-30 05:17:00,128,2026-01-30 07:56:00,2026-01-30 10:56:00,ORB,-1,,,,False
43,ARB,BUY,127,2026-01-30 01:00:00,2026-01-30 04:00:00,1.18944,1.19240,129,2026-01-30 09:44:00,2026-01-30 12:44:00,129,2026-01-30 09:44:00,2026-01-30 12:44:00,ARB,129,2026-01-30 09:44:00,2026-01-30 12:44:00,NONE,False
44,IRB,BUY,129,2026-01-30 09:00:00,2026-01-30 12:00:00,1.18979,1.19191,129,2026-01-30 11:51:00,2026-01-30 14:51:00,130,2026-01-30 15:01:00,2026-01-30 18:01:00,IRB,130,2026-01-30 15:01:00,2026-01-30 18:01:00,NONE,False
45,IRB,SELL,129,2026-01-30 09:00:00,2026-01-30 12:00:00,1.19324,1.19542,130,2026-01-30 15:01:00,2026-01-30 18:01:00,134,2026-02-01 23:39:00,2026-02-02 02:39:00,ORB,-1,,,,False
46,ARB,BUY,134,2026-02-01 21:00:00,2026-02-02 00:00:00,1.18391,1.18473,136,2026-02-02 05:29:00,2026-02-02 08:29:00,136,2026-02-02 05:29:00,2026-02-02 08:29:00,ARB,136,2026-02-02 05:47:00,2026-02-02 08:47:00,NONE,False
47,ARB,BUY,136,2026-02-02 05:00:00,2026-02-02 08:00:00,1.18405,1.18503,138,2026-02-02 13:02:00,2026-02-02 16:02:00,138,2026-02-02 13:02:00,2026-02-02 16:02:00,ARB,138,2026-02-02 13:02:00,2026-02-02 16:02:00,NONE,False
48,IRB,SELL,137,2026-02-02 09:00:00,2026-02-02 12:00:00,1.18503,1.18709,138,2026-02-02 13:03:00,2026-02-02 16:03:00,141,2026-02-03 01:11:00,2026-02-03 04:11:00,ORB,168,2026-02-09 06:01:00,2026-02-09 09:01:00,NONE,False
49,ARB,BUY,139,2026-02-02 17:00:00,2026-02-02 20:00:00,1.17756,1.17911,143,2026-02-03 09:34:00,2026-02-03 12:34:00,143,2026-02-03 09:34:00,2026-02-03 12:34:00,ARB,143,2026-02-03 10:18:00,2026-02-03 13:18:00,NONE,False
50,IRB,BUY,144,2026-02-03 13:00:00,2026-02-03 16:00:00,1.17797,1.17962,145,2026-02-03 17:16:00,2026-02-03 20:16:00,149,2026-02-04 09:31:00,2026-02-04 12:31:00,IRB,150,2026-02-04 15:34:00,2026-02-04 18:34:00,NONE,False
51,ARB,SELL,148,2026-02-04 05:00:00,2026-02-04 08:00:00,1.18351,1.18375,153,2026-02-05 01:40:00,2026-02-05 04:40:00,153,2026-02-05 01:40:00,2026-02-05 04:40:00,ARB,168,2026-02-09 05:36:00,2026-02-09 08:36:00,NONE,False
52,IRB,SELL,153,2026-02-05 01:00:00,2026-02-05 04:00:00,1.18040,1.18079,153,2026-02-05 02:48:00,2026-02-05 05:48:00,154,2026-02-05 08:19:00,2026-02-05 11:19:00,IRB,154,2026-02-05 08:19:00,2026-02-05 11:19:00,NONE,False
53,IRB,BUY,153,2026-02-05 01:00:00,2026-02-05 04:00:00,1.17823,1.17872,154,2026-02-05 08:19:00,2026-02-05 11:19:00,155,2026-02-05 09:44:00,2026-02-05 12:44:00,IRB,155,2026-02-05 09:44:00,2026-02-05 12:44:00,NONE,False
54,IRB,SELL,154,2026-02-05 05:00:00,2026-02-05 08:00:00,1.18025,1.18084,155,2026-02-05 09:56:00,2026-02-05 12:56:00,156,2026-02-05 13:30:00,2026-02-05 16:30:00,IRB,156,2026-02-05 13:30:00,2026-02-05 16:30:00,NONE,False
55,IRB,BUY,155,2026-02-05 09:00:00,2026-02-05 12:00:00,1.17798,1.17991,156,2026-02-05 13:30:00,2026-02-05 16:30:00,157,2026-02-05 20:52:00,2026-02-05 23:52:00,IRB,157,2026-02-05 20:52:00,2026-02-05 23:52:00,NONE,False
56,IRB,SELL,156,2026-02-05 13:00:00,2026-02-05 16:00:00,1.18009,1.18214,157,2026-02-05 20:57:00,2026-02-05 23:57:00,159,2026-02-06 01:14:00,2026-02-06 04:14:00,IRB,160,2026-02-06 05:16:00,2026-02-06 08:16:00,NONE,False
57,IRB,BUY,158,2026-02-05 21:00:00,2026-02-06 00:00:00,1.17652,1.17805,162,2026-02-06 14:37:00,2026-02-06 17:37:00,165,2026-02-08 18:00:00,2026-02-08 21:00:00,ORB,216,2026-02-18 22:00:00,2026-02-19 01:00:00,NONE,False
58,IRB,BUY,165,2026-02-08 17:00:00,2026-02-08 20:00:00,1.18035,1.18092,165,2026-02-08 18:04:00,2026-02-08 21:04:00,173,2026-02-10 01:24:00,2026-02-10 04:24:00,ORB,208,2026-02-17 15:28:00,2026-02-17 18:28:00,NONE,False
59,IRB,SELL,175,2026-02-10 09:00:00,2026-02-10 12:00:00,1.19087,1.19195,175,2026-02-10 12:45:00,2026-02-10 15:45:00,176,2026-02-10 14:23:00,2026-02-10 17:23:00,IRB,176,2026-02-10 14:23:00,2026-02-10 17:23:00,NONE,False
60,IRB,BUY,176,2026-02-10 13:00:00,2026-02-10 16:00:00,1.18878,1.18926,176,2026-02-10 14:23:00,2026-02-10 17:23:00,177,2026-02-10 19:10:00,2026-02-10 22:10:00,IRB,177,2026-02-10 19:10:00,2026-02-10 22:10:00,NONE,False
61,IRB,SELL,176,2026-02-10 13:00:00,2026-02-10 16:00:00,1.18972,1.19283,177,2026-02-10 19:10:00,2026-02-10 22:10:00,179,2026-02-11 01:02:00,2026-02-11 04:02:00,IRB,179,2026-02-11 01:02:00,2026-02-11 04:02:00,NONE,False
62,ARB,BUY,178,2026-02-10 21:00:00,2026-02-11 00:00:00,1.18860,1.18948,181,2026-02-11 11:43:00,2026-02-11 14:43:00,181,2026-02-11 11:43:00,2026-02-11 14:43:00,ARB,182,2026-02-11 13:30:00,2026-02-11 16:30:00,NONE,False
63,IRB,SELL,181,2026-02-11 09:00:00,2026-02-11 12:00:00,1.19180,1.19269,182,2026-02-11 13:30:00,2026-02-11 16:30:00,185,2026-02-12 01:09:00,2026-02-12 04:09:00,ORB,-1,,,,False
64,IRB,BUY,186,2026-02-12 05:00:00,2026-02-12 08:00:00,1.18518,1.18616,187,2026-02-12 09:03:00,2026-02-12 12:03:00,188,2026-02-12 16:15:00,2026-02-12 19:15:00,IRB,188,2026-02-12 16:29:00,2026-02-12 19:29:00,NONE,False
65,ARB,SELL,188,2026-02-12 13:00:00,2026-02-12 16:00:00,1.18726,1.18895,191,2026-02-13 01:00:00,2026-02-13 04:00:00,191,2026-02-13 01:00:00,2026-02-13 04:00:00,ARB,191,2026-02-13 01:01:00,2026-02-13 04:01:00,NONE,False
66,IRB,SELL,191,2026-02-13 01:00:00,2026-02-13 04:00:00,1.18719,1.18731,192,2026-02-13 06:33:00,2026-02-13 09:33:00,193,2026-02-13 09:01:00,2026-02-13 12:01:00,IRB,194,2026-02-13 13:30:00,2026-02-13 16:30:00,NONE,False
67,IRB,BUY,192,2026-02-13 05:00:00,2026-02-13 08:00:00,1.18467,1.18622,194,2026-02-13 13:30:00,2026-02-13 16:30:00,198,2026-02-15 22:21:00,2026-02-16 01:21:00,IRB,198,2026-02-16 00:28:00,2026-02-16 03:28:00,NONE,False
68,ARB,BUY,192,2026-02-13 05:00:00,2026-02-13 08:00:00,1.18467,1.18622,194,2026-02-13 15:57:00,2026-02-13 18:57:00,194,2026-02-13 15:57:00,2026-02-13 18:57:00,ARB,194,2026-02-13 15:57:00,2026-02-13 18:57:00,NONE,False
69,ARB,SELL,194,2026-02-13 13:00:00,2026-02-13 16:00:00,1.18684,1.18841,198,2026-02-15 21:28:00,2026-02-16 00:28:00,198,2026-02-15 21:28:00,2026-02-16 00:28:00,ARB,198,2026-02-15 21:28:00,2026-02-16 00:28:00,NONE,False
70,ARB,SELL,198,2026-02-15 21:00:00,2026-02-16 00:00:00,1.18702,1.18752,200,2026-02-16 06:44:00,2026-02-16 09:44:00,200,2026-02-16 06:44:00,2026-02-16 09:44:00,ARB,-1,,,,False
71,IRB,SELL,200,2026-02-16 05:00:00,2026-02-16 08:00:00,1.18647,1.18701,200,2026-02-16 08:26:00,2026-02-16 11:26:00,207,2026-02-17 09:18:00,2026-02-17 12:18:00,ORB,-1,,,,False
72,IRB,SELL,207,2026-02-17 09:00:00,2026-02-17 12:00:00,1.18404,1.18495,207,2026-02-17 11:56:00,2026-02-17 14:56:00,209,2026-02-17 17:09:00,2026-02-17 20:09:00,IRB,209,2026-02-17 17:30:00,2026-02-17 20:30:00,NONE,False
73,IRB,BUY,208,2026-02-17 13:00:00,2026-02-17 16:00:00,1.18046,1.18274,209,2026-02-17 18:43:00,2026-02-17 21:43:00,211,2026-02-18 01:00:00,2026-02-18 04:00:00,ORB,214,2026-02-18 13:53:00,2026-02-18 16:53:00,NONE,False
74,ARB,SELL,210,2026-02-17 21:00:00,2026-02-18 00:00:00,1.18507,1.18569,213,2026-02-18 12:37:00,2026-02-18 15:37:00,213,2026-02-18 12:37:00,2026-02-18 15:37:00,ARB,-1,,,,False
75,IRB,SELL,214,2026-02-18 13:00:00,2026-02-18 16:00:00,1.18396,1.18483,214,2026-02-18 13:53:00,2026-02-18 16:53:00,217,2026-02-19 01:01:00,2026-02-19 04:01:00,ORB,477,2026-04-17 13:03:00,2026-04-17 16:03:00,BUY_ONLY,False
76,IRB,SELL,219,2026-02-19 09:00:00,2026-02-19 12:00:00,1.18009,1.18071,219,2026-02-19 11:30:00,2026-02-19 14:30:00,222,2026-02-19 21:31:00,2026-02-20 00:31:00,ORB,226,2026-02-20 15:18:00,2026-02-20 18:18:00,NONE,False
77,ARB,BUY,220,2026-02-19 13:00:00,2026-02-19 16:00:00,1.17415,1.17609,223,2026-02-20 01:12:00,2026-02-20 04:12:00,223,2026-02-20 01:12:00,2026-02-20 04:12:00,ARB,223,2026-02-20 01:28:00,2026-02-20 04:28:00,NONE,False
78,ARB,BUY,224,2026-02-20 05:00:00,2026-02-20 08:00:00,1.17430,1.17528,226,2026-02-20 13:49:00,2026-02-20 16:49:00,226,2026-02-20 13:49:00,2026-02-20 16:49:00,ARB,264,2026-03-02 06:14:00,2026-03-02 09:14:00,BUY_ONLY,True
79,IRB,BUY,226,2026-02-20 13:00:00,2026-02-20 16:00:00,1.17548,1.17652,226,2026-02-20 13:25:00,2026-02-20 16:25:00,232,2026-02-23 05:08:00,2026-02-23 08:08:00,ORB,261,2026-03-01 18:57:00,2026-03-01 21:57:00,NONE,False
80,ARB,SELL,230,2026-02-22 21:00:00,2026-02-23 00:00:00,1.18305,1.18343,238,2026-02-24 08:24:00,2026-02-24 11:24:00,238,2026-02-24 08:24:00,2026-02-24 11:24:00,ARB,476,2026-04-17 12:50:00,2026-04-17 15:50:00,BUY_ONLY,False
81,IRB,SELL,239,2026-02-24 09:00:00,2026-02-24 12:00:00,1.17832,1.17927,240,2026-02-24 14:12:00,2026-02-24 17:12:00,243,2026-02-25 01:15:00,2026-02-25 04:15:00,IRB,243,2026-02-25 02:09:00,2026-02-25 05:09:00,NONE,False
82,IRB,BUY,240,2026-02-24 13:00:00,2026-02-24 16:00:00,1.17657,1.17809,243,2026-02-25 02:54:00,2026-02-25 05:54:00,245,2026-02-25 09:00:00,2026-02-25 12:00:00,IRB,245,2026-02-25 10:30:00,2026-02-25 13:30:00,NONE,False
83,ARB,SELL,244,2026-02-25 05:00:00,2026-02-25 08:00:00,1.17945,1.18075,246,2026-02-25 15:13:00,2026-02-25 18:13:00,246,2026-02-25 15:13:00,2026-02-25 18:13:00,ARB,246,2026-02-25 15:13:00,2026-02-25 18:13:00,NONE,False
84,IRB,BUY,245,2026-02-25 09:00:00,2026-02-25 12:00:00,1.17707,1.17855,247,2026-02-25 17:04:00,2026-02-25 20:04:00,250,2026-02-26 07:05:00,2026-02-26 10:05:00,IRB,252,2026-02-26 15:27:00,2026-02-26 18:27:00,NONE,False
85,ARB,SELL,249,2026-02-26 01:00:00,2026-02-26 04:00:00,1.18187,1.18285,252,2026-02-26 13:00:00,2026-02-26 16:00:00,252,2026-02-26 13:00:00,2026-02-26 16:00:00,ARB,256,2026-02-27 07:45:00,2026-02-27 10:45:00,NONE,False
86,IRB,SELL,252,2026-02-26 13:00:00,2026-02-26 16:00:00,1.18087,1.18163,252,2026-02-26 15:24:00,2026-02-26 18:24:00,254,2026-02-26 21:02:00,2026-02-27 00:02:00,IRB,255,2026-02-27 04:34:00,2026-02-27 07:34:00,NONE,False
87,ARB,BUY,253,2026-02-26 17:00:00,2026-02-26 20:00:00,1.17737,1.17916,255,2026-02-27 01:53:00,2026-02-27 04:53:00,255,2026-02-27 01:53:00,2026-02-27 04:53:00,ARB,255,2026-02-27 01:56:00,2026-02-27 04:56:00,NONE,False
88,IRB,BUY,255,2026-02-27 01:00:00,2026-02-27 04:00:00,1.17886,1.17959,255,2026-02-27 03:26:00,2026-02-27 06:26:00,257,2026-02-27 09:56:00,2026-02-27 12:56:00,IRB,257,2026-02-27 09:56:00,2026-02-27 12:56:00,NONE,False
89,IRB,BUY,258,2026-02-27 13:00:00,2026-02-27 16:00:00,1.17901,1.18018,258,2026-02-27 16:32:00,2026-02-27 19:32:00,260,2026-02-27 21:45:00,2026-02-28 00:45:00,IRB,261,2026-03-01 18:00:00,2026-03-01 21:00:00,NONE,False
90,IRB,SELL,259,2026-02-27 17:00:00,2026-02-27 20:00:00,1.18217,1.18265,261,2026-03-01 18:00:00,2026-03-01 21:00:00,263,2026-03-02 01:13:00,2026-03-02 04:13:00,ORB,468,2026-04-16 03:05:00,2026-04-16 06:05:00,BUY_ONLY,False
91,ARB,BUY,261,2026-03-01 17:00:00,2026-03-01 20:00:00,1.17533,1.17654,264,2026-03-02 05:15:00,2026-03-02 08:15:00,264,2026-03-02 05:15:00,2026-03-02 08:15:00,ARB,264,2026-03-02 06:00:00,2026-03-02 09:00:00,BUY_ONLY,True
92,IRB,SELL,263,2026-03-02 01:00:00,2026-03-02 04:00:00,1.17859,1.17955,264,2026-03-02 06:14:00,2026-03-02 09:14:00,269,2026-03-03 01:15:00,2026-03-03 04:15:00,ORB,457,2026-04-14 07:02:00,2026-04-14 10:02:00,BUY_ONLY,False
93,IRB,SELL,269,2026-03-03 01:00:00,2026-03-03 04:00:00,1.16949,1.17065,270,2026-03-03 05:37:00,2026-03-03 08:37:00,273,2026-03-03 18:37:00,2026-03-03 21:37:00,ORB,430,2026-04-08 00:02:00,2026-04-08 03:02:00,BUY_ONLY,False
94,ARB,BUY,272,2026-03-03 13:00:00,2026-03-03 16:00:00,1.15299,1.16026,275,2026-03-04 01:07:00,2026-03-04 04:07:00,275,2026-03-04 01:07:00,2026-03-04 04:07:00,ARB,275,2026-03-04 01:07:00,2026-03-04 04:07:00,BUY_ONLY,True
95,IRB,BUY,275,2026-03-04 01:00:00,2026-03-04 04:00:00,1.15743,1.15925,276,2026-03-04 07:31:00,2026-03-04 10:31:00,281,2026-03-05 02:24:00,2026-03-05 05:24:00,IRB,282,2026-03-05 06:01:00,2026-03-05 09:01:00,BUY_ONLY,True
96,ARB,SELL,277,2026-03-04 09:00:00,2026-03-04 12:00:00,1.16300,1.16542,283,2026-03-05 09:06:00,2026-03-05 12:06:00,283,2026-03-05 09:06:00,2026-03-05 12:06:00,ARB,283,2026-03-05 09:06:00,2026-03-05 12:06:00,BUY_ONLY,False
97,IRB,SELL,283,2026-03-05 09:00:00,2026-03-05 12:00:00,1.16201,1.16437,284,2026-03-05 15:26:00,2026-03-05 18:26:00,286,2026-03-05 21:09:00,2026-03-06 00:09:00,IRB,287,2026-03-06 02:16:00,2026-03-06 05:16:00,BUY_ONLY,False
98,ARB,BUY,284,2026-03-05 13:00:00,2026-03-05 16:00:00,1.15585,1.15834,288,2026-03-06 05:58:00,2026-03-06 08:58:00,288,2026-03-06 05:58:00,2026-03-06 08:58:00,ARB,289,2026-03-06 09:23:00,2026-03-06 12:23:00,BUY_ONLY,True
99,IRB,SELL,287,2026-03-06 01:00:00,2026-03-06 04:00:00,1.16133,1.16209,289,2026-03-06 12:04:00,2026-03-06 15:04:00,290,2026-03-06 16:19:00,2026-03-06 19:19:00,IRB,291,2026-03-06 18:13:00,2026-03-06 21:13:00,BUY_ONLY,False
100,IRB,BUY,290,2026-03-06 13:00:00,2026-03-06 16:00:00,1.15455,1.15545,291,2026-03-06 18:20:00,2026-03-06 21:20:00,293,2026-03-08 18:01:00,2026-03-08 21:01:00,IRB,293,2026-03-08 19:55:00,2026-03-08 22:55:00,BUY_ONLY,True
101,IRB,SELL,291,2026-03-06 17:00:00,2026-03-06 20:00:00,1.16056,1.16211,293,2026-03-08 20:16:00,2026-03-08 23:16:00,296,2026-03-09 05:04:00,2026-03-09 08:04:00,IRB,299,2026-03-09 19:19:00,2026-03-09 22:19:00,BUY_ONLY,False
102,IRB,BUY,295,2026-03-09 01:00:00,2026-03-09 04:00:00,1.15068,1.15170,299,2026-03-09 19:43:00,2026-03-09 22:43:00,301,2026-03-10 03:06:00,2026-03-10 06:06:00,ORB,316,2026-03-12 14:38:00,2026-03-12 17:38:00,BUY_ONLY,False
103,ARB,SELL,300,2026-03-09 21:00:00,2026-03-10 00:00:00,1.16342,1.16452,302,2026-03-10 06:24:00,2026-03-10 09:24:00,302,2026-03-10 06:24:00,2026-03-10 09:24:00,ARB,302,2026-03-10 06:38:00,2026-03-10 09:38:00,BUY_ONLY,False
104,IRB,BUY,301,2026-03-10 01:00:00,2026-03-10 04:00:00,1.16065,1.16114,302,2026-03-10 07:29:00,2026-03-10 10:29:00,305,2026-03-10 18:15:00,2026-03-10 21:15:00,IRB,305,2026-03-10 19:38:00,2026-03-10 22:38:00,BUY_ONLY,True
105,IRB,SELL,305,2026-03-10 17:00:00,2026-03-10 20:00:00,1.16515,1.16669,305,2026-03-10 19:40:00,2026-03-10 22:40:00,307,2026-03-11 01:28:00,2026-03-11 04:28:00,ORB,430,2026-04-07 22:40:00,2026-04-08 01:40:00,BUY_ONLY,False
106,ARB,BUY,306,2026-03-10 21:00:00,2026-03-11 00:00:00,1.16024,1.16104,308,2026-03-11 08:20:00,2026-03-11 11:20:00,308,2026-03-11 08:20:00,2026-03-11 11:20:00,ARB,308,2026-03-11 08:27:00,2026-03-11 11:27:00,BUY_ONLY,True
107,IRB,SELL,308,2026-03-11 05:00:00,2026-03-11 08:00:00,1.16333,1.16450,309,2026-03-11 09:01:00,2026-03-11 12:01:00,314,2026-03-12 08:10:00,2026-03-12 11:10:00,ORB,360,2026-03-23 14:33:00,2026-03-23 17:33:00,BUY_ONLY,False
108,ARB,BUY,313,2026-03-12 01:00:00,2026-03-12 04:00:00,1.15315,1.15328,315,2026-03-12 12:46:00,2026-03-12 15:46:00,315,2026-03-12 12:46:00,2026-03-12 15:46:00,ARB,315,2026-03-12 12:46:00,2026-03-12 15:46:00,BUY_ONLY,True
109,IRB,SELL,315,2026-03-12 09:00:00,2026-03-12 12:00:00,1.15469,1.15659,316,2026-03-12 13:19:00,2026-03-12 16:19:00,319,2026-03-13 01:11:00,2026-03-13 04:11:00,ORB,336,2026-03-17 18:10:00,2026-03-17 21:10:00,BUY_ONLY,False
110,IRB,SELL,319,2026-03-13 01:00:00,2026-03-13 04:00:00,1.15230,1.15293,319,2026-03-13 03:19:00,2026-03-13 06:19:00,322,2026-03-13 13:40:00,2026-03-13 16:40:00,ORB,330,2026-03-16 18:44:00,2026-03-16 21:44:00,BUY_ONLY,False
111,IRB,SELL,322,2026-03-13 13:00:00,2026-03-13 16:00:00,1.14775,1.14898,323,2026-03-13 18:22:00,2026-03-13 21:22:00,325,2026-03-15 22:00:00,2026-03-16 01:00:00,ORB,328,2026-03-16 10:28:00,2026-03-16 13:28:00,BUY_ONLY,False
112,ARB,BUY,324,2026-03-15 17:00:00,2026-03-15 20:00:00,1.14089,1.14138,327,2026-03-16 05:20:00,2026-03-16 08:20:00,327,2026-03-16 05:20:00,2026-03-16 08:20:00,ARB,327,2026-03-16 07:40:00,2026-03-16 10:40:00,BUY_ONLY,True
113,IRB,BUY,327,2026-03-16 05:00:00,2026-03-16 08:00:00,1.14138,1.14411,328,2026-03-16 10:13:00,2026-03-16 13:13:00,331,2026-03-17 00:25:00,2026-03-17 03:25:00,ORB,753,2026-06-19 04:02:00,2026-06-19 07:02:00,BUY_ONLY,False
114,ARB,SELL,330,2026-03-16 17:00:00,2026-03-16 20:00:00,1.15043,1.15246,333,2026-03-17 08:40:00,2026-03-17 11:40:00,333,2026-03-17 08:40:00,2026-03-17 11:40:00,ARB,333,2026-03-17 08:40:00,2026-03-17 11:40:00,BUY_ONLY,False
115,IRB,BUY,333,2026-03-17 05:00:00,2026-03-17 08:00:00,1.14656,1.14968,335,2026-03-17 13:00:00,2026-03-17 16:00:00,339,2026-03-18 07:35:00,2026-03-18 10:35:00,ORB,341,2026-03-18 13:10:00,2026-03-18 16:10:00,BUY_ONLY,False
116,IRB,BUY,339,2026-03-18 05:00:00,2026-03-18 08:00:00,1.15174,1.15320,340,2026-03-18 11:15:00,2026-03-18 14:15:00,345,2026-03-19 05:39:00,2026-03-19 08:39:00,IRB,347,2026-03-19 13:54:00,2026-03-19 16:54:00,BUY_ONLY,True
117,ARB,SELL,339,2026-03-18 05:00:00,2026-03-18 08:00:00,1.15414,1.15489,340,2026-03-18 11:15:00,2026-03-18 14:15:00,340,2026-03-18 11:15:00,2026-03-18 14:15:00,ARB,340,2026-03-18 11:15:00,2026-03-18 14:15:00,BUY_ONLY,False
118,IRB,SELL,340,2026-03-18 09:00:00,2026-03-18 12:00:00,1.15320,1.15549,340,2026-03-18 12:30:00,2026-03-18 15:30:00,344,2026-03-19 01:00:00,2026-03-19 04:00:00,ORB,347,2026-03-19 15:05:00,2026-03-19 18:05:00,BUY_ONLY,False
119,ARB,BUY,343,2026-03-18 21:00:00,2026-03-19 00:00:00,1.14494,1.14514,345,2026-03-19 05:39:00,2026-03-19 08:39:00,345,2026-03-19 05:39:00,2026-03-19 08:39:00,ARB,345,2026-03-19 07:57:00,2026-03-19 10:57:00,BUY_ONLY,True
120,IRB,SELL,344,2026-03-19 01:00:00,2026-03-19 04:00:00,1.14736,1.14910,345,2026-03-19 08:06:00,2026-03-19 11:06:00,346,2026-03-19 09:21:00,2026-03-19 12:21:00,IRB,346,2026-03-19 09:21:00,2026-03-19 12:21:00,BUY_ONLY,False
121,IRB,BUY,345,2026-03-19 05:00:00,2026-03-19 08:00:00,1.14425,1.14506,347,2026-03-19 13:04:00,2026-03-19 16:04:00,350,2026-03-20 01:19:00,2026-03-20 04:19:00,ORB,391,2026-03-30 15:12:00,2026-03-30 18:12:00,NONE,False
122,ARB,SELL,348,2026-03-19 17:00:00,2026-03-19 20:00:00,1.15880,1.16159,351,2026-03-20 08:18:00,2026-03-20 11:18:00,351,2026-03-20 08:18:00,2026-03-20 11:18:00,ARB,359,2026-03-23 11:06:00,2026-03-23 14:06:00,BUY_ONLY,False
123,IRB,SELL,351,2026-03-20 05:00:00,2026-03-20 08:00:00,1.15675,1.15804,352,2026-03-20 09:47:00,2026-03-20 12:47:00,354,2026-03-20 17:23:00,2026-03-20 20:23:00,IRB,354,2026-03-20 17:24:00,2026-03-20 20:24:00,BUY_ONLY,False
124,ARB,BUY,353,2026-03-20 13:00:00,2026-03-20 16:00:00,1.15242,1.15589,355,2026-03-22 18:23:00,2026-03-22 21:23:00,355,2026-03-22 18:23:00,2026-03-22 21:23:00,ARB,355,2026-03-22 18:23:00,2026-03-22 21:23:00,BUY_ONLY,True
125,IRB,SELL,354,2026-03-20 17:00:00,2026-03-20 20:00:00,1.15701,1.15713,358,2026-03-23 06:19:00,2026-03-23 09:19:00,359,2026-03-23 11:05:00,2026-03-23 14:05:00,IRB,359,2026-03-23 11:05:00,2026-03-23 14:05:00,BUY_ONLY,False
126,IRB,BUY,359,2026-03-23 09:00:00,2026-03-23 12:00:00,1.14841,1.15294,359,2026-03-23 11:05:00,2026-03-23 14:05:00,362,2026-03-24 00:39:00,2026-03-24 03:39:00,ORB,377,2026-03-26 11:47:00,2026-03-26 14:47:00,BUY_ONLY,False
127,ARB,SELL,360,2026-03-23 13:00:00,2026-03-23 16:00:00,1.16121,1.16394,364,2026-03-24 07:02:00,2026-03-24 10:02:00,364,2026-03-24 07:02:00,2026-03-24 10:02:00,ARB,364,2026-03-24 07:12:00,2026-03-24 10:12:00,BUY_ONLY,False
128,IRB,SELL,364,2026-03-24 05:00:00,2026-03-24 08:00:00,1.15877,1.16173,366,2026-03-24 13:08:00,2026-03-24 16:08:00,367,2026-03-24 20:22:00,2026-03-24 23:22:00,IRB,367,2026-03-24 20:22:00,2026-03-24 23:22:00,BUY_ONLY,False
129,ARB,SELL,360,2026-03-23 13:00:00,2026-03-23 16:00:00,1.16121,1.16394,366,2026-03-24 14:52:00,2026-03-24 17:52:00,366,2026-03-24 14:52:00,2026-03-24 17:52:00,ARB,367,2026-03-24 20:23:00,2026-03-24 23:23:00,BUY_ONLY,False
130,IRB,SELL,366,2026-03-24 13:00:00,2026-03-24 16:00:00,1.15841,1.16066,367,2026-03-24 17:05:00,2026-03-24 20:05:00,375,2026-03-26 01:01:00,2026-03-26 04:01:00,ORB,401,2026-04-01 06:26:00,2026-04-01 09:26:00,NONE,False
131,ARB,BUY,366,2026-03-24 13:00:00,2026-03-24 16:00:00,1.15666,1.15824,367,2026-03-24 17:05:00,2026-03-24 20:05:00,367,2026-03-24 17:05:00,2026-03-24 20:05:00,ARB,367,2026-03-24 17:05:00,2026-03-24 20:05:00,BUY_ONLY,True
132,IRB,BUY,367,2026-03-24 17:00:00,2026-03-24 20:00:00,1.15566,1.15824,367,2026-03-24 20:22:00,2026-03-24 23:22:00,369,2026-03-25 04:07:00,2026-03-25 07:07:00,IRB,372,2026-03-25 13:31:00,2026-03-25 16:31:00,BUY_ONLY,True
133,IRB,SELL,368,2026-03-24 21:00:00,2026-03-25 00:00:00,1.16229,1.16302,372,2026-03-25 16:10:00,2026-03-25 19:10:00,375,2026-03-26 01:01:00,2026-03-26 04:01:00,ORB,402,2026-04-01 12:45:00,2026-04-01 15:45:00,NONE,False
134,ARB,BUY,374,2026-03-25 21:00:00,2026-03-26 00:00:00,1.15537,1.15578,376,2026-03-26 06:14:00,2026-03-26 09:14:00,376,2026-03-26 06:14:00,2026-03-26 09:14:00,ARB,376,2026-03-26 06:14:00,2026-03-26 09:14:00,BUY_ONLY,True
135,IRB,SELL,375,2026-03-26 01:00:00,2026-03-26 04:00:00,1.15690,1.15720,376,2026-03-26 06:15:00,2026-03-26 09:15:00,379,2026-03-26 20:11:00,2026-03-26 23:11:00,ORB,399,2026-03-31 23:50:00,2026-04-01 02:50:00,NONE,False
136,ARB,BUY,379,2026-03-26 17:00:00,2026-03-26 20:00:00,1.15191,1.15252,382,2026-03-27 07:15:00,2026-03-27 10:15:00,382,2026-03-27 07:15:00,2026-03-27 10:15:00,ARB,382,2026-03-27 07:27:00,2026-03-27 10:27:00,BUY_ONLY,True
137,IRB,SELL,379,2026-03-26 17:00:00,2026-03-26 20:00:00,1.15353,1.15584,382,2026-03-27 07:58:00,2026-03-27 10:58:00,384,2026-03-27 13:24:00,2026-03-27 16:24:00,IRB,384,2026-03-27 14:25:00,2026-03-27 17:25:00,BUY_ONLY,False
138,ARB,BUY,383,2026-03-27 09:00:00,2026-03-27 12:00:00,1.15014,1.15147,385,2026-03-27 17:15:00,2026-03-27 20:15:00,385,2026-03-27 17:15:00,2026-03-27 20:15:00,ARB,385,2026-03-27 17:15:00,2026-03-27 20:15:00,BUY_ONLY,True
139,IRB,SELL,384,2026-03-27 13:00:00,2026-03-27 16:00:00,1.15188,1.15474,386,2026-03-29 19:57:00,2026-03-29 22:57:00,388,2026-03-30 02:42:00,2026-03-30 05:42:00,IRB,388,2026-03-30 04:26:00,2026-03-30 07:26:00,NONE,False
140,ARB,BUY,387,2026-03-29 21:00:00,2026-03-30 00:00:00,1.14870,1.15005,389,2026-03-30 07:20:00,2026-03-30 10:20:00,389,2026-03-30 07:20:00,2026-03-30 10:20:00,ARB,389,2026-03-30 07:20:00,2026-03-30 10:20:00,NONE,False
141,IRB,SELL,388,2026-03-30 01:00:00,2026-03-30 04:00:00,1.15132,1.15209,390,2026-03-30 09:15:00,2026-03-30 12:15:00,393,2026-03-30 21:02:00,2026-03-31 00:02:00,ORB,397,2026-03-31 13:10:00,2026-03-31 16:10:00,NONE,False
142,ARB,BUY,391,2026-03-30 13:00:00,2026-03-30 16:00:00,1.14427,1.14596,395,2026-03-31 05:12:00,2026-03-31 08:12:00,395,2026-03-31 05:12:00,2026-03-31 08:12:00,ARB,396,2026-03-31 10:49:00,2026-03-31 13:49:00,NONE,False
143,IRB,BUY,396,2026-03-31 09:00:00,2026-03-31 12:00:00,1.14572,1.14668,396,2026-03-31 11:59:00,2026-03-31 14:59:00,404,2026-04-01 17:34:00,2026-04-01 20:34:00,ORB,749,2026-06-18 10:06:00,2026-06-18 13:06:00,BUY_ONLY,False
144,ARB,SELL,403,2026-04-01 13:00:00,2026-04-01 16:00:00,1.16187,1.16268,406,2026-04-02 01:11:00,2026-04-02 04:11:00,406,2026-04-02 01:11:00,2026-04-02 04:11:00,ARB,430,2026-04-07 22:05:00,2026-04-08 01:05:00,BUY_ONLY,False
145,IRB,SELL,406,2026-04-02 01:00:00,2026-04-02 04:00:00,1.15952,1.16050,406,2026-04-02 01:17:00,2026-04-02 04:17:00,409,2026-04-02 13:53:00,2026-04-02 16:53:00,ORB,429,2026-04-07 19:45:00,2026-04-07 22:45:00,BUY_ONLY,False
146,ARB,BUY,408,2026-04-02 09:00:00,2026-04-02 12:00:00,1.15088,1.15242,412,2026-04-03 02:21:00,2026-04-03 05:21:00,412,2026-04-03 02:21:00,2026-04-03 05:21:00,ARB,414,2026-04-03 12:30:00,2026-04-03 15:30:00,NONE,False
147,IRB,SELL,414,2026-04-03 09:00:00,2026-04-03 12:00:00,1.15427,1.15488,414,2026-04-03 12:30:00,2026-04-03 15:30:00,418,2026-04-05 21:27:00,2026-04-06 00:27:00,ORB,420,2026-04-06 07:36:00,2026-04-06 10:36:00,BUY_ONLY,False
148,IRB,SELL,418,2026-04-05 21:00:00,2026-04-06 00:00:00,1.15195,1.15226,418,2026-04-05 22:05:00,2026-04-06 01:05:00,419,2026-04-06 02:17:00,2026-04-06 05:17:00,IRB,419,2026-04-06 02:17:00,2026-04-06 05:17:00,BUY_ONLY,False
149,IRB,BUY,418,2026-04-05 21:00:00,2026-04-06 00:00:00,1.15049,1.15114,419,2026-04-06 02:17:00,2026-04-06 05:17:00,422,2026-04-06 15:14:00,2026-04-06 18:14:00,ORB,696,2026-06-07 19:32:00,2026-06-07 22:32:00,NONE,False
150,ARB,SELL,422,2026-04-06 13:00:00,2026-04-06 16:00:00,1.15530,1.15713,426,2026-04-07 06:36:00,2026-04-07 09:36:00,426,2026-04-07 06:36:00,2026-04-07 09:36:00,ARB,426,2026-04-07 08:02:00,2026-04-07 11:02:00,BUY_ONLY,False
151,IRB,BUY,425,2026-04-07 01:00:00,2026-04-07 04:00:00,1.15237,1.15371,426,2026-04-07 08:57:00,2026-04-07 11:57:00,434,2026-04-08 16:43:00,2026-04-08 19:43:00,ORB,694,2026-06-05 15:37:00,2026-06-05 18:37:00,NONE,False
152,ARB,SELL,434,2026-04-08 13:00:00,2026-04-08 16:00:00,1.17137,1.17214,437,2026-04-09 04:07:00,2026-04-09 07:07:00,437,2026-04-09 04:07:00,2026-04-09 07:07:00,ARB,440,2026-04-09 16:29:00,2026-04-09 19:29:00,BUY_ONLY,False
153,IRB,BUY,435,2026-04-08 17:00:00,2026-04-08 20:00:00,1.16430,1.16622,441,2026-04-09 17:28:00,2026-04-09 20:28:00,442,2026-04-09 21:16:00,2026-04-10 00:16:00,ORB,448,2026-04-12 19:06:00,2026-04-12 22:06:00,BUY_ONLY,False
154,ARB,SELL,441,2026-04-09 17:00:00,2026-04-09 20:00:00,1.17102,1.17230,445,2026-04-10 09:18:00,2026-04-10 12:18:00,445,2026-04-10 09:18:00,2026-04-10 12:18:00,ARB,445,2026-04-10 09:59:00,2026-04-10 12:59:00,BUY_ONLY,False
155,IRB,BUY,444,2026-04-10 05:00:00,2026-04-10 08:00:00,1.16771,1.16856,445,2026-04-10 12:35:00,2026-04-10 15:35:00,448,2026-04-12 19:00:00,2026-04-12 22:00:00,IRB,448,2026-04-12 19:00:00,2026-04-12 22:00:00,BUY_ONLY,True
156,IRB,SELL,446,2026-04-10 13:00:00,2026-04-10 16:00:00,1.17205,1.17392,448,2026-04-12 19:00:00,2026-04-12 22:00:00,450,2026-04-13 01:00:00,2026-04-13 04:00:00,ORB,453,2026-04-13 16:33:00,2026-04-13 19:33:00,BUY_ONLY,False
157,ARB,BUY,448,2026-04-12 17:00:00,2026-04-12 20:00:00,1.16573,1.16692,451,2026-04-13 06:42:00,2026-04-13 09:42:00,451,2026-04-13 06:42:00,2026-04-13 09:42:00,ARB,503,2026-04-23 17:45:00,2026-04-23 20:45:00,BUY_ONLY,True
158,IRB,BUY,451,2026-04-13 05:00:00,2026-04-13 08:00:00,1.16777,1.16857,451,2026-04-13 06:00:00,2026-04-13 09:00:00,461,2026-04-14 21:26:00,2026-04-15 00:26:00,ORB,501,2026-04-23 10:11:00,2026-04-23 13:11:00,BUY_ONLY,False
159,IRB,SELL,461,2026-04-14 21:00:00,2026-04-15 00:00:00,1.17950,1.18015,462,2026-04-15 02:11:00,2026-04-15 05:11:00,463,2026-04-15 05:19:00,2026-04-15 08:19:00,IRB,463,2026-04-15 05:19:00,2026-04-15 08:19:00,BUY_ONLY,False
160,IRB,SELL,463,2026-04-15 05:00:00,2026-04-15 08:00:00,1.17889,1.17990,464,2026-04-15 09:11:00,2026-04-15 12:11:00,465,2026-04-15 13:21:00,2026-04-15 16:21:00,IRB,465,2026-04-15 13:21:00,2026-04-15 16:21:00,BUY_ONLY,False
161,ARB,BUY,462,2026-04-15 01:00:00,2026-04-15 04:00:00,1.17785,1.17882,464,2026-04-15 09:02:00,2026-04-15 12:02:00,464,2026-04-15 09:02:00,2026-04-15 12:02:00,ARB,464,2026-04-15 09:02:00,2026-04-15 12:02:00,BUY_ONLY,True
162,IRB,BUY,464,2026-04-15 09:00:00,2026-04-15 12:00:00,1.17716,1.17877,465,2026-04-15 14:29:00,2026-04-15 17:29:00,469,2026-04-16 06:28:00,2026-04-16 09:28:00,IRB,469,2026-04-16 08:07:00,2026-04-16 11:07:00,BUY_ONLY,True
163,IRB,SELL,468,2026-04-16 01:00:00,2026-04-16 04:00:00,1.18090,1.18235,471,2026-04-16 13:52:00,2026-04-16 16:52:00,473,2026-04-16 22:05:00,2026-04-17 01:05:00,ORB,476,2026-04-17 12:34:00,2026-04-17 15:34:00,BUY_ONLY,False
164,ARB,BUY,471,2026-04-16 13:00:00,2026-04-16 16:00:00,1.17665,1.17746,474,2026-04-17 01:28:00,2026-04-17 04:28:00,474,2026-04-17 01:28:00,2026-04-17 04:28:00,ARB,474,2026-04-17 01:28:00,2026-04-17 04:28:00,BUY_ONLY,True
165,IRB,BUY,475,2026-04-17 05:00:00,2026-04-17 08:00:00,1.17719,1.17824,475,2026-04-17 08:40:00,2026-04-17 11:40:00,478,2026-04-17 17:08:00,2026-04-17 20:08:00,IRB,478,2026-04-17 18:49:00,2026-04-17 21:49:00,BUY_ONLY,True
166,IRB,SELL,477,2026-04-17 13:00:00,2026-04-17 16:00:00,1.18348,1.18488,478,2026-04-17 19:36:00,2026-04-17 22:36:00,481,2026-04-20 01:32:00,2026-04-20 04:32:00,ORB,-1,,,,False
167,ARB,BUY,480,2026-04-19 21:00:00,2026-04-20 00:00:00,1.17274,1.17354,482,2026-04-20 05:39:00,2026-04-20 08:39:00,482,2026-04-20 05:39:00,2026-04-20 08:39:00,ARB,491,2026-04-21 17:05:00,2026-04-21 20:05:00,BUY_ONLY,True
168,IRB,BUY,482,2026-04-20 05:00:00,2026-04-20 08:00:00,1.17467,1.17587,482,2026-04-20 06:45:00,2026-04-20 09:45:00,487,2026-04-21 01:54:00,2026-04-21 04:54:00,IRB,488,2026-04-21 08:05:00,2026-04-21 11:05:00,BUY_ONLY,True
169,ARB,SELL,486,2026-04-20 21:00:00,2026-04-21 00:00:00,1.17878,1.17907,490,2026-04-21 13:31:00,2026-04-21 16:31:00,490,2026-04-21 13:31:00,2026-04-21 16:31:00,ARB,557,2026-05-06 10:48:00,2026-05-06 13:48:00,NONE,False
170,IRB,SELL,490,2026-04-21 13:00:00,2026-04-21 16:00:00,1.17588,1.17756,490,2026-04-21 14:57:00,2026-04-21 17:57:00,494,2026-04-22 05:16:00,2026-04-22 08:16:00,IRB,494,2026-04-22 05:20:00,2026-04-22 08:20:00,BUY_ONLY,False
171,ARB,BUY,491,2026-04-21 17:00:00,2026-04-21 20:00:00,1.17184,1.17412,495,2026-04-22 11:41:00,2026-04-22 14:41:00,495,2026-04-22 11:41:00,2026-04-22 14:41:00,ARB,495,2026-04-22 11:41:00,2026-04-22 14:41:00,BUY_ONLY,True
172,IRB,SELL,494,2026-04-22 05:00:00,2026-04-22 08:00:00,1.17533,1.17621,496,2026-04-22 14:58:00,2026-04-22 17:58:00,502,2026-04-23 14:22:00,2026-04-23 17:22:00,ORB,514,2026-04-27 12:15:00,2026-04-27 15:15:00,NONE,False
173,ARB,BUY,501,2026-04-23 09:00:00,2026-04-23 12:00:00,1.16786,1.16916,503,2026-04-23 17:10:00,2026-04-23 20:10:00,503,2026-04-23 17:10:00,2026-04-23 20:10:00,ARB,503,2026-04-23 17:10:00,2026-04-23 20:10:00,BUY_ONLY,True
174,IRB,SELL,502,2026-04-23 13:00:00,2026-04-23 16:00:00,1.17018,1.17162,503,2026-04-23 17:19:00,2026-04-23 20:19:00,505,2026-04-24 01:58:00,2026-04-24 04:58:00,ORB,507,2026-04-24 10:57:00,2026-04-24 13:57:00,BUY_ONLY,False
175,IRB,BUY,505,2026-04-24 01:00:00,2026-04-24 04:00:00,1.16726,1.16788,506,2026-04-24 07:50:00,2026-04-24 10:50:00,510,2026-04-26 19:05:00,2026-04-26 22:05:00,ORB,520,2026-04-28 12:02:00,2026-04-28 15:02:00,NONE,False
176,ARB,SELL,509,2026-04-24 17:00:00,2026-04-24 20:00:00,1.17188,1.17227,512,2026-04-27 01:00:00,2026-04-27 04:00:00,512,2026-04-27 01:00:00,2026-04-27 04:00:00,ARB,512,2026-04-27 01:00:00,2026-04-27 04:00:00,NONE,False
177,IRB,BUY,510,2026-04-26 17:00:00,2026-04-26 20:00:00,1.16856,1.16894,512,2026-04-27 01:01:00,2026-04-27 04:01:00,515,2026-04-27 13:54:00,2026-04-27 16:54:00,IRB,519,2026-04-28 06:57:00,2026-04-28 09:57:00,NONE,False
178,IRB,SELL,514,2026-04-27 09:00:00,2026-04-27 12:00:00,1.17481,1.17546,520,2026-04-28 11:48:00,2026-04-28 14:48:00,521,2026-04-28 13:37:00,2026-04-28 16:37:00,ORB,538,2026-05-01 11:10:00,2026-05-01 14:10:00,NONE,False
179,ARB,BUY,520,2026-04-28 09:00:00,2026-04-28 12:00:00,1.16770,1.16966,524,2026-04-29 01:07:00,2026-04-29 04:07:00,524,2026-04-29 01:07:00,2026-04-29 04:07:00,ARB,525,2026-04-29 06:15:00,2026-04-29 09:15:00,NONE,False
180,ARB,BUY,520,2026-04-28 09:00:00,2026-04-28 12:00:00,1.16770,1.16966,526,2026-04-29 12:51:00,2026-04-29 15:51:00,526,2026-04-29 12:51:00,2026-04-29 15:51:00,ARB,526,2026-04-29 12:51:00,2026-04-29 15:51:00,NONE,False
181,IRB,SELL,526,2026-04-29 09:00:00,2026-04-29 12:00:00,1.16997,1.17093,526,2026-04-29 12:51:00,2026-04-29 15:51:00,531,2026-04-30 07:57:00,2026-04-30 10:57:00,IRB,532,2026-04-30 10:27:00,2026-04-30 13:27:00,NONE,False
182,IRB,BUY,530,2026-04-30 01:00:00,2026-04-30 04:00:00,1.16547,1.16598,532,2026-04-30 10:31:00,2026-04-30 13:31:00,537,2026-05-01 05:10:00,2026-05-01 08:10:00,ORB,597,2026-05-15 00:01:00,2026-05-15 03:01:00,NONE,False
183,IRB,BUY,537,2026-05-01 05:00:00,2026-05-01 08:00:00,1.17185,1.17264,537,2026-05-01 06:51:00,2026-05-01 09:51:00,540,2026-05-01 17:03:00,2026-05-01 20:03:00,IRB,540,2026-05-01 18:04:00,2026-05-01 21:04:00,NONE,False
184,IRB,SELL,539,2026-05-01 13:00:00,2026-05-01 16:00:00,1.17573,1.17849,540,2026-05-01 19:50:00,2026-05-01 22:50:00,541,2026-05-03 19:39:00,2026-05-03 22:39:00,IRB,541,2026-05-03 19:44:00,2026-05-03 22:44:00,NONE,False
185,ARB,BUY,540,2026-05-01 17:00:00,2026-05-01 20:00:00,1.17136,1.17189,543,2026-05-04 01:06:00,2026-05-04 04:06:00,543,2026-05-04 01:06:00,2026-05-04 04:06:00,ARB,544,2026-05-04 07:42:00,2026-05-04 10:42:00,NONE,False
186,IRB,SELL,541,2026-05-03 17:00:00,2026-05-03 20:00:00,1.17449,1.17579,544,2026-05-04 08:01:00,2026-05-04 11:01:00,550,2026-05-05 07:07:00,2026-05-05 10:07:00,ORB,556,2026-05-06 08:33:00,2026-05-06 11:33:00,NONE,False
187,ARB,BUY,550,2026-05-05 05:00:00,2026-05-05 08:00:00,1.16761,1.16774,554,2026-05-05 21:00:00,2026-05-06 00:00:00,554,2026-05-05 21:00:00,2026-05-06 00:00:00,ARB,595,2026-05-14 15:00:00,2026-05-14 18:00:00,NONE,False
188,IRB,BUY,554,2026-05-05 21:00:00,2026-05-06 00:00:00,1.16890,1.16920,554,2026-05-05 23:07:00,2026-05-06 02:07:00,558,2026-05-06 13:06:00,2026-05-06 16:06:00,ORB,595,2026-05-14 13:22:00,2026-05-14 16:22:00,NONE,False
189,ARB,SELL,557,2026-05-06 09:00:00,2026-05-06 12:00:00,1.17619,1.17963,561,2026-05-07 01:12:00,2026-05-07 04:12:00,561,2026-05-07 01:12:00,2026-05-07 04:12:00,ARB,561,2026-05-07 01:40:00,2026-05-07 04:40:00,NONE,False
190,ARB,SELL,557,2026-05-06 09:00:00,2026-05-06 12:00:00,1.17619,1.17963,562,2026-05-07 07:08:00,2026-05-07 10:08:00,562,2026-05-07 07:08:00,2026-05-07 10:08:00,ARB,562,2026-05-07 07:08:00,2026-05-07 10:08:00,NONE,False
191,IRB,BUY,562,2026-05-07 05:00:00,2026-05-07 08:00:00,1.17447,1.17504,562,2026-05-07 07:08:00,2026-05-07 10:08:00,564,2026-05-07 16:05:00,2026-05-07 19:05:00,IRB,565,2026-05-07 17:26:00,2026-05-07 20:26:00,NONE,False
192,IRB,SELL,563,2026-05-07 09:00:00,2026-05-07 12:00:00,1.17726,1.17779,565,2026-05-07 17:33:00,2026-05-07 20:33:00,567,2026-05-08 04:53:00,2026-05-08 07:53:00,IRB,569,2026-05-08 09:21:00,2026-05-08 12:21:00,NONE,False
193,IRB,BUY,566,2026-05-07 21:00:00,2026-05-08 00:00:00,1.17210,1.17238,569,2026-05-08 12:39:00,2026-05-08 15:39:00,572,2026-05-10 20:13:00,2026-05-10 23:13:00,ORB,583,2026-05-12 15:25:00,2026-05-12 18:25:00,NONE,False
194,ARB,SELL,572,2026-05-10 17:00:00,2026-05-10 20:00:00,1.17841,1.17923,575,2026-05-11 07:24:00,2026-05-11 10:24:00,575,2026-05-11 07:24:00,2026-05-11 10:24:00,ARB,577,2026-05-11 13:12:00,2026-05-11 16:12:00,NONE,False
195,ARB,SELL,577,2026-05-11 13:00:00,2026-05-11 16:00:00,1.17741,1.17874,579,2026-05-11 21:22:00,2026-05-12 00:22:00,579,2026-05-11 21:22:00,2026-05-12 00:22:00,ARB,579,2026-05-11 21:22:00,2026-05-12 00:22:00,NONE,False
196,IRB,SELL,579,2026-05-11 21:00:00,2026-05-12 00:00:00,1.17829,1.17874,579,2026-05-12 00:53:00,2026-05-12 03:53:00,586,2026-05-13 01:49:00,2026-05-13 04:49:00,ORB,-1,,,,False
197,ARB,BUY,583,2026-05-12 13:00:00,2026-05-12 16:00:00,1.17214,1.17279,587,2026-05-13 06:02:00,2026-05-13 09:02:00,587,2026-05-13 06:02:00,2026-05-13 09:02:00,ARB,587,2026-05-13 06:11:00,2026-05-13 09:11:00,NONE,False
198,IRB,SELL,586,2026-05-13 01:00:00,2026-05-13 04:00:00,1.17378,1.17414,587,2026-05-13 06:50:00,2026-05-13 09:50:00,589,2026-05-13 16:29:00,2026-05-13 19:29:00,ORB,-1,,,,False
199,ARB,BUY,588,2026-05-13 09:00:00,2026-05-13 12:00:00,1.16949,1.17014,593,2026-05-14 06:10:00,2026-05-14 09:10:00,593,2026-05-14 06:10:00,2026-05-14 09:10:00,ARB,594,2026-05-14 11:36:00,2026-05-14 14:36:00,NONE,False
200,IRB,SELL,593,2026-05-14 05:00:00,2026-05-14 08:00:00,1.17141,1.17211,595,2026-05-14 13:01:00,2026-05-14 16:01:00,600,2026-05-15 10:51:00,2026-05-15 13:51:00,ORB,-1,,,,False
201,ARB,BUY,600,2026-05-15 09:00:00,2026-05-15 12:00:00,1.16169,1.16259,602,2026-05-15 18:31:00,2026-05-15 21:31:00,602,2026-05-15 18:31:00,2026-05-15 21:31:00,ARB,602,2026-05-15 18:31:00,2026-05-15 21:31:00,NONE,False
202,IRB,SELL,600,2026-05-15 09:00:00,2026-05-15 12:00:00,1.16327,1.16551,602,2026-05-15 18:35:00,2026-05-15 21:35:00,605,2026-05-18 04:05:00,2026-05-18 07:05:00,IRB,606,2026-05-18 06:23:00,2026-05-18 09:23:00,NONE,False
203,IRB,BUY,604,2026-05-17 21:00:00,2026-05-18 00:00:00,1.16078,1.16113,607,2026-05-18 12:46:00,2026-05-18 15:46:00,609,2026-05-18 18:58:00,2026-05-18 21:58:00,ORB,613,2026-05-19 10:44:00,2026-05-19 13:44:00,NONE,False
204,IRB,BUY,609,2026-05-18 17:00:00,2026-05-18 20:00:00,1.16283,1.16512,609,2026-05-18 20:14:00,2026-05-18 23:14:00,611,2026-05-19 01:00:00,2026-05-19 04:00:00,IRB,611,2026-05-19 01:00:00,2026-05-19 04:00:00,NONE,False
205,IRB,SELL,610,2026-05-18 21:00:00,2026-05-19 00:00:00,1.16556,1.16614,612,2026-05-19 08:12:00,2026-05-19 11:12:00,620,2026-05-20 14:16:00,2026-05-20 17:16:00,ORB,650,2026-05-27 12:22:00,2026-05-27 15:22:00,NONE,False
206,ARB,BUY,620,2026-05-20 13:00:00,2026-05-20 16:00:00,1.15823,1.15950,623,2026-05-21 02:34:00,2026-05-21 05:34:00,623,2026-05-21 02:34:00,2026-05-21 05:34:00,ARB,624,2026-05-21 07:25:00,2026-05-21 10:25:00,NONE,False
207,ARB,BUY,624,2026-05-21 05:00:00,2026-05-21 08:00:00,1.15937,1.16218,625,2026-05-21 12:17:00,2026-05-21 15:17:00,625,2026-05-21 12:17:00,2026-05-21 15:17:00,ARB,625,2026-05-21 12:17:00,2026-05-21 15:17:00,NONE,False
208,IRB,SELL,624,2026-05-21 05:00:00,2026-05-21 08:00:00,1.16233,1.16352,625,2026-05-21 12:17:00,2026-05-21 15:17:00,627,2026-05-21 17:11:00,2026-05-21 20:11:00,IRB,627,2026-05-21 17:41:00,2026-05-21 20:41:00,NONE,False
209,ARB,BUY,626,2026-05-21 13:00:00,2026-05-21 16:00:00,1.15759,1.15949,629,2026-05-22 01:25:00,2026-05-22 04:25:00,629,2026-05-22 01:25:00,2026-05-22 04:25:00,ARB,631,2026-05-22 10:49:00,2026-05-22 13:49:00,NONE,False
210,ARB,BUY,626,2026-05-21 13:00:00,2026-05-21 16:00:00,1.15759,1.15949,630,2026-05-22 05:58:00,2026-05-22 08:58:00,630,2026-05-22 05:58:00,2026-05-22 08:58:00,ARB,631,2026-05-22 10:49:00,2026-05-22 13:49:00,NONE,False
211,IRB,SELL,630,2026-05-22 05:00:00,2026-05-22 08:00:00,1.16147,1.16166,630,2026-05-22 05:58:00,2026-05-22 08:58:00,632,2026-05-22 13:08:00,2026-05-22 16:08:00,IRB,632,2026-05-22 13:09:00,2026-05-22 16:09:00,NONE,False
212,IRB,BUY,631,2026-05-22 09:00:00,2026-05-22 12:00:00,1.15929,1.16039,632,2026-05-22 13:11:00,2026-05-22 16:11:00,637,2026-05-25 07:17:00,2026-05-25 10:17:00,ORB,654,2026-05-28 03:17:00,2026-05-28 06:17:00,NONE,False
213,IRB,SELL,632,2026-05-22 13:00:00,2026-05-22 16:00:00,1.16108,1.16180,632,2026-05-22 14:01:00,2026-05-22 17:01:00,633,2026-05-22 17:30:00,2026-05-22 20:30:00,IRB,633,2026-05-22 17:30:00,2026-05-22 20:30:00,NONE,False
214,IRB,BUY,632,2026-05-22 13:00:00,2026-05-22 16:00:00,1.15879,1.16039,633,2026-05-22 17:30:00,2026-05-22 20:30:00,637,2026-05-25 07:17:00,2026-05-25 10:17:00,ORB,654,2026-05-28 03:17:00,2026-05-28 06:17:00,NONE,False
215,ARB,SELL,635,2026-05-24 21:00:00,2026-05-25 00:00:00,1.16363,1.16486,638,2026-05-25 11:30:00,2026-05-25 14:30:00,638,2026-05-25 11:30:00,2026-05-25 14:30:00,ARB,638,2026-05-25 11:30:00,2026-05-25 14:30:00,NONE,False
216,IRB,BUY,637,2026-05-25 05:00:00,2026-05-25 08:00:00,1.16292,1.16417,638,2026-05-25 11:40:00,2026-05-25 14:40:00,639,2026-05-25 13:46:00,2026-05-25 16:46:00,IRB,639,2026-05-25 13:46:00,2026-05-25 16:46:00,NONE,False
217,IRB,SELL,638,2026-05-25 09:00:00,2026-05-25 12:00:00,1.16479,1.16525,642,2026-05-26 04:59:00,2026-05-26 07:59:00,643,2026-05-26 07:31:00,2026-05-26 10:31:00,ORB,649,2026-05-27 06:47:00,2026-05-27 09:47:00,NONE,False
218,ARB,BUY,643,2026-05-26 05:00:00,2026-05-26 08:00:00,1.16236,1.16293,645,2026-05-26 13:04:00,2026-05-26 16:04:00,645,2026-05-26 13:04:00,2026-05-26 16:04:00,ARB,645,2026-05-26 13:09:00,2026-05-26 16:09:00,NONE,False
219,IRB,SELL,644,2026-05-26 09:00:00,2026-05-26 12:00:00,1.16360,1.16448,645,2026-05-26 13:51:00,2026-05-26 16:51:00,647,2026-05-26 22:01:00,2026-05-27 01:01:00,IRB,647,2026-05-26 23:25:00,2026-05-27 02:25:00,NONE,False
220,IRB,BUY,645,2026-05-26 13:00:00,2026-05-26 16:00:00,1.16160,1.16236,649,2026-05-27 06:44:00,2026-05-27 09:44:00,650,2026-05-27 10:28:00,2026-05-27 13:28:00,ORB,651,2026-05-27 15:00:00,2026-05-27 18:00:00,NONE,False
221,IRB,BUY,650,2026-05-27 09:00:00,2026-05-27 12:00:00,1.16326,1.16434,650,2026-05-27 12:21:00,2026-05-27 15:21:00,651,2026-05-27 14:55:00,2026-05-27 17:55:00,IRB,651,2026-05-27 14:55:00,2026-05-27 17:55:00,NONE,False
222,IRB,SELL,650,2026-05-27 09:00:00,2026-05-27 12:00:00,1.16446,1.16610,651,2026-05-27 14:55:00,2026-05-27 17:55:00,656,2026-05-28 09:12:00,2026-05-28 12:12:00,IRB,657,2026-05-28 14:13:00,2026-05-28 17:13:00,NONE,False
223,ARB,BUY,654,2026-05-28 01:00:00,2026-05-28 04:00:00,1.15859,1.15914,660,2026-05-29 01:48:00,2026-05-29 04:48:00,660,2026-05-29 01:48:00,2026-05-29 04:48:00,ARB,693,2026-06-05 12:57:00,2026-06-05 15:57:00,NONE,False
224,IRB,BUY,661,2026-05-29 05:00:00,2026-05-29 08:00:00,1.16245,1.16278,663,2026-05-29 14:51:00,2026-05-29 17:51:00,665,2026-05-31 19:17:00,2026-05-31 22:17:00,ORB,670,2026-06-01 13:12:00,2026-06-01 16:12:00,NONE,False
225,ARB,SELL,663,2026-05-29 13:00:00,2026-05-29 16:00:00,1.16717,1.16854,668,2026-06-01 05:01:00,2026-06-01 08:01:00,668,2026-06-01 05:01:00,2026-06-01 08:01:00,ARB,1023,2026-08-19 14:29:00,2026-08-19 17:29:00,BOTH,True
226,IRB,SELL,668,2026-06-01 05:00:00,2026-06-01 08:00:00,1.16574,1.16644,670,2026-06-01 13:05:00,2026-06-01 16:05:00,673,2026-06-02 01:13:00,2026-06-02 04:13:00,ORB,1023,2026-08-19 13:31:00,2026-08-19 16:31:00,BOTH,False
227,ARB,BUY,670,2026-06-01 13:00:00,2026-06-01 16:00:00,1.16061,1.16294,676,2026-06-02 14:00:00,2026-06-02 17:00:00,676,2026-06-02 14:00:00,2026-06-02 17:00:00,ARB,676,2026-06-02 16:34:00,2026-06-02 19:34:00,NONE,False
228,ARB,BUY,677,2026-06-02 17:00:00,2026-06-02 20:00:00,1.16131,1.16280,680,2026-06-03 05:25:00,2026-06-03 08:25:00,680,2026-06-03 05:25:00,2026-06-03 08:25:00,ARB,680,2026-06-03 05:25:00,2026-06-03 08:25:00,NONE,False
229,IRB,SELL,679,2026-06-03 01:00:00,2026-06-03 04:00:00,1.16286,1.16332,680,2026-06-03 06:23:00,2026-06-03 09:23:00,684,2026-06-03 22:56:00,2026-06-04 01:56:00,ORB,687,2026-06-04 10:04:00,2026-06-04 13:04:00,NONE,False
230,ARB,BUY,684,2026-06-03 21:00:00,2026-06-04 00:00:00,1.15942,1.15971,686,2026-06-04 07:37:00,2026-06-04 10:37:00,686,2026-06-04 07:37:00,2026-06-04 10:37:00,ARB,693,2026-06-05 12:53:00,2026-06-05 15:53:00,NONE,False
231,IRB,BUY,686,2026-06-04 05:00:00,2026-06-04 08:00:00,1.15981,1.16094,687,2026-06-04 09:00:00,2026-06-04 12:00:00,689,2026-06-04 17:08:00,2026-06-04 20:08:00,IRB,689,2026-06-04 20:16:00,2026-06-04 23:16:00,NONE,False
232,ARB,SELL,687,2026-06-04 09:00:00,2026-06-04 12:00:00,1.16365,1.16451,691,2026-06-05 02:03:00,2026-06-05 05:03:00,691,2026-06-05 02:03:00,2026-06-05 05:03:00,ARB,692,2026-06-05 07:38:00,2026-06-05 10:38:00,NONE,False
233,IRB,SELL,693,2026-06-05 09:00:00,2026-06-05 12:00:00,1.16363,1.16440,693,2026-06-05 12:36:00,2026-06-05 15:36:00,697,2026-06-07 23:49:00,2026-06-08 02:49:00,ORB,1022,2026-08-19 12:49:00,2026-08-19 15:49:00,BOTH,False
234,ARB,BUY,697,2026-06-07 21:00:00,2026-06-08 00:00:00,1.15055,1.15072,699,2026-06-08 08:41:00,2026-06-08 11:41:00,699,2026-06-08 08:41:00,2026-06-08 11:41:00,ARB,700,2026-06-08 09:09:00,2026-06-08 12:09:00,BUY_ONLY,True
235,IRB,SELL,699,2026-06-08 05:00:00,2026-06-08 08:00:00,1.15310,1.15395,700,2026-06-08 09:12:00,2026-06-08 12:12:00,704,2026-06-09 04:24:00,2026-06-09 07:24:00,IRB,704,,,,False
236,IRB,BUY,700,2026-06-08 09:00:00,2026-06-08 12:00:00,1.14994,1.15079,700,2026-06-08 11:20:00,2026-06-08 14:20:00,702,2026-06-08 18:55:00,2026-06-08 21:55:00,ORB,719,2026-06-11 16:10:00,2026-06-11 19:10:00,BUY_ONLY,False
237,ARB,SELL,701,2026-06-08 13:00:00,2026-06-08 16:00:00,1.15417,1.15543,704,2026-06-09 04:24:00,2026-06-09 07:24:00,704,2026-06-09 04:24:00,2026-06-09 07:24:00,ARB,704,2026-06-09 04:35:00,2026-06-09 07:35:00,BUY_ONLY,False
238,IRB,BUY,703,2026-06-08 21:00:00,2026-06-09 00:00:00,1.15266,1.15309,706,2026-06-09 09:06:00,2026-06-09 12:06:00,707,2026-06-09 15:35:00,2026-06-09 18:35:00,IRB,707,2026-06-09 16:40:00,2026-06-09 19:40:00,BUY_ONLY,True
239,ARB,SELL,707,2026-06-09 13:00:00,2026-06-09 16:00:00,1.15733,1.15777,710,2026-06-10 02:30:00,2026-06-10 05:30:00,710,2026-06-10 02:30:00,2026-06-10 05:30:00,ARB,720,2026-06-11 19:14:00,2026-06-11 22:14:00,BUY_ONLY,False
240,ARB,SELL,707,2026-06-09 13:00:00,2026-06-09 16:00:00,1.15733,1.15777,712,2026-06-10 09:45:00,2026-06-10 12:45:00,712,2026-06-10 09:45:00,2026-06-10 12:45:00,ARB,720,2026-06-11 19:14:00,2026-06-11 22:14:00,BUY_ONLY,False
241,IRB,BUY,712,2026-06-10 09:00:00,2026-06-10 12:00:00,1.15351,1.15481,712,2026-06-10 09:45:00,2026-06-10 12:45:00,713,2026-06-10 15:48:00,2026-06-10 18:48:00,IRB,713,2026-06-10 15:48:00,2026-06-10 18:48:00,BUY_ONLY,True
242,IRB,SELL,713,2026-06-10 13:00:00,2026-06-10 16:00:00,1.15535,1.15728,713,2026-06-10 15:48:00,2026-06-10 18:48:00,716,2026-06-11 01:00:00,2026-06-11 04:00:00,IRB,716,2026-06-11 01:26:00,2026-06-11 04:26:00,BUY_ONLY,False
243,ARB,BUY,715,2026-06-10 21:00:00,2026-06-11 00:00:00,1.15252,1.15351,717,2026-06-11 06:49:00,2026-06-11 09:49:00,717,2026-06-11 06:49:00,2026-06-11 09:49:00,ARB,717,2026-06-11 08:48:00,2026-06-11 11:48:00,BUY_ONLY,True
244,IRB,SELL,716,2026-06-11 01:00:00,2026-06-11 04:00:00,1.15479,1.15556,718,2026-06-11 10:15:00,2026-06-11 13:15:00,720,2026-06-11 17:32:00,2026-06-11 20:32:00,IRB,720,2026-06-11 17:33:00,2026-06-11 20:33:00,BUY_ONLY,False
245,IRB,BUY,720,2026-06-11 17:00:00,2026-06-11 20:00:00,1.15024,1.15087,720,2026-06-11 17:34:00,2026-06-11 20:34:00,722,2026-06-12 01:07:00,2026-06-12 04:07:00,ORB,745,2026-06-17 19:11:00,2026-06-17 22:11:00,BUY_ONLY,False
246,ARB,SELL,720,2026-06-11 17:00:00,2026-06-11 20:00:00,1.15782,1.15893,723,2026-06-12 08:16:00,2026-06-12 11:16:00,723,2026-06-12 08:16:00,2026-06-12 11:16:00,ARB,723,2026-06-12 08:18:00,2026-06-12 11:18:00,BUY_ONLY,False
247,IRB,BUY,723,2026-06-12 05:00:00,2026-06-12 08:00:00,1.15567,1.15711,728,2026-06-14 21:29:00,2026-06-15 00:29:00,732,2026-06-15 15:32:00,2026-06-15 18:32:00,ORB,745,2026-06-17 18:00:00,2026-06-17 21:00:00,BUY_ONLY,False
248,ARB,SELL,730,2026-06-15 05:00:00,2026-06-15 08:00:00,1.16122,1.16217,735,2026-06-16 01:01:00,2026-06-16 04:01:00,735,2026-06-16 01:01:00,2026-06-16 04:01:00,ARB,737,2026-06-16 10:21:00,2026-06-16 13:21:00,BUY_ONLY,False
249,IRB,SELL,735,2026-06-16 01:00:00,2026-06-16 04:00:00,1.15926,1.15948,735,2026-06-16 02:19:00,2026-06-16 05:19:00,736,2026-06-16 07:59:00,2026-06-16 10:59:00,IRB,736,2026-06-16 07:59:00,2026-06-16 10:59:00,BUY_ONLY,False
250,IRB,BUY,736,2026-06-16 05:00:00,2026-06-16 08:00:00,1.15744,1.15785,736,2026-06-16 07:59:00,2026-06-16 10:59:00,738,2026-06-16 13:58:00,2026-06-16 16:58:00,ORB,745,2026-06-17 18:00:00,2026-06-17 21:00:00,BUY_ONLY,False
251,IRB,BUY,738,2026-06-16 13:00:00,2026-06-16 16:00:00,1.15876,1.15992,738,2026-06-16 15:54:00,2026-06-16 18:54:00,740,2026-06-16 21:00:00,2026-06-17 00:00:00,ORB,742,2026-06-17 08:20:00,2026-06-17 11:20:00,BUY_ONLY,False
252,IRB,SELL,740,2026-06-16 21:00:00,2026-06-17 00:00:00,1.16142,1.16163,742,2026-06-17 06:32:00,2026-06-17 09:32:00,747,2026-06-18 01:21:00,2026-06-18 04:21:00,ORB,1022,2026-08-19 12:34:00,2026-08-19 15:34:00,BOTH,False
253,ARB,BUY,745,2026-06-17 17:00:00,2026-06-17 20:00:00,1.14775,1.15007,748,2026-06-18 05:56:00,2026-06-18 08:56:00,748,2026-06-18 05:56:00,2026-06-18 08:56:00,ARB,748,2026-06-18 08:29:00,2026-06-18 11:29:00,BUY_ONLY,True
254,IRB,SELL,748,2026-06-18 05:00:00,2026-06-18 08:00:00,1.15227,1.15279,749,2026-06-18 09:10:00,2026-06-18 12:10:00,750,2026-06-18 14:58:00,2026-06-18 17:58:00,ORB,936,2026-07-30 13:59:00,2026-07-30 16:59:00,BUY_ONLY,False
255,ARB,BUY,749,2026-06-18 09:00:00,2026-06-18 12:00:00,1.14529,1.14690,751,2026-06-18 18:02:00,2026-06-18 21:02:00,751,2026-06-18 18:02:00,2026-06-18 21:02:00,ARB,751,2026-06-18 18:02:00,2026-06-18 21:02:00,BUY_ONLY,True
256,IRB,SELL,750,2026-06-18 13:00:00,2026-06-18 16:00:00,1.14690,1.14872,751,2026-06-18 19:12:00,2026-06-18 22:12:00,754,2026-06-19 08:41:00,2026-06-19 11:41:00,IRB,755,2026-06-19 12:50:00,2026-06-19 15:50:00,BUY_ONLY,False
257,ARB,BUY,754,2026-06-19 05:00:00,2026-06-19 08:00:00,1.14175,1.14283,758,2026-06-21 19:10:00,2026-06-21 22:10:00,758,2026-06-21 19:10:00,2026-06-21 22:10:00,ARB,763,2026-06-22 13:59:00,2026-06-22 16:59:00,BUY_ONLY,True
258,ARB,BUY,758,2026-06-21 17:00:00,2026-06-21 20:00:00,1.14489,1.14535,760,2026-06-22 04:06:00,2026-06-22 07:06:00,760,2026-06-22 04:06:00,2026-06-22 07:06:00,ARB,760,2026-06-22 04:06:00,2026-06-22 07:06:00,BUY_ONLY,True
259,IRB,SELL,760,2026-06-22 01:00:00,2026-06-22 04:00:00,1.14661,1.14733,761,2026-06-22 07:30:00,2026-06-22 10:30:00,762,2026-06-22 10:09:00,2026-06-22 13:09:00,ORB,811,2026-07-02 12:40:00,2026-07-02 15:40:00,BUY_ONLY,False
260,ARB,BUY,761,2026-06-22 05:00:00,2026-06-22 08:00:00,1.14412,1.14506,763,2026-06-22 13:00:00,2026-06-22 16:00:00,763,2026-06-22 13:00:00,2026-06-22 16:00:00,ARB,763,2026-06-22 13:00:00,2026-06-22 16:00:00,BUY_ONLY,True
261,IRB,SELL,762,2026-06-22 09:00:00,2026-06-22 12:00:00,1.14546,1.14632,763,2026-06-22 13:01:00,2026-06-22 16:01:00,766,2026-06-23 02:04:00,2026-06-23 05:04:00,ORB,811,2026-07-02 12:35:00,2026-07-02 15:35:00,BUY_ONLY,False
262,IRB,SELL,766,2026-06-23 01:00:00,2026-06-23 04:00:00,1.14265,1.14315,766,2026-06-23 03:18:00,2026-06-23 06:18:00,767,2026-06-23 07:09:00,2026-06-23 10:09:00,IRB,767,2026-06-23 07:09:00,2026-06-23 10:09:00,BUY_ONLY,False
263,IRB,BUY,766,2026-06-23 01:00:00,2026-06-23 04:00:00,1.14183,1.14206,767,2026-06-23 07:09:00,2026-06-23 10:09:00,771,2026-06-24 00:24:00,2026-06-24 03:24:00,IRB,786,2026-06-26 12:57:00,2026-06-26 15:57:00,BUY_ONLY,True
264,IRB,SELL,767,2026-06-23 05:00:00,2026-06-23 08:00:00,1.14206,1.14387,767,2026-06-23 07:41:00,2026-06-23 10:41:00,771,2026-06-23 21:02:00,2026-06-24 00:02:00,ORB,786,2026-06-26 12:57:00,2026-06-26 15:57:00,BUY_ONLY,False
265,IRB,SELL,771,2026-06-23 21:00:00,2026-06-24 00:00:00,1.13804,1.13833,771,2026-06-24 00:24:00,2026-06-24 03:24:00,775,2026-06-24 15:19:00,2026-06-24 18:19:00,ORB,781,2026-06-25 14:05:00,2026-06-25 17:05:00,BUY_ONLY,False
266,ARB,BUY,775,2026-06-24 13:00:00,2026-06-24 16:00:00,1.13242,1.13287,777,2026-06-25 00:31:00,2026-06-25 03:31:00,777,2026-06-25 00:31:00,2026-06-25 03:31:00,ARB,-1,,,,False
267,IRB,BUY,777,2026-06-24 21:00:00,2026-06-25 00:00:00,1.13472,1.13531,778,2026-06-25 03:45:00,2026-06-25 06:45:00,779,2026-06-25 06:56:00,2026-06-25 09:56:00,IRB,779,2026-06-25 06:56:00,2026-06-25 09:56:00,BUY_ONLY,True
268,IRB,SELL,778,2026-06-25 01:00:00,2026-06-25 04:00:00,1.13668,1.13706,779,2026-06-25 07:16:00,2026-06-25 10:16:00,781,2026-06-25 14:03:00,2026-06-25 17:03:00,IRB,781,2026-06-25 14:03:00,2026-06-25 17:03:00,BUY_ONLY,False
269,IRB,BUY,779,2026-06-25 05:00:00,2026-06-25 08:00:00,1.13444,1.13668,779,2026-06-25 08:32:00,2026-06-25 11:32:00,780,2026-06-25 10:52:00,2026-06-25 13:52:00,IRB,780,2026-06-25 10:52:00,2026-06-25 13:52:00,BUY_ONLY,True
270,IRB,SELL,780,2026-06-25 09:00:00,2026-06-25 12:00:00,1.13673,1.13736,780,2026-06-25 10:52:00,2026-06-25 13:52:00,781,2026-06-25 14:03:00,2026-06-25 17:03:00,IRB,781,2026-06-25 14:03:00,2026-06-25 17:03:00,BUY_ONLY,False
271,IRB,BUY,780,2026-06-25 09:00:00,2026-06-25 12:00:00,1.13330,1.13531,781,2026-06-25 14:03:00,2026-06-25 17:03:00,783,2026-06-25 21:00:00,2026-06-26 00:00:00,ORB,923,2026-07-28 10:10:00,2026-07-28 13:10:00,BUY_ONLY,False
272,ARB,SELL,781,2026-06-25 13:00:00,2026-06-25 16:00:00,1.13736,1.13877,784,2026-06-26 04:19:00,2026-06-26 07:19:00,784,2026-06-26 04:19:00,2026-06-26 07:19:00,ARB,784,2026-06-26 04:27:00,2026-06-26 07:27:00,BUY_ONLY,False
273,IRB,BUY,784,2026-06-26 01:00:00,2026-06-26 04:00:00,1.13538,1.13645,785,2026-06-26 07:39:00,2026-06-26 10:39:00,787,2026-06-26 14:57:00,2026-06-26 17:57:00,ORB,806,2026-07-01 13:10:00,2026-07-01 16:10:00,BUY_ONLY,False
274,ARB,SELL,786,2026-06-26 09:00:00,2026-06-26 12:00:00,1.14268,1.14336,791,2026-06-29 01:00:00,2026-06-29 04:00:00,791,2026-06-29 01:00:00,2026-06-29 04:00:00,ARB,794,2026-06-29 16:02:00,2026-06-29 19:02:00,BUY_ONLY,False
275,ARB,SELL,794,2026-06-29 13:00:00,2026-06-29 16:00:00,1.14255,1.14302,800,2026-06-30 13:16:00,2026-06-30 16:16:00,800,2026-06-30 13:16:00,2026-06-30 16:16:00,ARB,800,2026-06-30 14:51:00,2026-06-30 17:51:00,BUY_ONLY,False
276,IRB,BUY,798,2026-06-30 05:00:00,2026-06-30 08:00:00,1.13823,1.13886,800,2026-06-30 14:57:00,2026-06-30 17:57:00,802,2026-06-30 23:49:00,2026-07-01 02:49:00,IRB,805,2026-07-01 09:39:00,2026-07-01 12:39:00,BUY_ONLY,True
277,IRB,SELL,800,2026-06-30 13:00:00,2026-06-30 16:00:00,1.14137,1.14363,805,2026-07-01 12:09:00,2026-07-01 15:09:00,806,2026-07-01 13:43:00,2026-07-01 16:43:00,ORB,810,2026-07-02 08:03:00,2026-07-02 11:03:00,BUY_ONLY,False
278,ARB,BUY,806,2026-07-01 13:00:00,2026-07-01 16:00:00,1.13614,1.13707,808,2026-07-01 21:00:00,2026-07-02 00:00:00,808,2026-07-01 21:00:00,2026-07-02 00:00:00,ARB,905,2026-07-23 13:12:00,2026-07-23 16:12:00,NONE,False
279,IRB,BUY,808,2026-07-01 21:00:00,2026-07-02 00:00:00,1.13718,1.13762,810,2026-07-02 08:03:00,2026-07-02 11:03:00,813,2026-07-02 17:08:00,2026-07-02 20:08:00,ORB,904,2026-07-23 12:48:00,2026-07-23 15:48:00,NONE,False
280,ARB,SELL,811,2026-07-02 09:00:00,2026-07-02 12:00:00,1.14512,1.14725,815,2026-07-03 01:11:00,2026-07-03 04:11:00,815,2026-07-03 01:11:00,2026-07-03 04:11:00,ARB,816,2026-07-03 05:07:00,2026-07-03 08:07:00,BUY_ONLY,False
281,ARB,SELL,816,2026-07-03 05:00:00,2026-07-03 08:00:00,1.14524,1.14620,820,2026-07-05 19:11:00,2026-07-05 22:11:00,820,2026-07-05 19:11:00,2026-07-05 22:11:00,ARB,846,2026-07-10 02:08:00,2026-07-10 05:08:00,BUY_ONLY,False
282,IRB,SELL,820,2026-07-05 17:00:00,2026-07-05 20:00:00,1.14379,1.14440,820,2026-07-05 20:39:00,2026-07-05 23:39:00,825,2026-07-06 13:22:00,2026-07-06 16:22:00,IRB,826,2026-07-06 17:40:00,2026-07-06 20:40:00,BUY_ONLY,False
283,IRB,BUY,825,2026-07-06 13:00:00,2026-07-06 16:00:00,1.14080,1.14129,826,2026-07-06 18:49:00,2026-07-06 21:49:00,828,2026-07-07 01:25:00,2026-07-07 04:25:00,ORB,832,2026-07-07 19:11:00,2026-07-07 22:11:00,BUY_ONLY,False
284,ARB,SELL,827,2026-07-06 21:00:00,2026-07-07 00:00:00,1.14410,1.14477,830,2026-07-07 11:21:00,2026-07-07 14:21:00,830,2026-07-07 11:21:00,2026-07-07 14:21:00,ARB,830,2026-07-07 12:29:00,2026-07-07 15:29:00,BUY_ONLY,False
285,IRB,SELL,830,2026-07-07 09:00:00,2026-07-07 12:00:00,1.14362,1.14418,831,2026-07-07 15:55:00,2026-07-07 18:55:00,834,2026-07-08 03:01:00,2026-07-08 06:01:00,ORB,841,2026-07-09 06:03:00,2026-07-09 09:03:00,BUY_ONLY,False
286,ARB,BUY,834,2026-07-08 01:00:00,2026-07-08 04:00:00,1.13980,1.14077,836,2026-07-08 09:11:00,2026-07-08 12:11:00,836,2026-07-08 09:11:00,2026-07-08 12:11:00,ARB,836,2026-07-08 09:11:00,2026-07-08 12:11:00,BUY_ONLY,True
287,IRB,SELL,835,2026-07-08 05:00:00,2026-07-08 08:00:00,1.14140,1.14312,836,2026-07-08 09:12:00,2026-07-08 12:12:00,837,2026-07-08 16:55:00,2026-07-08 19:55:00,IRB,837,2026-07-08 16:55:00,2026-07-08 19:55:00,BUY_ONLY,False
288,IRB,BUY,837,2026-07-08 13:00:00,2026-07-08 16:00:00,1.13908,1.13958,841,2026-07-09 05:13:00,2026-07-09 08:13:00,842,2026-07-09 09:07:00,2026-07-09 12:07:00,ORB,852,2026-07-12 22:02:00,2026-07-13 01:02:00,BUY_ONLY,False
289,ARB,SELL,841,2026-07-09 05:00:00,2026-07-09 08:00:00,1.14263,1.14491,843,2026-07-09 13:17:00,2026-07-09 16:17:00,843,2026-07-09 13:17:00,2026-07-09 16:17:00,ARB,843,2026-07-09 13:17:00,2026-07-09 16:17:00,BUY_ONLY,False
290,IRB,BUY,842,2026-07-09 09:00:00,2026-07-09 12:00:00,1.14206,1.14245,846,2026-07-10 01:57:00,2026-07-10 04:57:00,847,2026-07-10 05:22:00,2026-07-10 08:22:00,IRB,848,2026-07-10 12:46:00,2026-07-10 15:46:00,BUY_ONLY,True
291,IRB,SELL,846,2026-07-10 01:00:00,2026-07-10 04:00:00,1.14423,1.14605,849,2026-07-10 13:08:00,2026-07-10 16:08:00,854,2026-07-13 05:02:00,2026-07-13 08:02:00,IRB,854,2026-07-13 08:11:00,2026-07-13 11:11:00,BUY_ONLY,False
292,ARB,BUY,853,2026-07-13 01:00:00,2026-07-13 04:00:00,1.13839,1.13950,856,2026-07-13 13:42:00,2026-07-13 16:42:00,856,2026-07-13 13:42:00,2026-07-13 16:42:00,ARB,856,2026-07-13 16:25:00,2026-07-13 19:25:00,BUY_ONLY,True
293,IRB,SELL,854,2026-07-13 05:00:00,2026-07-13 08:00:00,1.14356,1.14455,856,2026-07-13 16:34:00,2026-07-13 19:34:00,859,2026-07-14 01:20:00,2026-07-14 04:20:00,ORB,861,2026-07-14 12:30:00,2026-07-14 15:30:00,BUY_ONLY,False
294,ARB,BUY,857,2026-07-13 17:00:00,2026-07-13 20:00:00,1.13772,1.13812,860,2026-07-14 07:00:00,2026-07-14 10:00:00,860,2026-07-14 07:00:00,2026-07-14 10:00:00,ARB,904,2026-07-23 12:24:00,2026-07-23 15:24:00,NONE,False
295,IRB,BUY,860,2026-07-14 05:00:00,2026-07-14 08:00:00,1.13838,1.13902,860,2026-07-14 07:49:00,2026-07-14 10:49:00,863,2026-07-14 17:14:00,2026-07-14 20:14:00,ORB,904,2026-07-23 11:35:00,2026-07-23 14:35:00,NONE,False
296,ARB,SELL,861,2026-07-14 09:00:00,2026-07-14 12:00:00,1.14456,1.14619,864,2026-07-15 00:55:00,2026-07-15 03:55:00,864,2026-07-15 00:55:00,2026-07-15 03:55:00,ARB,869,2026-07-15 17:00:00,2026-07-15 20:00:00,BUY_ONLY,False
297,IRB,SELL,866,2026-07-15 05:00:00,2026-07-15 08:00:00,1.14365,1.14434,867,2026-07-15 10:00:00,2026-07-15 13:00:00,868,2026-07-15 13:01:00,2026-07-15 16:01:00,IRB,868,2026-07-15 14:34:00,2026-07-15 17:34:00,BUY_ONLY,False
298,IRB,BUY,867,2026-07-15 09:00:00,2026-07-15 12:00:00,1.14055,1.14239,869,2026-07-15 17:00:00,2026-07-15 20:00:00,873,2026-07-16 09:32:00,2026-07-16 12:32:00,ORB,882,2026-07-19 19:57:00,2026-07-19 22:57:00,BUY_ONLY,False
299,ARB,SELL,869,2026-07-15 17:00:00,2026-07-15 20:00:00,1.14598,1.14822,876,2026-07-16 22:01:00,2026-07-17 01:01:00,876,2026-07-16 22:01:00,2026-07-17 01:01:00,ARB,931,2026-07-29 19:16:00,2026-07-29 22:16:00,BUY_ONLY,False
300,ARB,SELL,877,2026-07-17 01:00:00,2026-07-17 04:00:00,1.14465,1.14477,878,2026-07-17 06:17:00,2026-07-17 09:17:00,878,2026-07-17 06:17:00,2026-07-17 09:17:00,ARB,878,2026-07-17 06:17:00,2026-07-17 09:17:00,BUY_ONLY,False
301,IRB,BUY,877,2026-07-17 01:00:00,2026-07-17 04:00:00,1.14343,1.14357,878,2026-07-17 06:17:00,2026-07-17 09:17:00,879,2026-07-17 10:19:00,2026-07-17 13:19:00,IRB,879,2026-07-17 10:19:00,2026-07-17 13:19:00,BUY_ONLY,True
302,IRB,SELL,878,2026-07-17 05:00:00,2026-07-17 08:00:00,1.14408,1.14518,879,2026-07-17 10:23:00,2026-07-17 13:23:00,880,2026-07-17 14:45:00,2026-07-17 17:45:00,IRB,880,2026-07-17 14:45:00,2026-07-17 17:45:00,BUY_ONLY,False
303,ARB,BUY,880,2026-07-17 13:00:00,2026-07-17 16:00:00,1.14240,1.14287,882,2026-07-19 19:02:00,2026-07-19 22:02:00,882,2026-07-19 19:02:00,2026-07-19 22:02:00,ARB,882,2026-07-19 19:02:00,2026-07-19 22:02:00,BUY_ONLY,True
304,IRB,SELL,880,2026-07-17 13:00:00,2026-07-17 16:00:00,1.14379,1.14441,882,2026-07-19 19:57:00,2026-07-19 22:57:00,884,2026-07-20 01:00:00,2026-07-20 04:00:00,IRB,884,2026-07-20 02:28:00,2026-07-20 05:28:00,NONE,False
305,IRB,BUY,883,2026-07-19 21:00:00,2026-07-20 00:00:00,1.14233,1.14275,884,2026-07-20 04:26:00,2026-07-20 07:26:00,886,2026-07-20 09:07:00,2026-07-20 12:07:00,IRB,886,2026-07-20 09:57:00,2026-07-20 12:57:00,NONE,False
306,IRB,SELL,885,2026-07-20 05:00:00,2026-07-20 08:00:00,1.14440,1.14492,886,2026-07-20 12:13:00,2026-07-20 15:13:00,891,2026-07-21 05:00:00,2026-07-21 08:00:00,ORB,931,2026-07-29 18:49:00,2026-07-29 21:49:00,BUY_ONLY,False
307,ARB,BUY,887,2026-07-20 13:00:00,2026-07-20 16:00:00,1.14021,1.14112,892,2026-07-21 12:15:00,2026-07-21 15:15:00,892,2026-07-21 12:15:00,2026-07-21 15:15:00,ARB,893,2026-07-21 13:23:00,2026-07-21 16:23:00,NONE,False
308,IRB,SELL,892,2026-07-21 09:00:00,2026-07-21 12:00:00,1.14207,1.14283,894,2026-07-21 18:05:00,2026-07-21 21:05:00,896,2026-07-22 02:26:00,2026-07-22 05:26:00,ORB,899,2026-07-22 13:31:00,2026-07-22 16:31:00,NONE,False
309,ARB,BUY,895,2026-07-21 21:00:00,2026-07-22 00:00:00,1.13952,1.13980,898,2026-07-22 10:03:00,2026-07-22 13:03:00,898,2026-07-22 10:03:00,2026-07-22 13:03:00,ARB,904,2026-07-23 11:28:00,2026-07-23 14:28:00,NONE,False
310,IRB,BUY,898,2026-07-22 09:00:00,2026-07-22 12:00:00,1.14000,1.14075,899,2026-07-22 13:31:00,2026-07-22 16:31:00,901,2026-07-22 21:00:00,2026-07-23 00:00:00,IRB,901,2026-07-22 21:00:00,2026-07-23 00:00:00,NONE,False
311,IRB,BUY,901,2026-07-22 21:00:00,2026-07-23 00:00:00,1.14050,1.14103,902,2026-07-23 02:31:00,2026-07-23 05:31:00,903,2026-07-23 08:26:00,2026-07-23 11:26:00,IRB,903,2026-07-23 08:37:00,2026-07-23 11:37:00,NONE,False
312,IRB,SELL,902,2026-07-23 01:00:00,2026-07-23 04:00:00,1.14322,1.14354,904,2026-07-23 10:45:00,2026-07-23 13:45:00,907,2026-07-24 00:57:00,2026-07-24 03:57:00,ORB,931,2026-07-29 18:43:00,2026-07-29 21:43:00,BUY_ONLY,False
313,ARB,BUY,905,2026-07-23 13:00:00,2026-07-23 16:00:00,1.13635,1.13796,909,2026-07-24 05:55:00,2026-07-24 08:55:00,909,2026-07-24 05:55:00,2026-07-24 08:55:00,ARB,909,2026-07-24 05:55:00,2026-07-24 08:55:00,NONE,False
314,IRB,BUY,909,2026-07-24 05:00:00,2026-07-24 08:00:00,1.13759,1.13788,909,2026-07-24 07:00:00,2026-07-24 10:00:00,910,2026-07-24 11:52:00,2026-07-24 14:52:00,IRB,910,2026-07-24 11:52:00,2026-07-24 14:52:00,NONE,False
315,IRB,SELL,909,2026-07-24 05:00:00,2026-07-24 08:00:00,1.13831,1.14008,910,2026-07-24 11:52:00,2026-07-24 14:52:00,913,2026-07-26 19:00:00,2026-07-26 22:00:00,IRB,913,2026-07-26 19:00:00,2026-07-26 22:00:00,NONE,False
316,IRB,BUY,911,2026-07-24 13:00:00,2026-07-24 16:00:00,1.13645,1.13694,914,2026-07-27 00:12:00,2026-07-27 03:12:00,916,2026-07-27 07:48:00,2026-07-27 10:48:00,IRB,918,2026-07-27 14:33:00,2026-07-27 17:33:00,BUY_ONLY,True
317,IRB,SELL,916,2026-07-27 05:00:00,2026-07-27 08:00:00,1.14033,1.14180,920,2026-07-27 21:01:00,2026-07-28 00:01:00,921,2026-07-28 01:00:00,2026-07-28 04:00:00,ORB,924,2026-07-28 16:15:00,2026-07-28 19:15:00,BUY_ONLY,False
318,IRB,SELL,921,2026-07-28 01:00:00,2026-07-28 04:00:00,1.13739,1.13798,922,2026-07-28 05:07:00,2026-07-28 08:07:00,924,2026-07-28 13:49:00,2026-07-28 16:49:00,IRB,924,2026-07-28 14:04:00,2026-07-28 17:04:00,BUY_ONLY,False
319,ARB,BUY,920,2026-07-27 21:00:00,2026-07-28 00:00:00,1.13639,1.13666,922,2026-07-28 05:01:00,2026-07-28 08:01:00,922,2026-07-28 05:01:00,2026-07-28 08:01:00,ARB,922,2026-07-28 05:06:00,2026-07-28 08:06:00,BUY_ONLY,True
320,IRB,BUY,923,2026-07-28 09:00:00,2026-07-28 12:00:00,1.13529,1.13655,924,2026-07-28 14:51:00,2026-07-28 17:51:00,926,2026-07-28 22:20:00,2026-07-29 01:20:00,ORB,-1,,,,False
321,ARB,SELL,924,2026-07-28 13:00:00,2026-07-28 16:00:00,1.13954,1.14049,927,2026-07-29 01:21:00,2026-07-29 04:21:00,927,2026-07-29 01:21:00,2026-07-29 04:21:00,ARB,927,2026-07-29 02:25:00,2026-07-29 05:25:00,BUY_ONLY,False
322,IRB,SELL,927,2026-07-29 01:00:00,2026-07-29 04:00:00,1.14007,1.14033,929,2026-07-29 11:44:00,2026-07-29 14:44:00,930,2026-07-29 14:38:00,2026-07-29 17:38:00,IRB,931,2026-07-29 18:00:00,2026-07-29 21:00:00,BUY_ONLY,False
323,IRB,BUY,929,2026-07-29 09:00:00,2026-07-29 12:00:00,1.13742,1.13781,931,2026-07-29 18:00:00,2026-07-29 21:00:00,933,2026-07-30 03:17:00,2026-07-30 06:17:00,ORB,-1,,,,False
324,ARB,SELL,932,2026-07-29 21:00:00,2026-07-30 00:00:00,1.14626,1.14748,935,2026-07-30 09:09:00,2026-07-30 12:09:00,935,2026-07-30 09:09:00,2026-07-30 12:09:00,ARB,935,2026-07-30 09:26:00,2026-07-30 12:26:00,BUY_ONLY,False
325,IRB,BUY,934,2026-07-30 05:00:00,2026-07-30 08:00:00,1.14339,1.14478,935,2026-07-30 10:16:00,2026-07-30 13:16:00,939,2026-07-31 01:38:00,2026-07-31 04:38:00,ORB,-1,,,,False
326,ARB,SELL,936,2026-07-30 13:00:00,2026-07-30 16:00:00,1.15281,1.15365,940,2026-07-31 06:28:00,2026-07-31 09:28:00,940,2026-07-31 06:28:00,2026-07-31 09:28:00,ARB,943,2026-07-31 17:30:00,2026-07-31 20:30:00,BUY_ONLY,False
327,IRB,SELL,940,2026-07-31 05:00:00,2026-07-31 08:00:00,1.15209,1.15259,941,2026-07-31 09:44:00,2026-07-31 12:44:00,943,2026-07-31 17:03:00,2026-07-31 20:03:00,IRB,943,2026-07-31 17:12:00,2026-07-31 20:12:00,BUY_ONLY,False
328,IRB,BUY,942,2026-07-31 13:00:00,2026-07-31 16:00:00,1.14549,1.14879,943,2026-07-31 17:24:00,2026-07-31 20:24:00,946,2026-08-03 01:16:00,2026-08-03 04:16:00,ORB,-1,,,,False
329,ARB,SELL,945,2026-08-02 21:00:00,2026-08-03 00:00:00,1.15441,1.15585,951,2026-08-04 00:39:00,2026-08-04 03:39:00,951,2026-08-04 00:39:00,2026-08-04 03:39:00,ARB,959,2026-08-05 06:47:00,2026-08-05 09:47:00,BUY_ONLY,False
330,ARB,SELL,951,2026-08-03 21:00:00,2026-08-04 00:00:00,1.15056,1.15146,953,2026-08-04 07:23:00,2026-08-04 10:23:00,953,2026-08-04 07:23:00,2026-08-04 10:23:00,ARB,953,2026-08-04 07:23:00,2026-08-04 10:23:00,BUY_ONLY,False
331,IRB,BUY,952,2026-08-04 01:00:00,2026-08-04 04:00:00,1.15018,1.15051,953,2026-08-04 07:24:00,2026-08-04 10:24:00,954,2026-08-04 09:07:00,2026-08-04 12:07:00,IRB,954,2026-08-04 09:07:00,2026-08-04 12:07:00,BUY_ONLY,True
332,IRB,BUY,954,2026-08-04 09:00:00,2026-08-04 12:00:00,1.15029,1.15075,954,2026-08-04 10:44:00,2026-08-04 13:44:00,964,2026-08-06 03:40:00,2026-08-06 06:40:00,ORB,-1,,,,False
333,ARB,SELL,963,2026-08-05 21:00:00,2026-08-06 00:00:00,1.15559,1.15593,970,2026-08-07 01:43:00,2026-08-07 04:43:00,970,2026-08-07 01:43:00,2026-08-07 04:43:00,ARB,972,2026-08-07 12:30:00,2026-08-07 15:30:00,BUY_ONLY,False
334,ARB,SELL,970,2026-08-07 01:00:00,2026-08-07 04:00:00,1.15232,1.15253,972,2026-08-07 09:02:00,2026-08-07 12:02:00,972,2026-08-07 09:02:00,2026-08-07 12:02:00,ARB,972,2026-08-07 09:02:00,2026-08-07 12:02:00,BUY_ONLY,False
335,IRB,BUY,971,2026-08-07 05:00:00,2026-08-07 08:00:00,1.15173,1.15231,972,2026-08-07 09:11:00,2026-08-07 12:11:00,975,2026-08-09 19:25:00,2026-08-09 22:25:00,ORB,993,2026-08-12 17:44:00,2026-08-12 20:44:00,BUY_ONLY,False
336,ARB,SELL,972,2026-08-07 09:00:00,2026-08-07 12:00:00,1.15723,1.15805,976,2026-08-09 21:04:00,2026-08-10 00:04:00,976,2026-08-09 21:04:00,2026-08-10 00:04:00,ARB,1003,2026-08-14 12:30:00,2026-08-14 15:30:00,BUY_ONLY,False
337,IRB,SELL,976,2026-08-09 21:00:00,2026-08-10 00:00:00,1.15627,1.15646,977,2026-08-10 03:04:00,2026-08-10 06:04:00,978,2026-08-10 07:37:00,2026-08-10 10:37:00,IRB,978,2026-08-10 07:44:00,2026-08-10 10:44:00,BUY_ONLY,False
338,IRB,BUY,977,2026-08-10 01:00:00,2026-08-10 04:00:00,1.15476,1.15510,978,2026-08-10 07:45:00,2026-08-10 10:45:00,979,2026-08-10 11:48:00,2026-08-10 14:48:00,IRB,979,2026-08-10 11:48:00,2026-08-10 14:48:00,BUY_ONLY,True
339,IRB,SELL,978,2026-08-10 05:00:00,2026-08-10 08:00:00,1.15606,1.15653,979,2026-08-10 12:26:00,2026-08-10 15:26:00,982,2026-08-11 00:16:00,2026-08-11 03:16:00,ORB,991,2026-08-12 12:30:00,2026-08-12 15:30:00,BUY_ONLY,False
340,ARB,BUY,982,2026-08-10 21:00:00,2026-08-11 00:00:00,1.15385,1.15407,983,2026-08-11 02:55:00,2026-08-11 05:55:00,983,2026-08-11 02:55:00,2026-08-11 05:55:00,ARB,983,2026-08-11 02:55:00,2026-08-11 05:55:00,BUY_ONLY,True
341,IRB,SELL,982,2026-08-10 21:00:00,2026-08-11 00:00:00,1.15457,1.15494,983,2026-08-11 02:55:00,2026-08-11 05:55:00,985,2026-08-11 11:04:00,2026-08-11 14:04:00,IRB,986,2026-08-11 13:45:00,2026-08-11 16:45:00,BUY_ONLY,False
342,ARB,BUY,984,2026-08-11 05:00:00,2026-08-11 08:00:00,1.15310,1.15358,987,2026-08-11 17:09:00,2026-08-11 20:09:00,987,2026-08-11 17:09:00,2026-08-11 20:09:00,ARB,987,2026-08-11 17:09:00,2026-08-11 20:09:00,BUY_ONLY,True
343,ARB,BUY,987,2026-08-11 17:00:00,2026-08-11 20:00:00,1.15339,1.15391,989,2026-08-12 01:03:00,2026-08-12 04:03:00,989,2026-08-12 01:03:00,2026-08-12 04:03:00,ARB,989,2026-08-12 01:03:00,2026-08-12 04:03:00,BUY_ONLY,True
344,IRB,SELL,988,2026-08-11 21:00:00,2026-08-12 00:00:00,1.15408,1.15443,989,2026-08-12 04:15:00,2026-08-12 07:15:00,991,2026-08-12 09:12:00,2026-08-12 12:12:00,IRB,991,2026-08-12 09:14:00,2026-08-12 12:14:00,BUY_ONLY,False
345,IRB,BUY,990,2026-08-12 05:00:00,2026-08-12 08:00:00,1.15318,1.15354,991,2026-08-12 09:23:00,2026-08-12 12:23:00,992,2026-08-12 16:20:00,2026-08-12 19:20:00,IRB,992,2026-08-12 16:20:00,2026-08-12 19:20:00,BUY_ONLY,True
346,IRB,SELL,991,2026-08-12 09:00:00,2026-08-12 12:00:00,1.15590,1.15626,992,2026-08-12 16:20:00,2026-08-12 19:20:00,994,2026-08-13 00:32:00,2026-08-13 03:32:00,ORB,1003,2026-08-14 11:15:00,2026-08-14 14:15:00,BUY_ONLY,False
347,ARB,BUY,993,2026-08-12 17:00:00,2026-08-12 20:00:00,1.15194,1.15212,995,2026-08-13 02:36:00,2026-08-13 05:36:00,995,2026-08-13 02:36:00,2026-08-13 05:36:00,ARB,995,2026-08-13 02:36:00,2026-08-13 05:36:00,BUY_ONLY,True
348,IRB,SELL,994,2026-08-12 21:00:00,2026-08-13 00:00:00,1.15285,1.15309,995,2026-08-13 02:39:00,2026-08-13 05:39:00,997,2026-08-13 09:15:00,2026-08-13 12:15:00,IRB,997,2026-08-13 09:18:00,2026-08-13 12:18:00,BUY_ONLY,False
349,IRB,BUY,996,2026-08-13 05:00:00,2026-08-13 08:00:00,1.15114,1.15237,997,2026-08-13 09:25:00,2026-08-13 12:25:00,1000,2026-08-13 21:00:00,2026-08-14 00:00:00,ORB,-1,,,,False
350,IRB,BUY,1000,2026-08-13 21:00:00,2026-08-14 00:00:00,1.15251,1.15281,1002,2026-08-14 07:01:00,2026-08-14 10:01:00,1006,2026-08-16 19:10:00,2026-08-16 22:10:00,ORB,-1,,,,False
351,ARB,SELL,1004,2026-08-14 13:00:00,2026-08-14 16:00:00,1.15707,1.15851,1007,2026-08-16 22:31:00,2026-08-17 01:31:00,1007,2026-08-16 22:31:00,2026-08-17 01:31:00,ARB,1007,2026-08-16 22:35:00,2026-08-17 01:35:00,BOTH,True
352,IRB,BUY,1007,2026-08-16 21:00:00,2026-08-17 00:00:00,1.15602,1.15620,1008,2026-08-17 04:07:00,2026-08-17 07:07:00,1011,2026-08-17 14:54:00,2026-08-17 17:54:00,ORB,-1,,,,False
353,ARB,SELL,1009,2026-08-17 05:00:00,2026-08-17 08:00:00,1.15984,1.16138,1014,2026-08-18 01:12:00,2026-08-18 04:12:00,1014,2026-08-18 01:12:00,2026-08-18 04:12:00,ARB,1021,2026-08-19 08:06:00,2026-08-19 11:06:00,BOTH,True
354,IRB,SELL,1014,2026-08-18 01:00:00,2026-08-18 04:00:00,1.15821,1.15855,1014,2026-08-18 04:12:00,2026-08-18 07:12:00,1016,2026-08-18 09:30:00,2026-08-18 12:30:00,IRB,1017,2026-08-18 13:38:00,2026-08-18 16:38:00,BOTH,True
355,ARB,BUY,1015,2026-08-18 05:00:00,2026-08-18 08:00:00,1.15663,1.15710,1017,2026-08-18 13:30:00,2026-08-18 16:30:00,1017,2026-08-18 13:30:00,2026-08-18 16:30:00,ARB,1017,2026-08-18 13:30:00,2026-08-18 16:30:00,BOTH,True
356,IRB,BUY,1017,2026-08-18 13:00:00,2026-08-18 16:00:00,1.15700,1.15736,1017,2026-08-18 13:34:00,2026-08-18 16:34:00,1020,2026-08-19 01:02:00,2026-08-19 04:02:00,IRB,1020,2026-08-19 01:02:00,2026-08-19 04:02:00,BOTH,True
357,IRB,SELL,1017,2026-08-18 13:00:00,2026-08-18 16:00:00,1.15793,1.15879,1020,2026-08-19 01:17:00,2026-08-19 04:17:00,1026,2026-08-20 01:30:00,2026-08-20 04:30:00,IRB,1066,2026-08-28 16:16:00,2026-08-28 19:16:00,BOTH,True
358,IRB,BUY,1020,2026-08-19 01:00:00,2026-08-19 04:00:00,1.15697,1.15738,1021,2026-08-19 05:46:00,2026-08-19 08:46:00,1026,2026-08-20 01:01:00,2026-08-20 04:01:00,ORB,1082,2026-09-02 04:20:00,2026-09-02 07:20:00,SELL_ONLY,False
359,IRB,BUY,1026,2026-08-20 01:00:00,2026-08-20 04:00:00,1.16695,1.16726,1026,2026-08-20 01:30:00,2026-08-20 04:30:00,1029,2026-08-20 13:47:00,2026-08-20 16:47:00,IRB,1029,2026-08-20 14:11:00,2026-08-20 17:11:00,BOTH,True
360,IRB,SELL,1028,2026-08-20 09:00:00,2026-08-20 12:00:00,1.16982,1.17101,1029,2026-08-20 16:33:00,2026-08-20 19:33:00,1031,2026-08-20 22:01:00,2026-08-21 01:01:00,IRB,1032,2026-08-21 02:46:00,2026-08-21 05:46:00,BOTH,True
361,IRB,BUY,1029,2026-08-20 13:00:00,2026-08-20 16:00:00,1.16689,1.16728,1034,2026-08-21 09:10:00,2026-08-21 12:10:00,1040,2026-08-24 06:21:00,2026-08-24 09:21:00,IRB,1040,2026-08-24 07:13:00,2026-08-24 10:13:00,BOTH,True
362,ARB,BUY,1029,2026-08-20 13:00:00,2026-08-20 16:00:00,1.16689,1.16728,1034,2026-08-21 12:39:00,2026-08-21 15:39:00,1034,2026-08-21 12:39:00,2026-08-21 15:39:00,ARB,1035,2026-08-21 14:29:00,2026-08-21 17:29:00,BOTH,True
363,IRB,SELL,1034,2026-08-21 09:00:00,2026-08-21 12:00:00,1.17048,1.17112,1035,2026-08-21 14:38:00,2026-08-21 17:38:00,1038,2026-08-24 00:00:00,2026-08-24 03:00:00,ORB,-1,,,,False
364,ARB,BUY,1035,2026-08-21 13:00:00,2026-08-21 16:00:00,1.16684,1.16813,1040,2026-08-24 06:21:00,2026-08-24 09:21:00,1040,2026-08-24 06:21:00,2026-08-24 09:21:00,ARB,1040,2026-08-24 06:21:00,2026-08-24 09:21:00,BOTH,True
365,IRB,SELL,1038,2026-08-23 21:00:00,2026-08-24 00:00:00,1.16848,1.16868,1040,2026-08-24 07:43:00,2026-08-24 10:43:00,1042,2026-08-24 13:16:00,2026-08-24 16:16:00,ORB,-1,,,,False
366,ARB,BUY,1041,2026-08-24 09:00:00,2026-08-24 12:00:00,1.16600,1.16628,1043,2026-08-24 17:05:00,2026-08-24 20:05:00,1043,2026-08-24 17:05:00,2026-08-24 20:05:00,ARB,1043,2026-08-24 17:05:00,2026-08-24 20:05:00,BOTH,True
367,IRB,SELL,1042,2026-08-24 13:00:00,2026-08-24 16:00:00,1.16690,1.16744,1043,2026-08-24 17:21:00,2026-08-24 20:21:00,1044,2026-08-24 23:53:00,2026-08-25 02:53:00,IRB,1044,2026-08-25 00:00:00,2026-08-25 03:00:00,BOTH,True
368,ARB,BUY,1043,2026-08-24 17:00:00,2026-08-24 20:00:00,1.16548,1.16634,1045,2026-08-25 03:32:00,2026-08-25 06:32:00,1045,2026-08-25 03:32:00,2026-08-25 06:32:00,ARB,1045,2026-08-25 03:32:00,2026-08-25 06:32:00,BOTH,True
369,IRB,SELL,1044,2026-08-24 21:00:00,2026-08-25 00:00:00,1.16683,1.16704,1045,2026-08-25 04:50:00,2026-08-25 07:50:00,1047,2026-08-25 09:00:00,2026-08-25 12:00:00,IRB,1047,2026-08-25 09:02:00,2026-08-25 12:02:00,BOTH,True
370,IRB,BUY,1046,2026-08-25 05:00:00,2026-08-25 08:00:00,1.16507,1.16553,1047,2026-08-25 09:08:00,2026-08-25 12:08:00,1050,2026-08-25 21:14:00,2026-08-26 00:14:00,ORB,1053,2026-08-26 12:59:00,2026-08-26 15:59:00,BOTH,False
371,ARB,SELL,1049,2026-08-25 17:00:00,2026-08-25 20:00:00,1.16731,1.16794,1052,2026-08-26 08:10:00,2026-08-26 11:10:00,1052,2026-08-26 08:10:00,2026-08-26 11:10:00,ARB,1052,2026-08-26 08:10:00,2026-08-26 11:10:00,BOTH,True
372,IRB,SELL,1052,2026-08-26 05:00:00,2026-08-26 08:00:00,1.16708,1.16765,1053,2026-08-26 12:54:00,2026-08-26 15:54:00,1056,2026-08-26 22:01:00,2026-08-27 01:01:00,ORB,-1,,,,False
373,ARB,BUY,1054,2026-08-26 13:00:00,2026-08-26 16:00:00,1.16417,1.16492,1058,2026-08-27 05:52:00,2026-08-27 08:52:00,1058,2026-08-27 05:52:00,2026-08-27 08:52:00,ARB,1058,2026-08-27 08:34:00,2026-08-27 11:34:00,BOTH,True
374,IRB,SELL,1057,2026-08-27 01:00:00,2026-08-27 04:00:00,1.16561,1.16591,1059,2026-08-27 09:36:00,2026-08-27 12:36:00,1060,2026-08-27 13:12:00,2026-08-27 16:12:00,IRB,1060,2026-08-27 13:22:00,2026-08-27 16:22:00,BOTH,True
375,IRB,BUY,1059,2026-08-27 09:00:00,2026-08-27 12:00:00,1.16361,1.16407,1060,2026-08-27 13:28:00,2026-08-27 16:28:00,1063,2026-08-28 02:15:00,2026-08-28 05:15:00,IRB,1065,2026-08-28 09:39:00,2026-08-28 12:39:00,BOTH,True
376,ARB,SELL,1060,2026-08-27 13:00:00,2026-08-27 16:00:00,1.16518,1.16596,1065,2026-08-28 11:00:00,2026-08-28 14:00:00,1065,2026-08-28 11:00:00,2026-08-28 14:00:00,ARB,1066,2026-08-28 14:00:00,2026-08-28 17:00:00,BOTH,True
377,IRB,SELL,1066,2026-08-28 13:00:00,2026-08-28 16:00:00,1.16486,1.16590,1066,2026-08-28 13:59:00,2026-08-28 16:59:00,1069,2026-08-30 22:03:00,2026-08-31 01:03:00,ORB,1114,2026-09-09 07:46:00,2026-09-09 10:46:00,NONE,False
378,ARB,BUY,1069,2026-08-30 21:00:00,2026-08-31 00:00:00,1.15741,1.15775,1071,2026-08-31 06:03:00,2026-08-31 09:03:00,1071,2026-08-31 06:03:00,2026-08-31 09:03:00,ARB,1082,2026-09-02 01:36:00,2026-09-02 04:36:00,SELL_ONLY,False
379,IRB,BUY,1071,2026-08-31 05:00:00,2026-08-31 08:00:00,1.15843,1.15906,1071,2026-08-31 07:22:00,2026-08-31 10:22:00,1075,2026-08-31 21:00:00,2026-09-01 00:00:00,ORB,1077,2026-09-01 08:07:00,2026-09-01 11:07:00,SELL_ONLY,False
380,IRB,BUY,1075,2026-08-31 21:00:00,2026-09-01 00:00:00,1.16121,1.16167,1075,2026-09-01 00:08:00,2026-09-01 03:08:00,1076,2026-09-01 01:22:00,2026-09-01 04:22:00,IRB,1076,2026-09-01 01:22:00,2026-09-01 04:22:00,SELL_ONLY,False
381,IRB,SELL,1075,2026-08-31 21:00:00,2026-09-01 00:00:00,1.16177,1.16241,1076,2026-09-01 01:22:00,2026-09-01 04:22:00,1079,2026-09-01 13:44:00,2026-09-01 16:44:00,ORB,1090,2026-09-03 12:30:00,2026-09-03 15:30:00,SELL_ONLY,False
382,IRB,SELL,1079,2026-09-01 13:00:00,2026-09-01 16:00:00,1.15927,1.16078,1079,2026-09-01 16:17:00,2026-09-01 19:17:00,1081,2026-09-01 22:13:00,2026-09-02 01:13:00,IRB,1081,2026-09-01 22:13:00,2026-09-02 01:13:00,SELL_ONLY,True
383,IRB,SELL,1081,2026-09-01 21:00:00,2026-09-02 00:00:00,1.15922,1.15957,1081,2026-09-02 00:50:00,2026-09-02 03:50:00,1083,2026-09-02 06:13:00,2026-09-02 09:13:00,ORB,1085,2026-09-02 13:25:00,2026-09-02 16:25:00,SELL_ONLY,False
384,IRB,SELL,1083,2026-09-02 05:00:00,2026-09-02 08:00:00,1.15754,1.15846,1083,2026-09-02 05:05:00,2026-09-02 08:05:00,1084,2026-09-02 12:21:00,2026-09-02 15:21:00,IRB,1084,2026-09-02 12:21:00,2026-09-02 15:21:00,SELL_ONLY,True
385,IRB,BUY,1083,2026-09-02 05:00:00,2026-09-02 08:00:00,1.15659,1.15730,1084,2026-09-02 12:21:00,2026-09-02 15:21:00,1093,2026-09-03 21:00:00,2026-09-04 00:00:00,ORB,1127,2026-09-11 12:30:00,2026-09-11 15:30:00,NONE,False
386,ARB,SELL,1091,2026-09-03 13:00:00,2026-09-03 16:00:00,1.16364,1.16409,1094,2026-09-04 01:22:00,2026-09-04 04:22:00,1094,2026-09-04 01:22:00,2026-09-04 04:22:00,ARB,1114,2026-09-09 05:28:00,2026-09-09 08:28:00,NONE,False
387,IRB,SELL,1094,2026-09-04 01:00:00,2026-09-04 04:00:00,1.16275,1.16328,1095,2026-09-04 07:57:00,2026-09-04 10:57:00,1100,2026-09-06 22:15:00,2026-09-07 01:15:00,IRB,1102,2026-09-07 08:09:00,2026-09-07 11:09:00,NONE,False
388,IRB,BUY,1096,2026-09-04 09:00:00,2026-09-04 12:00:00,1.15841,1.16013,1102,2026-09-07 08:19:00,2026-09-07 11:19:00,1105,2026-09-07 18:28:00,2026-09-07 21:28:00,ORB,1121,2026-09-10 12:33:00,2026-09-10 15:33:00,NONE,False
389,ARB,SELL,1102,2026-09-07 05:00:00,2026-09-07 08:00:00,1.16207,1.16355,1106,2026-09-07 23:17:00,2026-09-08 02:17:00,1106,2026-09-07 23:17:00,2026-09-08 02:17:00,ARB,1106,2026-09-07 23:17:00,2026-09-08 02:17:00,NONE,False
390,IRB,SELL,1108,2026-09-08 05:00:00,2026-09-08 08:00:00,1.16245,1.16355,1108,2026-09-08 07:11:00,2026-09-08 10:11:00,1110,2026-09-08 13:00:00,2026-09-08 16:00:00,IRB,1110,2026-09-08 13:08:00,2026-09-08 16:08:00,NONE,False
391,ARB,BUY,1109,2026-09-08 09:00:00,2026-09-08 12:00:00,1.16075,1.16101,1112,2026-09-08 21:00:00,2026-09-09 00:00:00,1112,2026-09-08 21:00:00,2026-09-09 00:00:00,ARB,1121,2026-09-10 12:18:00,2026-09-10 15:18:00,NONE,False
392,IRB,BUY,1112,2026-09-08 21:00:00,2026-09-09 00:00:00,1.16205,1.16236,1114,2026-09-09 05:06:00,2026-09-09 08:06:00,1115,2026-09-09 09:01:00,2026-09-09 12:01:00,IRB,1115,2026-09-09 09:54:00,2026-09-09 12:54:00,NONE,False
393,IRB,BUY,1115,2026-09-09 09:00:00,2026-09-09 12:00:00,1.16215,1.16325,1115,2026-09-09 12:03:00,2026-09-09 15:03:00,1116,2026-09-09 15:18:00,2026-09-09 18:18:00,IRB,1116,2026-09-09 15:18:00,2026-09-09 18:18:00,NONE,False
394,IRB,SELL,1115,2026-09-09 09:00:00,2026-09-09 12:00:00,1.16462,1.16538,1116,2026-09-09 15:18:00,2026-09-09 18:18:00,1119,2026-09-10 01:55:00,2026-09-10 04:55:00,ORB,-1,,,,False
395,ARB,BUY,1116,2026-09-09 13:00:00,2026-09-09 16:00:00,1.16198,1.16356,1121,2026-09-10 09:31:00,2026-09-10 12:31:00,1121,2026-09-10 09:31:00,2026-09-10 12:31:00,ARB,1121,2026-09-10 09:31:00,2026-09-10 12:31:00,NONE,False
396,IRB,SELL,1120,2026-09-10 05:00:00,2026-09-10 08:00:00,1.16376,1.16415,1121,2026-09-10 11:56:00,2026-09-10 14:56:00,1125,2026-09-11 01:02:00,2026-09-11 04:02:00,ORB,-1,,,,False
397,IRB,SELL,1125,2026-09-11 01:00:00,2026-09-11 04:00:00,1.16148,1.16171,1127,2026-09-11 10:26:00,2026-09-11 13:26:00,1128,2026-09-11 13:01:00,2026-09-11 16:01:00,IRB,1128,2026-09-11 14:08:00,2026-09-11 17:08:00,NONE,False
398,ARB,BUY,1127,2026-09-11 09:00:00,2026-09-11 12:00:00,1.15687,1.15987,1129,2026-09-11 17:01:00,2026-09-11 20:01:00,1129,2026-09-11 17:01:00,2026-09-11 20:01:00,ARB,1129,2026-09-11 17:01:00,2026-09-11 20:01:00,NONE,False
