id,side,type,bottom,top,origin_utc,origin_riyadh,trigger_riyadh,trigger_price,eligible_riyadh,eligible_price,impact_riyadh,control_at_impact,authorized
1,BUY,REJECTED,1.17215,1.17344,2026-01-02 08:00:00,2026-01-02 11:00:00,2026-01-02 18:55:00,1.17467,,,,,False
2,SELL,AOB,1.17215,1.17503,2026-01-02 12:00:00,2026-01-02 15:00:00,2026-01-04 21:17:00,1.17139,2026-01-04 21:17:00,1.17233,2026-01-04 21:17:00,NONE,False
3,BUY,REJECTED,1.17228,1.17503,2026-01-02 16:00:00,2026-01-02 19:00:00,2026-01-04 21:17:00,1.17139,,,,,False
4,BUY,OOB,1.16812,1.16859,2026-01-05 08:00:00,2026-01-05 11:00:00,2026-01-05 18:04:00,1.16945,2026-01-06 03:26:00,1.17123,2026-01-06 18:35:00,NONE,False
5,BUY,IFOB,1.16326,1.17043,2026-01-05 16:00:00,2026-01-05 19:00:00,2026-01-06 05:46:00,1.17285,2026-01-06 12:01:00,1.17255,2026-01-06 15:40:00,NONE,False
6,BUY,REJECTED,1.16868,1.16893,2026-01-06 20:00:00,2026-01-06 23:00:00,2026-01-07 10:34:00,1.17022,,,,,False
7,SELL,IFOB,1.16868,1.16982,2026-01-07 00:00:00,2026-01-07 03:00:00,2026-01-07 10:36:00,1.16835,2026-01-07 16:51:00,1.16935,2026-01-07 16:51:00,NONE,False
8,SELL,OOB,1.16888,1.16898,2026-01-07 12:00:00,2026-01-07 15:00:00,2026-01-08 01:00:00,1.16725,2026-01-08 09:02:00,1.16825,2026-01-12 11:11:00,NONE,False
9,SELL,OOB,1.16765,1.16797,2026-01-08 00:00:00,2026-01-08 03:00:00,2026-01-09 16:30:00,1.16365,2026-01-11 21:37:00,1.16375,2026-01-12 10:08:00,NONE,False
10,SELL,REJECTED,1.16326,1.16353,2026-01-11 16:00:00,2026-01-11 19:00:00,2026-01-12 01:08:00,1.16397,,,,,False
11,BUY,OOB,1.16234,1.16353,2026-01-11 20:00:00,2026-01-11 23:00:00,2026-01-12 03:11:00,1.16397,2026-01-12 17:29:00,1.16753,2026-01-13 19:15:00,NONE,False
12,SELL,OOB,1.16782,1.16808,2026-01-12 12:00:00,2026-01-12 15:00:00,2026-01-13 11:10:00,1.16535,2026-01-13 11:10:00,1.16672,2026-01-20 10:25:00,NONE,False
13,BUY,AIFOB,1.16583,1.16670,2026-01-13 00:00:00,2026-01-13 03:00:00,2026-01-13 11:10:00,1.16535,2026-01-13 15:48:00,1.16583,2026-01-13 15:48:00,NONE,False
14,BUY,REJECTED,1.16416,1.16487,2026-01-13 20:00:00,2026-01-13 23:00:00,2026-01-14 11:25:00,1.16516,,,,,False
15,BUY,REJECTED,1.16458,1.16465,2026-01-14 04:00:00,2026-01-14 07:00:00,2026-01-14 12:38:00,1.16516,,,,,False
16,BUY,REJECTED,1.16284,1.16384,2026-01-15 04:00:00,2026-01-15 07:00:00,2026-01-15 15:55:00,1.16406,,,,,False
17,SELL,OOB,1.16284,1.16305,2026-01-15 08:00:00,2026-01-15 11:00:00,2026-01-15 15:55:00,1.16256,2026-01-16 10:14:00,1.16138,2026-01-19 03:34:00,NONE,False
18,SELL,IFOB,1.16305,1.17345,2026-01-15 12:00:00,2026-01-15 15:00:00,2026-01-16 18:39:00,1.15926,2026-01-19 02:05:00,1.15947,2026-01-19 03:34:00,NONE,False
19,BUY,OOB,1.16388,1.16429,2026-01-19 20:00:00,2026-01-19 23:00:00,2026-01-20 06:20:00,1.16484,2026-01-20 22:53:00,1.17148,2026-03-03 10:58:00,BUY_ONLY,False
20,SELL,IFOB,1.17119,1.17267,2026-01-20 20:00:00,2026-01-20 23:00:00,2026-01-21 06:30:00,1.17105,2026-01-21 15:13:00,1.17200,2026-01-21 15:13:00,NONE,False
21,SELL,OOB,1.17167,1.18384,2026-01-21 08:00:00,2026-01-21 11:00:00,2026-01-21 18:58:00,1.17009,2026-01-22 05:08:00,1.16916,2026-01-22 16:18:00,NONE,False
22,BUY,AOB,1.16727,1.16910,2026-01-21 20:00:00,2026-01-21 23:00:00,2026-01-22 11:38:00,1.16969,2026-01-22 11:38:00,1.16839,2026-01-22 11:38:00,NONE,False
23,SELL,AOB,1.17437,1.17535,2026-01-22 20:00:00,2026-01-22 23:00:00,2026-01-23 16:15:00,1.17279,2026-01-23 16:15:00,1.17448,2026-01-23 16:15:00,NONE,False
24,BUY,OOB,1.17356,1.17432,2026-01-23 04:00:00,2026-01-23 07:00:00,2026-01-23 18:52:00,1.17590,2026-01-26 03:01:00,1.18492,2026-02-19 17:23:00,NONE,False
25,BUY,IFOB,1.18384,1.18619,2026-01-26 04:00:00,2026-01-26 07:00:00,2026-01-26 19:03:00,1.18973,2026-01-27 07:26:00,1.18721,2026-01-27 10:57:00,NONE,False
26,BUY,OOB,1.18633,1.18793,2026-01-27 04:00:00,2026-01-27 07:00:00,2026-01-27 15:12:00,1.19066,2026-01-28 08:01:00,1.19868,2026-01-30 19:25:00,NONE,False
27,BUY,AOB,1.19400,1.19430,2026-01-28 16:00:00,2026-01-28 19:00:00,2026-01-29 11:35:00,1.19963,2026-01-29 11:35:00,1.19668,2026-01-29 13:46:00,NONE,False
28,SELL,OOB,1.19804,1.19861,2026-01-29 00:00:00,2026-01-29 03:00:00,2026-01-29 11:35:00,1.19963,2026-01-29 23:39:00,1.19644,,,False
29,BUY,AOB,1.19292,1.19467,2026-01-29 12:00:00,2026-01-29 15:00:00,2026-01-30 03:21:00,1.19743,2026-01-30 03:21:00,1.19454,2026-01-30 03:21:00,NONE,False
30,SELL,IFOB,1.19510,1.19669,2026-01-29 20:00:00,2026-01-29 23:00:00,2026-01-30 05:17:00,1.19057,2026-01-30 11:04:00,1.19423,2026-01-30 15:00:00,NONE,False
31,BUY,AOB,1.18458,1.18478,2026-02-01 20:00:00,2026-02-01 23:00:00,2026-02-02 08:48:00,1.18744,2026-02-02 08:48:00,1.18458,2026-02-02 08:48:00,NONE,False
32,SELL,OOB,1.18458,1.18636,2026-02-02 00:00:00,2026-02-02 03:00:00,2026-02-02 16:03:00,1.18391,2026-02-03 03:00:00,1.17985,2026-02-09 09:01:00,NONE,False
33,BUY,AOB,1.17883,1.17920,2026-02-02 16:00:00,2026-02-02 19:00:00,2026-02-03 11:19:00,1.18240,2026-02-03 11:19:00,1.18044,2026-02-03 12:59:00,NONE,False
34,SELL,AIFOB,1.18089,1.18148,2026-02-03 04:00:00,2026-02-03 07:00:00,2026-02-03 11:19:00,1.18240,2026-02-03 19:02:00,1.18132,2026-02-03 19:02:00,NONE,False
35,BUY,IFOB,1.17868,1.18148,2026-02-03 08:00:00,2026-02-03 11:00:00,2026-02-03 20:16:00,1.18240,2026-02-04 03:01:00,1.18091,2026-02-04 03:01:00,NONE,False
36,BUY,IFOB,1.18126,1.18130,2026-02-03 20:00:00,2026-02-03 23:00:00,2026-02-04 04:47:00,1.18286,2026-02-04 11:46:00,1.18235,2026-02-04 12:48:00,NONE,False
37,SELL,OOB,1.18152,1.18262,2026-02-04 00:00:00,2026-02-04 03:00:00,2026-02-04 13:31:00,1.18084,2026-02-05 11:02:00,1.18031,2026-02-05 17:03:00,NONE,False
38,SELL,OOB,1.18267,1.18315,2026-02-04 04:00:00,2026-02-04 07:00:00,2026-02-05 12:56:00,1.17823,2026-02-05 16:30:00,1.18084,2026-02-08 21:05:00,NONE,False
39,SELL,IFOB,1.17910,1.17938,2026-02-05 16:00:00,2026-02-05 19:00:00,2026-02-05 23:57:00,1.17798,2026-02-06 07:33:00,1.17912,2026-02-06 07:33:00,NONE,False
40,BUY,AOB,1.17761,1.17938,2026-02-05 20:00:00,2026-02-05 23:00:00,2026-02-06 11:10:00,1.18014,2026-02-06 11:10:00,1.17867,2026-02-06 11:10:00,NONE,False
41,SELL,REJECTED,1.17872,1.17911,2026-02-06 04:00:00,2026-02-06 07:00:00,2026-02-06 11:10:00,1.18014,,,,,False
42,BUY,OOB,1.17898,1.17911,2026-02-06 08:00:00,2026-02-06 11:00:00,2026-02-08 21:04:00,1.18259,2026-02-10 03:11:00,1.19011,2026-02-18 21:30:00,NONE,False
43,BUY,REJECTED,1.19032,1.19199,2026-02-09 20:00:00,2026-02-09 23:00:00,2026-02-10 11:40:00,1.18962,,,,,False
44,BUY,REJECTED,1.19034,1.19080,2026-02-10 08:00:00,2026-02-10 11:00:00,2026-02-10 17:23:00,1.19195,,,,,False
45,BUY,AOB,1.18873,1.19019,2026-02-10 20:00:00,2026-02-10 23:00:00,2026-02-11 14:43:00,1.19269,2026-02-11 14:43:00,1.19063,2026-02-11 15:28:00,NONE,False
46,SELL,OOB,1.19110,1.19174,2026-02-11 04:00:00,2026-02-11 07:00:00,2026-02-11 16:30:00,1.18860,2026-02-12 04:41:00,1.18808,,,False
47,BUY,IFOB,1.18412,1.18692,2026-02-12 04:00:00,2026-02-12 07:00:00,2026-02-12 12:03:00,1.18843,2026-02-12 15:49:00,1.18710,2026-02-12 15:53:00,NONE,False
48,BUY,REJECTED,1.18692,1.18742,2026-02-12 00:00:00,2026-02-12 03:00:00,2026-02-12 18:54:00,1.18876,,,,,False
49,SELL,IFOB,1.18840,1.18854,2026-02-12 12:00:00,2026-02-12 15:00:00,2026-02-13 09:33:00,1.18558,2026-02-13 16:30:00,1.18662,2026-02-13 16:30:00,NONE,False
50,BUY,IFOB,1.18344,1.18582,2026-02-13 08:00:00,2026-02-13 11:00:00,2026-02-13 16:30:00,1.18731,2026-02-16 11:26:00,1.18599,2026-02-16 11:26:00,NONE,False
51,BUY,AIFOB,1.18478,1.18582,2026-02-13 12:00:00,2026-02-13 15:00:00,2026-02-16 09:44:00,1.18472,2026-02-16 11:26:00,1.18599,2026-02-16 11:26:00,NONE,False
52,SELL,OOB,1.18664,1.18668,2026-02-16 00:00:00,2026-02-16 03:00:00,2026-02-17 14:56:00,1.18283,2026-02-17 20:10:00,1.18354,,,False
53,BUY,IFOB,1.17772,1.18323,2026-02-17 08:00:00,2026-02-17 11:00:00,2026-02-17 21:43:00,1.18495,2026-02-18 04:00:00,1.18466,2026-02-18 11:05:00,NONE,False
54,SELL,AOB,1.18475,1.18502,2026-02-17 20:00:00,2026-02-17 23:00:00,2026-02-18 15:24:00,1.18279,2026-02-18 15:24:00,1.18404,2026-02-18 16:07:00,NONE,False
55,SELL,AIFOB,1.17634,1.17679,2026-02-19 20:00:00,2026-02-19 23:00:00,2026-02-20 04:25:00,1.17778,2026-02-20 11:31:00,1.17625,2026-02-20 12:13:00,NONE,False
56,SELL,AOB,1.17875,1.18329,2026-02-22 20:00:00,2026-02-22 23:00:00,2026-02-24 03:37:00,1.17740,2026-02-24 03:37:00,1.17951,2026-02-24 03:37:00,NONE,False
57,SELL,IFOB,1.17856,1.17945,2026-02-23 12:00:00,2026-02-23 15:00:00,2026-02-24 04:26:00,1.17740,2026-02-24 11:21:00,1.17821,2026-02-24 11:23:00,NONE,False
58,SELL,REJECTED,1.17788,1.17802,2026-02-24 08:00:00,2026-02-24 11:00:00,2026-02-24 17:12:00,1.17676,,,,,False
59,BUY,REJECTED,1.17723,1.17802,2026-02-24 12:00:00,2026-02-24 15:00:00,2026-02-25 00:59:00,1.17899,,,,,False
60,BUY,IFOB,1.17737,1.17785,2026-02-24 20:00:00,2026-02-24 23:00:00,2026-02-25 05:50:00,1.17899,2026-02-25 12:15:00,1.17873,2026-02-25 14:00:00,NONE,False
61,BUY,IFOB,1.17744,1.17969,2026-02-25 08:00:00,2026-02-25 11:00:00,2026-02-25 20:04:00,1.18075,2026-02-26 10:05:00,1.18113,2026-02-26 12:44:00,NONE,False
62,SELL,AOB,1.18147,1.18166,2026-02-26 00:00:00,2026-02-26 03:00:00,2026-02-26 16:16:00,1.17929,2026-02-26 16:16:00,1.18154,2026-02-26 16:16:00,NONE,False
63,BUY,REJECTED,1.17965,1.17986,2026-02-26 16:00:00,2026-02-26 19:00:00,2026-02-27 04:53:00,1.18034,,,,,False
64,BUY,IFOB,1.16120,1.17965,2026-02-26 20:00:00,2026-02-26 23:00:00,2026-02-27 03:21:00,1.18034,2026-02-27 12:56:00,1.17967,2026-02-27 12:56:00,NONE,False
65,SELL,REJECTED,1.18033,1.18149,2026-02-27 04:00:00,2026-02-27 07:00:00,2026-02-27 19:09:00,1.17901,,,,,False
66,BUY,IFOB,1.17999,1.18149,2026-02-27 08:00:00,2026-02-27 11:00:00,2026-02-27 19:32:00,1.18213,2026-03-01 21:00:00,1.18100,2026-03-01 21:00:00,NONE,False
67,SELL,OOB,1.17587,1.17883,2026-03-02 00:00:00,2026-03-02 03:00:00,2026-03-02 09:14:00,1.17533,2026-03-03 21:37:00,1.16150,2026-04-13 21:55:00,SELL_ONLY,False
68,BUY,AOB,1.15725,1.15969,2026-03-03 12:00:00,2026-03-03 15:00:00,2026-03-04 03:01:00,1.16254,2026-03-04 03:01:00,1.16080,2026-03-04 03:39:00,BUY_ONLY,True
69,SELL,REJECTED,1.15725,1.16120,2026-03-03 16:00:00,2026-03-03 19:00:00,2026-03-04 03:01:00,1.16254,,,,,False
70,BUY,IFOB,1.16080,1.16104,2026-03-04 00:00:00,2026-03-04 03:00:00,2026-03-04 10:31:00,1.16254,2026-03-05 05:24:00,1.16241,2026-03-05 06:31:00,BUY_ONLY,True
71,SELL,AOB,1.16348,1.16398,2026-03-04 12:00:00,2026-03-04 15:00:00,2026-03-05 12:06:00,1.15811,2026-03-05 12:06:00,1.16157,2026-03-05 12:06:00,BUY_ONLY,False
72,BUY,REJECTED,1.16045,1.16129,2026-03-05 04:00:00,2026-03-05 07:00:00,2026-03-05 12:06:00,1.15811,,,,,False
73,SELL,IFOB,1.16045,1.16110,2026-03-05 08:00:00,2026-03-05 11:00:00,2026-03-05 18:26:00,1.15811,2026-03-05 23:10:00,1.15915,2026-03-05 23:15:00,BUY_ONLY,False
74,BUY,AOB,1.15726,1.15828,2026-03-05 16:00:00,2026-03-05 19:00:00,2026-03-06 09:02:00,1.16209,2026-03-06 09:02:00,1.16050,2026-03-06 12:29:00,BUY_ONLY,True
75,SELL,IFOB,1.16062,1.16197,2026-03-06 00:00:00,2026-03-06 03:00:00,2026-03-06 15:04:00,1.15585,2026-03-06 19:04:00,1.15924,2026-03-06 19:20:00,BUY_ONLY,False
76,SELL,IFOB,1.15622,1.15943,2026-03-06 12:00:00,2026-03-06 15:00:00,2026-03-08 23:16:00,1.15455,2026-03-09 08:05:00,1.15311,2026-03-09 08:31:00,BUY_ONLY,False
77,BUY,REJECTED,1.15163,1.15239,2026-03-09 00:00:00,2026-03-09 03:00:00,2026-03-09 11:36:00,1.15710,,,,,False
78,BUY,OOB,1.14138,1.15163,2026-03-09 04:00:00,2026-03-09 07:00:00,2026-03-09 12:35:00,1.15710,2026-03-10 06:47:00,1.16082,2026-03-12 17:49:00,BUY_ONLY,False
79,BUY,IFOB,1.16091,1.16161,2026-03-10 00:00:00,2026-03-10 03:00:00,2026-03-10 10:29:00,1.16452,2026-03-10 21:16:00,1.16209,2026-03-10 21:18:00,BUY_ONLY,True
80,BUY,AOB,1.16111,1.16138,2026-03-10 20:00:00,2026-03-10 23:00:00,2026-03-11 11:06:00,1.16450,2026-03-11 11:06:00,1.16132,2026-03-11 11:06:00,BUY_ONLY,True
81,SELL,OOB,1.16111,1.16300,2026-03-11 00:00:00,2026-03-11 03:00:00,2026-03-11 12:01:00,1.16024,2026-03-12 11:00:00,1.15524,2026-03-19 22:08:00,BUY_ONLY,False
82,BUY,AOB,1.15379,1.15424,2026-03-12 00:00:00,2026-03-12 03:00:00,2026-03-12 15:18:00,1.15659,2026-03-12 15:18:00,1.15430,2026-03-12 15:18:00,BUY_ONLY,True
83,SELL,OOB,1.15507,1.15560,2026-03-12 08:00:00,2026-03-12 11:00:00,2026-03-12 16:19:00,1.15315,2026-03-13 03:00:00,1.15223,2026-03-18 14:17:00,BUY_ONLY,False
84,SELL,OOB,1.15148,1.15206,2026-03-12 20:00:00,2026-03-12 23:00:00,2026-03-13 06:19:00,1.15092,2026-03-13 15:02:00,1.14717,2026-03-16 21:25:00,BUY_ONLY,False
85,SELL,OOB,1.14575,1.14681,2026-03-13 08:00:00,2026-03-13 11:00:00,2026-03-13 21:22:00,1.14327,2026-03-15 22:03:00,1.14224,2026-03-16 13:13:00,BUY_ONLY,False
86,BUY,AOB,1.14138,1.14220,2026-03-13 20:00:00,2026-03-13 23:00:00,2026-03-16 08:55:00,1.14561,2026-03-16 08:55:00,1.14348,2026-03-16 10:34:00,BUY_ONLY,True
87,SELL,REJECTED,1.14352,1.14503,2026-03-16 00:00:00,2026-03-16 03:00:00,2026-03-16 08:55:00,1.14561,,,,,False
88,SELL,AOB,1.14865,1.15075,2026-03-16 16:00:00,2026-03-16 19:00:00,2026-03-17 11:30:00,1.14656,2026-03-17 11:30:00,1.14999,2026-03-17 11:30:00,BUY_ONLY,False
89,BUY,OOB,1.14914,1.14978,2026-03-17 00:00:00,2026-03-17 03:00:00,2026-03-17 16:00:00,1.15246,2026-03-18 03:39:00,1.15334,2026-03-18 16:10:00,BUY_ONLY,False
90,SELL,REJECTED,1.15352,1.15386,2026-03-17 20:00:00,2026-03-17 23:00:00,2026-03-18 08:26:00,1.15315,,,,,False
91,SELL,IFOB,1.15386,1.15616,2026-03-18 00:00:00,2026-03-18 03:00:00,2026-03-18 10:35:00,1.15315,2026-03-18 14:15:00,1.15489,2026-03-18 14:15:00,BUY_ONLY,False
92,SELL,OOB,1.15261,1.15463,2026-03-18 08:00:00,2026-03-18 11:00:00,2026-03-18 15:30:00,1.15174,2026-03-19 03:49:00,1.14714,2026-03-19 16:56:00,BUY_ONLY,False
93,BUY,REJECTED,1.14631,1.14691,2026-03-18 20:00:00,2026-03-18 23:00:00,2026-03-19 09:35:00,1.14910,,,,,False
94,SELL,REJECTED,1.14631,1.14742,2026-03-19 00:00:00,2026-03-19 03:00:00,2026-03-19 11:06:00,1.14494,,,,,False
95,SELL,IFOB,1.15564,1.15728,2026-03-20 04:00:00,2026-03-20 07:00:00,2026-03-20 12:47:00,1.15521,2026-03-23 14:05:00,1.15520,2026-03-23 14:05:00,BUY_ONLY,False
96,BUY,OOB,1.15075,1.15616,2026-03-23 00:00:00,2026-03-23 03:00:00,2026-03-23 14:05:00,1.15804,2026-03-24 03:01:00,1.16055,2026-03-24 20:05:00,BUY_ONLY,False
97,SELL,AOB,1.15858,1.16130,2026-03-23 16:00:00,2026-03-23 19:00:00,2026-03-24 10:10:00,1.15753,2026-03-24 10:10:00,1.16083,2026-03-24 10:10:00,BUY_ONLY,False
98,BUY,REJECTED,1.15828,1.16077,2026-03-24 00:00:00,2026-03-24 03:00:00,2026-03-24 10:10:00,1.15753,,,,,False
99,BUY,OOB,1.15075,1.15828,2026-03-24 04:00:00,2026-03-24 07:00:00,2026-03-24 23:24:00,1.16173,2026-03-25 07:07:00,1.16002,2026-03-25 16:31:00,BUY_ONLY,False
100,BUY,REJECTED,1.15972,1.16033,2026-03-25 04:00:00,2026-03-25 07:00:00,2026-03-25 11:11:00,1.15867,,,,,False
101,SELL,OOB,1.15610,1.15682,2026-03-26 00:00:00,2026-03-26 03:00:00,2026-03-26 09:15:00,1.15537,2026-03-26 23:11:00,1.15428,2026-03-31 23:02:00,BUY_ONLY,False
102,BUY,AOB,1.15216,1.15410,2026-03-26 16:00:00,2026-03-26 19:00:00,2026-03-27 10:28:00,1.15584,2026-03-27 10:28:00,1.15240,2026-03-27 10:28:00,BUY_ONLY,True
103,SELL,IFOB,1.15216,1.15341,2026-03-26 20:00:00,2026-03-26 23:00:00,2026-03-27 10:58:00,1.15191,2026-03-27 16:24:00,1.15258,2026-03-27 16:24:00,BUY_ONLY,False
104,BUY,REJECTED,1.15073,1.15185,2026-03-27 08:00:00,2026-03-27 11:00:00,2026-03-29 21:44:00,1.15474,,,,,False
105,SELL,IFOB,1.15073,1.15190,2026-03-27 12:00:00,2026-03-27 15:00:00,2026-03-29 22:57:00,1.15014,2026-03-30 03:19:00,1.15029,2026-03-30 03:20:00,BUY_ONLY,False
106,SELL,OOB,1.15012,1.15139,2026-03-29 20:00:00,2026-03-29 23:00:00,2026-03-30 12:15:00,1.14870,2026-03-31 00:02:00,1.14658,2026-03-31 15:09:00,BUY_ONLY,False
107,BUY,AOB,1.14915,1.15012,2026-03-29 20:00:00,2026-03-29 23:00:00,2026-03-30 11:02:00,1.15209,2026-03-30 11:02:00,1.14934,2026-03-30 11:02:00,BUY_ONLY,True
108,BUY,OOB,1.14562,1.14594,2026-03-30 20:00:00,2026-03-30 23:00:00,2026-03-31 14:59:00,1.14903,2026-04-01 21:00:00,1.15934,2026-06-18 13:58:00,BUY_ONLY,False
109,SELL,OOB,1.16072,1.16134,2026-04-01 12:00:00,2026-04-01 15:00:00,2026-04-02 03:10:00,1.15760,2026-04-02 03:10:00,1.15943,2026-04-08 01:02:00,BUY_ONLY,False
110,BUY,AOB,1.15172,1.15321,2026-04-02 08:00:00,2026-04-02 11:00:00,2026-04-02 23:00:00,1.15636,2026-04-02 23:00:00,1.15327,2026-04-02 23:00:00,BUY_ONLY,True
111,SELL,REJECTED,1.15172,1.15447,2026-04-02 12:00:00,2026-04-02 15:00:00,2026-04-02 23:00:00,1.15636,,,,,False
112,SELL,OOB,1.15411,1.16858,2026-04-03 00:00:00,2026-04-03 03:00:00,2026-04-03 08:16:00,1.15317,2026-04-03 23:10:00,1.15219,2026-04-06 10:36:00,BUY_ONLY,False
113,SELL,OOB,1.15425,1.15440,2026-04-03 08:00:00,2026-04-03 11:00:00,2026-04-03 15:30:00,1.15290,2026-04-03 23:10:00,1.15219,2026-04-06 10:36:00,BUY_ONLY,False
114,SELL,IFOB,1.15219,1.16859,2026-04-03 16:00:00,2026-04-03 19:00:00,2026-04-03 23:17:00,1.15134,2026-04-05 23:18:00,1.15219,2026-04-05 23:18:00,BUY_ONLY,False
115,SELL,REJECTED,1.15127,1.15154,2026-04-05 16:00:00,2026-04-05 19:00:00,2026-04-06 01:05:00,1.15095,,,,,False
116,BUY,OOB,1.15341,1.15404,2026-04-07 00:00:00,2026-04-07 03:00:00,2026-04-07 11:57:00,1.15713,2026-04-08 11:43:00,1.16702,2026-06-05 18:36:00,BUY_ONLY,False
117,SELL,IFOB,1.16950,1.16999,2026-04-08 08:00:00,2026-04-08 11:00:00,2026-04-08 21:18:00,1.16684,2026-04-09 07:07:00,1.16671,2026-04-09 18:20:00,BUY_ONLY,False
118,BUY,IFOB,1.16814,1.16999,2026-04-08 12:00:00,2026-04-08 15:00:00,2026-04-09 20:28:00,1.17214,2026-04-09 23:06:00,1.16971,2026-04-09 23:06:00,BUY_ONLY,True
119,BUY,IFOB,1.16794,1.16953,2026-04-10 04:00:00,2026-04-10 07:00:00,2026-04-10 15:35:00,1.17230,2026-04-12 22:00:00,1.17197,2026-04-12 22:00:00,BUY_ONLY,True
120,SELL,OOB,1.17269,1.17994,2026-04-10 20:00:00,2026-04-10 23:00:00,2026-04-12 22:00:00,1.16771,2026-04-13 03:10:00,1.16787,2026-04-13 19:46:00,SELL_ONLY,False
121,BUY,OOB,1.16814,1.16968,2026-04-13 08:00:00,2026-04-13 11:00:00,2026-04-15 02:34:00,1.17876,2026-04-15 05:11:00,1.17876,2026-04-23 03:15:00,SELL_ONLY,False
122,SELL,IFOB,1.17915,1.17979,2026-04-14 20:00:00,2026-04-14 23:00:00,2026-04-15 12:11:00,1.17785,2026-04-15 16:28:00,1.17950,2026-04-15 16:28:00,SELL_ONLY,True
123,BUY,IFOB,1.17826,1.17853,2026-04-15 08:00:00,2026-04-15 11:00:00,2026-04-15 17:29:00,1.17990,2026-04-16 09:28:00,1.17965,2026-04-16 11:08:00,SELL_ONLY,False
124,BUY,IFOB,1.17253,1.17808,2026-04-16 20:00:00,2026-04-16 23:00:00,2026-04-17 11:41:00,1.17869,2026-04-17 19:10:00,1.17930,2026-04-17 21:50:00,SELL_ONLY,False
125,BUY,AOB,1.17329,1.17621,2026-04-19 16:00:00,2026-04-19 19:00:00,2026-04-21 03:04:00,1.17907,2026-04-21 03:04:00,1.17819,2026-04-21 11:05:00,SELL_ONLY,False
126,SELL,OOB,1.17837,1.17857,2026-04-20 16:00:00,2026-04-20 19:00:00,2026-04-21 03:04:00,1.17907,2026-04-21 16:31:00,1.17681,2026-05-01 17:21:00,SELL_ONLY,False
127,BUY,AOB,1.17329,1.17621,2026-04-19 16:00:00,2026-04-19 19:00:00,2026-04-21 15:30:00,1.17756,2026-04-21 15:30:00,1.17558,2026-04-21 15:30:00,SELL_ONLY,False
128,SELL,OOB,1.17381,1.17550,2026-04-22 04:00:00,2026-04-22 07:00:00,2026-04-22 17:58:00,1.17184,2026-04-23 03:19:00,1.17088,2026-04-27 10:52:00,SELL_ONLY,False
129,SELL,IFOB,1.17053,1.17227,2026-04-23 00:00:00,2026-04-23 03:00:00,2026-04-23 12:40:00,1.16918,2026-04-23 17:24:00,1.17048,2026-04-23 17:25:00,SELL_ONLY,True
130,BUY,REJECTED,1.16903,1.17021,2026-04-23 08:00:00,2026-04-23 11:00:00,2026-04-23 17:52:00,1.17133,,,,,False
131,SELL,AIFOB,1.16903,1.17030,2026-04-23 12:00:00,2026-04-23 15:00:00,2026-04-24 06:05:00,1.16890,2026-04-24 10:50:00,1.16890,2026-04-24 10:57:00,SELL_ONLY,True
132,SELL,AOB,1.17172,1.17183,2026-04-24 16:00:00,2026-04-24 19:00:00,2026-04-27 03:34:00,1.16856,2026-04-27 03:34:00,1.17117,2026-04-27 04:00:00,SELL_ONLY,True
133,BUY,IFOB,1.16985,1.17168,2026-04-26 16:00:00,2026-04-26 19:00:00,2026-04-27 04:01:00,1.17227,2026-04-27 16:54:00,1.17374,2026-04-28 03:54:00,SELL_ONLY,False
134,BUY,AOB,1.16826,1.16962,2026-04-28 08:00:00,2026-04-28 11:00:00,2026-04-29 04:07:00,1.17202,2026-04-29 04:07:00,1.17076,2026-04-29 09:34:00,SELL_ONLY,False
135,SELL,OOB,1.17094,1.17172,2026-04-28 20:00:00,2026-04-28 23:00:00,2026-04-29 04:07:00,1.17202,2026-04-29 13:59:00,1.17079,2026-04-30 13:31:00,SELL_ONLY,False
136,SELL,OOB,1.17049,1.17173,2026-04-29 08:00:00,2026-04-29 11:00:00,2026-04-29 15:51:00,1.16932,2026-04-30 03:00:00,1.16860,2026-04-30 13:29:00,SELL_ONLY,False
137,SELL,IFOB,1.16759,1.16842,2026-04-29 20:00:00,2026-04-29 23:00:00,2026-04-30 07:21:00,1.16608,2026-04-30 11:01:00,1.16836,2026-04-30 11:01:00,SELL_ONLY,True
138,BUY,IFOB,1.17283,1.17331,2026-04-30 20:00:00,2026-04-30 23:00:00,2026-05-01 09:51:00,1.17412,2026-05-01 19:33:00,1.17436,2026-05-01 20:34:00,SELL_ONLY,False
139,SELL,IFOB,1.17509,1.17547,2026-05-01 12:00:00,2026-05-01 15:00:00,2026-05-01 22:50:00,1.17185,2026-05-03 22:24:00,1.17221,2026-05-03 22:43:00,SELL_ONLY,True
140,BUY,AOB,1.17189,1.17192,2026-05-01 20:00:00,2026-05-01 23:00:00,2026-05-04 03:00:00,1.17579,2026-05-04 03:00:00,1.17247,2026-05-04 10:42:00,SELL_ONLY,False
141,SELL,IFOB,1.17189,1.17457,2026-05-03 16:00:00,2026-05-03 19:00:00,2026-05-04 11:01:00,1.17136,2026-05-05 10:36:00,1.16934,2026-05-06 02:12:00,SELL_ONLY,True
142,BUY,AOB,1.16836,1.16912,2026-05-05 00:00:00,2026-05-05 03:00:00,2026-05-05 23:37:00,1.17133,2026-05-05 23:37:00,1.16937,2026-05-06 00:00:00,SELL_ONLY,False
143,BUY,REJECTED,1.17473,1.17523,2026-05-06 16:00:00,2026-05-06 19:00:00,2026-05-07 03:02:00,1.17412,,,,,False
144,SELL,IFOB,1.17485,1.17560,2026-05-07 04:00:00,2026-05-07 07:00:00,2026-05-07 20:33:00,1.17447,2026-05-08 07:53:00,1.17344,2026-05-08 11:21:00,SELL_ONLY,True
145,BUY,IFOB,1.17067,1.17427,2026-05-08 08:00:00,2026-05-08 11:00:00,2026-05-08 15:39:00,1.17779,2026-05-10 22:14:00,1.17785,2026-05-10 23:41:00,SELL_ONLY,False
146,SELL,AOB,1.17799,1.17841,2026-05-08 20:00:00,2026-05-08 23:00:00,2026-05-11 10:24:00,1.17405,2026-05-11 10:24:00,1.17716,2026-05-11 11:18:00,SELL_ONLY,True
147,BUY,AIFOB,1.17669,1.17761,2026-05-10 20:00:00,2026-05-10 23:00:00,2026-05-11 10:24:00,1.17405,2026-05-12 03:07:00,1.17735,2026-05-12 03:07:00,SELL_ONLY,False
148,SELL,OOB,1.17323,1.17399,2026-05-12 16:00:00,2026-05-12 19:00:00,2026-05-13 09:50:00,1.17214,2026-05-13 19:24:00,1.17159,,,False
149,SELL,OOB,1.17093,1.17155,2026-05-13 20:00:00,2026-05-13 23:00:00,2026-05-14 16:01:00,1.16949,2026-05-15 13:52:00,1.16523,2026-08-20 13:09:00,SELL_ONLY,False
150,BUY,IFOB,1.15929,1.16362,2026-05-15 08:00:00,2026-05-15 11:00:00,2026-05-18 15:46:00,1.16551,2026-05-18 21:58:00,1.16330,2026-05-18 21:58:00,SELL_ONLY,False
151,BUY,IFOB,1.16014,1.16414,2026-05-18 12:00:00,2026-05-18 15:00:00,2026-05-18 23:14:00,1.16569,2026-05-19 03:15:00,1.16491,2026-05-19 05:05:00,SELL_ONLY,False
152,SELL,REJECTED,1.16006,1.16188,2026-05-20 12:00:00,2026-05-20 15:00:00,2026-05-21 05:34:00,1.16447,,,,,False
153,SELL,IFOB,1.16071,1.16367,2026-05-21 08:00:00,2026-05-21 11:00:00,2026-05-21 15:17:00,1.15937,2026-05-21 20:15:00,1.16087,2026-05-21 20:15:00,SELL_ONLY,True
154,BUY,AOB,1.15880,1.15986,2026-05-21 12:00:00,2026-05-21 15:00:00,2026-05-22 03:20:00,1.16298,2026-05-22 03:20:00,1.16128,2026-05-22 12:15:00,SELL_ONLY,False
155,SELL,REJECTED,1.15880,1.16209,2026-05-21 16:00:00,2026-05-21 19:00:00,2026-05-22 03:20:00,1.16298,,,,,False
156,BUY,AOB,1.15880,1.15986,2026-05-21 12:00:00,2026-05-21 15:00:00,2026-05-22 17:01:00,1.16180,2026-05-22 17:01:00,1.15929,2026-05-22 17:01:00,SELL_ONLY,False
157,SELL,IFOB,1.16079,1.16403,2026-05-22 08:00:00,2026-05-22 11:00:00,2026-05-22 17:01:00,1.15929,2026-05-22 20:30:00,1.16180,2026-05-22 20:30:00,SELL_ONLY,True
158,SELL,REJECTED,1.16024,1.16055,2026-05-22 16:00:00,2026-05-22 19:00:00,2026-05-24 22:00:00,1.15979,,,,,False
159,BUY,OOB,1.16014,1.16055,2026-05-22 20:00:00,2026-05-22 23:00:00,2026-05-24 22:00:00,1.16187,2026-05-25 10:17:00,1.16349,2026-05-28 06:14:00,SELL_ONLY,False
160,BUY,IFOB,1.16369,1.16416,2026-05-25 00:00:00,2026-05-25 03:00:00,2026-05-25 14:40:00,1.16486,2026-05-25 19:12:00,1.16379,2026-05-25 19:12:00,SELL_ONLY,False
161,SELL,IFOB,1.16369,1.16576,2026-05-25 04:00:00,2026-05-25 07:00:00,2026-05-26 07:59:00,1.16292,2026-05-26 23:01:00,1.16323,2026-05-27 02:32:00,SELL_ONLY,True
162,SELL,AOB,1.16370,1.16436,2026-05-25 08:00:00,2026-05-25 11:00:00,2026-05-26 10:31:00,1.16236,2026-05-26 10:31:00,1.16394,2026-05-26 10:31:00,SELL_ONLY,True
163,BUY,REJECTED,1.16355,1.16418,2026-05-25 20:00:00,2026-05-25 23:00:00,2026-05-26 10:31:00,1.16236,,,,,False
164,SELL,IFOB,1.16355,1.16367,2026-05-26 04:00:00,2026-05-26 07:00:00,2026-05-26 16:51:00,1.16236,2026-05-26 23:01:00,1.16323,2026-05-27 02:25:00,SELL_ONLY,True
165,SELL,REJECTED,1.16384,1.16403,2026-05-27 04:00:00,2026-05-27 07:00:00,2026-05-27 15:18:00,1.16326,,,,,False
166,SELL,IFOB,1.16403,1.16562,2026-05-27 08:00:00,2026-05-27 11:00:00,2026-05-27 17:55:00,1.16326,2026-05-28 12:12:00,1.16173,2026-05-28 16:02:00,SELL_ONLY,True
167,BUY,OOB,1.15867,1.16171,2026-05-28 00:00:00,2026-05-28 03:00:00,2026-05-28 23:04:00,1.16610,2026-05-28 23:04:00,1.16449,2026-06-01 16:50:00,BUY_ONLY,False
168,SELL,REJECTED,1.16166,1.16477,2026-05-28 12:00:00,2026-05-28 15:00:00,2026-05-28 23:04:00,1.16610,,,,,False
169,BUY,OOB,1.15867,1.16171,2026-05-28 00:00:00,2026-05-28 03:00:00,2026-05-29 04:56:00,1.16561,2026-05-29 04:56:00,1.16446,2026-06-01 16:50:00,BUY_ONLY,False
170,SELL,IFOB,1.16473,1.16522,2026-05-28 20:00:00,2026-05-28 23:00:00,2026-05-29 04:56:00,1.16446,2026-05-29 15:00:00,1.16479,2026-05-29 15:00:00,SELL_ONLY,True
171,BUY,IFOB,1.16157,1.16415,2026-05-29 08:00:00,2026-05-29 11:00:00,2026-05-29 17:50:00,1.16561,2026-05-29 23:52:00,1.16600,2026-06-01 06:43:00,BUY_ONLY,True
172,BUY,REJECTED,1.16434,1.16482,2026-06-01 00:00:00,2026-06-01 03:00:00,2026-06-01 09:00:00,1.16413,,,,,False
173,BUY,AOB,1.16227,1.16459,2026-06-01 12:00:00,2026-06-01 15:00:00,2026-06-02 17:00:00,1.16553,2026-06-02 17:00:00,1.16380,2026-06-02 17:00:00,BUY_ONLY,True
174,SELL,OOB,1.16482,1.16492,2026-06-02 08:00:00,2026-06-02 11:00:00,2026-06-03 11:40:00,1.16061,2026-06-04 01:56:00,1.16047,2026-08-19 16:13:00,SELL_ONLY,False
175,BUY,AOB,1.15977,1.16044,2026-06-03 16:00:00,2026-06-03 19:00:00,2026-06-04 10:37:00,1.16146,2026-06-04 10:37:00,1.16022,2026-06-04 10:37:00,BUY_ONLY,True
176,SELL,REJECTED,1.15977,1.16086,2026-06-03 20:00:00,2026-06-03 23:00:00,2026-06-04 10:37:00,1.16146,,,,,False
177,BUY,OOB,1.16036,1.16056,2026-06-04 04:00:00,2026-06-04 07:00:00,2026-06-04 12:00:00,1.16146,2026-06-04 20:08:00,1.16220,2026-06-05 15:37:00,BUY_ONLY,False
178,SELL,IFOB,1.15095,1.15711,2026-06-07 20:00:00,2026-06-07 23:00:00,2026-06-08 12:12:00,1.15055,2026-06-09 07:23:00,1.15400,2026-06-09 07:23:00,BUY_ONLY,False
179,BUY,AOB,1.15095,1.15211,2026-06-07 16:00:00,2026-06-07 19:00:00,2026-06-08 11:40:00,1.15395,2026-06-08 11:40:00,1.15132,2026-06-08 11:40:00,BUY_ONLY,True
180,SELL,AOB,1.15363,1.15439,2026-06-08 12:00:00,2026-06-08 15:00:00,2026-06-09 07:23:00,1.15266,2026-06-09 07:23:00,1.15400,2026-06-09 07:23:00,BUY_ONLY,False
181,BUY,OOB,1.15278,1.15304,2026-06-08 20:00:00,2026-06-08 23:00:00,2026-06-09 07:23:00,1.15266,2026-06-09 11:01:00,1.15366,2026-06-09 19:40:00,BUY_ONLY,False
182,SELL,IFOB,1.15389,1.15723,2026-06-09 08:00:00,2026-06-09 11:00:00,2026-06-09 19:38:00,1.15360,2026-06-10 06:05:00,1.15452,2026-06-10 06:05:00,BUY_ONLY,False
183,BUY,AOB,1.15348,1.15412,2026-06-09 20:00:00,2026-06-09 23:00:00,2026-06-10 14:03:00,1.15594,2026-06-10 14:03:00,1.15442,2026-06-10 14:03:00,BUY_ONLY,True
184,SELL,REJECTED,1.15499,1.15535,2026-06-10 04:00:00,2026-06-10 07:00:00,2026-06-10 14:03:00,1.15594,,,,,False
185,BUY,AOB,1.15348,1.15412,2026-06-09 20:00:00,2026-06-09 23:00:00,2026-06-10 18:48:00,1.15728,2026-06-10 18:48:00,1.15351,2026-06-10 18:48:00,BUY_ONLY,True
186,SELL,IFOB,1.15535,1.16058,2026-06-10 08:00:00,2026-06-10 11:00:00,2026-06-10 18:48:00,1.15351,2026-06-11 03:15:00,1.15412,2026-06-11 04:26:00,BUY_ONLY,False
187,BUY,AOB,1.15349,1.15411,2026-06-10 20:00:00,2026-06-10 23:00:00,2026-06-11 11:15:00,1.15556,2026-06-11 11:15:00,1.15400,2026-06-11 11:15:00,BUY_ONLY,True
188,SELL,IFOB,1.15349,1.15450,2026-06-11 00:00:00,2026-06-11 03:00:00,2026-06-11 13:15:00,1.15252,2026-06-11 20:32:00,1.15432,2026-06-11 20:32:00,BUY_ONLY,False
189,BUY,OOB,1.15141,1.15379,2026-06-11 12:00:00,2026-06-11 15:00:00,2026-06-12 11:16:00,1.15567,2026-06-12 15:23:00,1.15650,2026-06-17 21:34:00,BUY_ONLY,False
190,BUY,OOB,1.15661,1.15716,2026-06-12 04:00:00,2026-06-12 07:00:00,2026-06-15 00:27:00,1.15891,2026-06-15 11:42:00,1.16003,2026-06-17 21:00:00,BUY_ONLY,False
191,SELL,IFOB,1.16058,1.16086,2026-06-15 08:00:00,2026-06-15 11:00:00,2026-06-16 05:19:00,1.15833,2026-06-16 10:59:00,1.15948,2026-06-16 11:57:00,BUY_ONLY,False
192,BUY,IFOB,1.15860,1.15909,2026-06-16 00:00:00,2026-06-16 03:00:00,2026-06-16 10:59:00,1.15948,2026-06-16 15:20:00,1.15928,2026-06-16 16:58:00,BUY_ONLY,True
193,BUY,OOB,1.14647,1.15952,2026-06-16 08:00:00,2026-06-16 11:00:00,2026-06-16 18:54:00,1.16126,2026-06-17 00:00:00,1.16054,2026-06-17 14:08:00,BUY_ONLY,False
194,BUY,AIFOB,1.16078,1.16137,2026-06-16 16:00:00,2026-06-16 19:00:00,2026-06-17 03:18:00,1.16043,2026-06-17 09:21:00,1.16080,2026-06-17 09:21:00,BUY_ONLY,True
195,SELL,OOB,1.15912,1.15921,2026-06-17 12:00:00,2026-06-17 15:00:00,2026-06-18 12:10:00,1.14775,2026-06-19 11:01:00,1.14489,2026-08-17 09:29:00,SELL_ONLY,False
196,BUY,AOB,1.14421,1.14578,2026-06-19 00:00:00,2026-06-19 03:00:00,2026-06-21 22:10:00,1.14804,2026-06-21 22:10:00,1.14634,2026-06-21 22:35:00,BUY_ONLY,True
197,SELL,AIFOB,1.14645,1.14750,2026-06-19 16:00:00,2026-06-19 19:00:00,2026-06-21 22:10:00,1.14804,2026-06-22 00:43:00,1.14647,2026-06-22 00:43:00,BUY_ONLY,False
198,BUY,AOB,1.14516,1.14647,2026-06-21 16:00:00,2026-06-21 19:00:00,2026-06-22 07:01:00,1.14733,2026-06-22 07:01:00,1.14539,2026-06-22 07:01:00,BUY_ONLY,True
199,SELL,REJECTED,1.14516,1.14622,2026-06-21 20:00:00,2026-06-21 23:00:00,2026-06-22 10:30:00,1.14489,,,,,False
200,BUY,REJECTED,1.14455,1.14559,2026-06-22 04:00:00,2026-06-22 07:00:00,2026-06-22 16:01:00,1.14632,,,,,False
201,SELL,OOB,1.14455,1.14483,2026-06-22 08:00:00,2026-06-22 11:00:00,2026-06-22 16:01:00,1.14412,2026-06-23 05:04:00,1.14290,2026-07-02 15:33:00,BUY_ONLY,False
202,BUY,REJECTED,1.13820,1.14264,2026-06-23 00:00:00,2026-06-23 03:00:00,2026-06-23 10:09:00,1.14315,,,,,False
203,SELL,OOB,1.14264,1.14292,2026-06-23 00:00:00,2026-06-23 03:00:00,2026-06-23 10:41:00,1.14183,2026-06-24 18:21:00,1.13555,2026-06-26 15:57:00,BUY_ONLY,False
204,BUY,AOB,1.13399,1.13511,2026-06-24 08:00:00,2026-06-24 11:00:00,2026-06-25 03:13:00,1.13675,2026-06-25 03:13:00,1.13508,2026-06-25 03:13:00,BUY_ONLY,True
205,SELL,REJECTED,1.13535,1.13696,2026-06-25 00:00:00,2026-06-25 03:00:00,2026-06-25 10:16:00,1.13472,,,,,False
206,SELL,IFOB,1.13696,1.13981,2026-06-25 04:00:00,2026-06-25 07:00:00,2026-06-25 13:52:00,1.13444,2026-06-25 17:03:00,1.13736,2026-06-25 17:03:00,BUY_ONLY,False
207,BUY,OOB,1.13372,1.13590,2026-06-25 08:00:00,2026-06-25 11:00:00,2026-06-26 10:39:00,1.13877,2026-06-26 19:23:00,1.13918,2026-07-28 12:53:00,SELL_ONLY,False
208,SELL,AOB,1.13979,1.14025,2026-06-26 12:00:00,2026-06-26 15:00:00,2026-06-29 04:00:00,1.13782,2026-06-29 04:00:00,1.13890,2026-06-29 09:31:00,BUY_ONLY,False
209,BUY,AIFOB,1.13820,1.13865,2026-06-26 20:00:00,2026-06-26 23:00:00,2026-06-29 04:00:00,1.13782,2026-06-29 07:00:00,1.13828,2026-06-29 07:00:00,BUY_ONLY,True
210,SELL,AOB,1.13979,1.14025,2026-06-26 12:00:00,2026-06-26 15:00:00,2026-06-29 08:51:00,1.13806,2026-06-29 08:51:00,1.13932,2026-06-29 09:31:00,BUY_ONLY,False
211,SELL,AOB,1.14234,1.14253,2026-06-29 16:00:00,2026-06-29 19:00:00,2026-06-30 16:16:00,1.13823,2026-06-30 16:16:00,1.14024,2026-06-30 17:50:00,BUY_ONLY,False
212,BUY,IFOB,1.13981,1.14187,2026-06-30 00:00:00,2026-06-30 03:00:00,2026-06-30 17:57:00,1.14302,2026-07-01 03:00:00,1.14121,2026-07-01 03:00:00,BUY_ONLY,True
213,SELL,IFOB,1.14262,1.14379,2026-06-30 20:00:00,2026-06-30 23:00:00,2026-07-01 15:09:00,1.13823,2026-07-02 03:04:00,1.13792,2026-07-02 15:30:00,BUY_ONLY,False
214,SELL,OOB,1.14167,1.14262,2026-06-30 16:00:00,2026-06-30 19:00:00,2026-07-01 16:44:00,1.13614,2026-07-01 16:44:00,1.14035,2026-07-02 11:05:00,BUY_ONLY,False
215,BUY,REJECTED,1.13834,1.13852,2026-07-01 12:00:00,2026-07-01 15:00:00,2026-07-01 16:44:00,1.13614,,,,,False
216,BUY,OOB,1.13771,1.13785,2026-07-01 20:00:00,2026-07-01 23:00:00,2026-07-02 15:30:00,1.14207,2026-07-03 02:36:00,1.14258,2026-07-13 23:17:00,BUY_ONLY,False
217,BUY,OOB,1.14035,1.14075,2026-07-02 08:00:00,2026-07-02 11:00:00,2026-07-03 04:11:00,1.14203,2026-07-03 16:39:00,1.14400,2026-07-08 00:16:00,BUY_ONLY,False
218,SELL,AOB,1.14407,1.14541,2026-07-03 04:00:00,2026-07-03 07:00:00,2026-07-05 22:11:00,1.14325,2026-07-05 22:11:00,1.14370,2026-07-05 22:11:00,BUY_ONLY,False
219,BUY,AIFOB,1.14326,1.14360,2026-07-03 20:00:00,2026-07-03 23:00:00,2026-07-05 22:11:00,1.14325,2026-07-05 23:39:00,1.14326,2026-07-05 23:39:00,BUY_ONLY,True
220,SELL,IFOB,1.14326,1.14379,2026-07-05 16:00:00,2026-07-05 19:00:00,2026-07-05 23:39:00,1.14325,2026-07-06 19:00:00,1.14259,2026-07-06 20:11:00,BUY_ONLY,False
221,BUY,IFOB,1.14144,1.14364,2026-07-06 00:00:00,2026-07-06 03:00:00,2026-07-06 21:49:00,1.14440,2026-07-07 04:25:00,1.14371,2026-07-07 06:46:00,BUY_ONLY,True
222,SELL,AOB,1.14407,1.14411,2026-07-06 20:00:00,2026-07-06 23:00:00,2026-07-07 15:27:00,1.14231,2026-07-07 15:27:00,1.14388,2026-07-07 15:29:00,BUY_ONLY,False
223,BUY,AOB,1.14011,1.14162,2026-07-07 20:00:00,2026-07-07 23:00:00,2026-07-08 11:17:00,1.14312,2026-07-08 11:17:00,1.14106,2026-07-08 11:17:00,BUY_ONLY,True
224,SELL,IFOB,1.14141,1.14253,2026-07-08 04:00:00,2026-07-08 07:00:00,2026-07-08 12:12:00,1.13980,2026-07-08 19:55:00,1.14135,2026-07-08 19:55:00,BUY_ONLY,False
225,BUY,IFOB,1.13830,1.14209,2026-07-09 00:00:00,2026-07-09 03:00:00,2026-07-09 08:13:00,1.14312,2026-07-09 13:52:00,1.14228,2026-07-09 13:52:00,BUY_ONLY,True
226,SELL,REJECTED,1.14265,1.14352,2026-07-09 04:00:00,2026-07-09 07:00:00,2026-07-09 16:51:00,1.14206,,,,,False
227,BUY,IFOB,1.14291,1.14352,2026-07-09 08:00:00,2026-07-09 11:00:00,2026-07-10 04:57:00,1.14491,2026-07-10 11:00:00,1.14352,2026-07-10 11:00:00,BUY_ONLY,True
228,SELL,IFOB,1.14327,1.14490,2026-07-10 00:00:00,2026-07-10 03:00:00,2026-07-13 04:24:00,1.13880,2026-07-13 08:04:00,1.14050,2026-07-13 11:08:00,BUY_ONLY,False
229,SELL,IFOB,1.14038,1.14373,2026-07-13 00:00:00,2026-07-13 03:00:00,2026-07-13 19:34:00,1.13839,2026-07-14 03:11:00,1.13859,2026-07-14 11:42:00,BUY_ONLY,False
230,SELL,AOB,1.14240,1.14376,2026-07-15 00:00:00,2026-07-15 03:00:00,2026-07-15 15:48:00,1.14055,2026-07-15 15:48:00,1.14271,2026-07-15 15:48:00,BUY_ONLY,False
231,BUY,OOB,1.14114,1.14230,2026-07-15 08:00:00,2026-07-15 11:00:00,2026-07-15 20:32:00,1.14619,2026-07-16 12:32:00,1.14618,2026-07-20 15:13:00,BUY_ONLY,False
232,SELL,OOB,1.14636,1.14694,2026-07-15 20:00:00,2026-07-15 23:00:00,2026-07-17 03:59:00,1.14305,2026-07-17 03:59:00,1.14461,2026-07-29 22:17:00,SELL_ONLY,False
233,BUY,REJECTED,1.14401,1.14466,2026-07-16 16:00:00,2026-07-16 19:00:00,2026-07-17 03:59:00,1.14305,,,,,False
234,BUY,REJECTED,1.14389,1.14448,2026-07-17 00:00:00,2026-07-17 03:00:00,2026-07-17 09:17:00,1.14477,,,,,False
235,SELL,IFOB,1.14396,1.14406,2026-07-17 16:00:00,2026-07-17 19:00:00,2026-07-19 22:57:00,1.14240,2026-07-20 03:16:00,1.14310,2026-07-20 05:39:00,BUY_ONLY,False
236,BUY,IFOB,1.13696,1.14242,2026-07-19 20:00:00,2026-07-19 23:00:00,2026-07-20 05:42:00,1.14420,2026-07-20 12:07:00,1.14337,2026-07-20 15:12:00,BUY_ONLY,True
237,SELL,IFOB,1.14121,1.14224,2026-07-21 04:00:00,2026-07-21 07:00:00,2026-07-21 21:05:00,1.14021,2026-07-22 03:02:00,1.14027,2026-07-22 09:02:00,BUY_ONLY,False
238,BUY,AOB,1.14013,1.14070,2026-07-21 16:00:00,2026-07-21 19:00:00,2026-07-22 13:03:00,1.14179,2026-07-22 13:03:00,1.14031,2026-07-22 13:03:00,BUY_ONLY,True
239,SELL,REJECTED,1.14069,1.14089,2026-07-22 04:00:00,2026-07-22 07:00:00,2026-07-22 13:03:00,1.14179,,,,,False
240,BUY,REJECTED,1.14065,1.14089,2026-07-22 08:00:00,2026-07-22 11:00:00,2026-07-22 16:31:00,1.14179,,,,,False
241,BUY,IFOB,1.13695,1.14109,2026-07-22 20:00:00,2026-07-22 23:00:00,2026-07-23 05:31:00,1.14212,2026-07-23 11:14:00,1.14193,2026-07-23 11:37:00,BUY_ONLY,True
242,BUY,AOB,1.13724,1.13942,2026-07-23 12:00:00,2026-07-23 15:00:00,2026-07-24 14:52:00,1.14008,2026-07-24 14:52:00,1.13759,2026-07-24 14:52:00,BUY_ONLY,True
243,SELL,AIFOB,1.13819,1.13893,2026-07-24 04:00:00,2026-07-24 07:00:00,2026-07-24 14:52:00,1.14008,2026-07-26 22:00:00,1.13706,2026-07-26 22:00:00,BUY_ONLY,False
244,BUY,IFOB,1.13825,1.13842,2026-07-24 16:00:00,2026-07-24 19:00:00,2026-07-27 03:12:00,1.14008,2026-07-27 11:00:00,1.13956,2026-07-27 15:12:00,SELL_ONLY,False
245,SELL,OOB,1.13924,1.15310,2026-07-26 20:00:00,2026-07-26 23:00:00,2026-07-28 00:01:00,1.13645,2026-07-28 03:25:00,1.13719,2026-07-28 18:12:00,SELL_ONLY,False
246,BUY,REJECTED,1.13688,1.13695,2026-07-27 20:00:00,2026-07-27 23:00:00,2026-07-28 08:06:00,1.13798,,,,,False
247,SELL,IFOB,1.13688,1.13742,2026-07-28 00:00:00,2026-07-28 03:00:00,2026-07-28 08:07:00,1.13639,2026-07-28 16:49:00,1.13727,2026-07-28 16:49:00,SELL_ONLY,True
248,BUY,AIFOB,1.13856,1.13869,2026-07-28 20:00:00,2026-07-28 23:00:00,2026-07-29 04:21:00,1.13819,2026-07-29 13:17:00,1.13895,2026-07-29 13:25:00,SELL_ONLY,False
249,SELL,IFOB,1.13869,1.15483,2026-07-28 20:00:00,2026-07-28 23:00:00,2026-07-29 14:44:00,1.13819,2026-07-29 20:49:00,1.13967,2026-07-29 20:49:00,SELL_ONLY,True
250,SELL,AOB,1.14476,1.14665,2026-07-29 20:00:00,2026-07-29 23:00:00,2026-07-30 12:09:00,1.14339,2026-07-30 12:09:00,1.14564,2026-07-30 12:09:00,SELL_ONLY,True
251,BUY,OOB,1.14372,1.14494,2026-07-30 04:00:00,2026-07-30 07:00:00,2026-07-30 13:16:00,1.14748,2026-07-31 03:05:00,1.15216,,,False
252,SELL,AOB,1.15207,1.15308,2026-07-30 16:00:00,2026-07-30 19:00:00,2026-07-31 11:57:00,1.15040,2026-07-31 11:57:00,1.15245,2026-07-31 11:57:00,SELL_ONLY,True
253,SELL,REJECTED,1.15129,1.15140,2026-07-31 04:00:00,2026-07-31 07:00:00,2026-07-31 12:44:00,1.15040,,,,,False
254,SELL,AOB,1.15273,1.15483,2026-08-02 16:00:00,2026-08-02 19:00:00,2026-08-03 15:00:00,1.15163,2026-08-03 15:00:00,1.15323,2026-08-03 15:00:00,SELL_ONLY,True
255,SELL,OOB,1.15255,1.15321,2026-08-03 08:00:00,2026-08-03 11:00:00,2026-08-03 17:14:00,1.15163,2026-08-04 03:04:00,1.15105,2026-08-04 16:49:00,SELL_ONLY,False
256,BUY,OOB,1.15066,1.15100,2026-08-03 20:00:00,2026-08-03 23:00:00,2026-08-04 13:44:00,1.15168,2026-08-05 11:45:00,1.15314,,,False
257,SELL,OOB,1.15375,1.15606,2026-08-05 08:00:00,2026-08-05 11:00:00,2026-08-06 17:50:00,1.15308,2026-08-07 04:44:00,1.15243,2026-08-07 15:30:00,SELL_ONLY,False
258,SELL,REJECTED,1.15229,1.15235,2026-08-06 20:00:00,2026-08-06 23:00:00,2026-08-07 10:06:00,1.15253,,,,,False
259,SELL,AOB,1.15582,1.15614,2026-08-07 16:00:00,2026-08-07 19:00:00,2026-08-09 23:00:00,1.15496,2026-08-09 23:00:00,1.15569,2026-08-09 23:04:00,SELL_ONLY,True
260,BUY,AIFOB,1.15534,1.15614,2026-08-07 20:00:00,2026-08-07 23:00:00,2026-08-09 23:00:00,1.15496,2026-08-10 03:45:00,1.15538,2026-08-10 03:45:00,SELL_ONLY,False
261,SELL,REJECTED,1.15534,1.15568,2026-08-09 16:00:00,2026-08-09 19:00:00,2026-08-10 06:04:00,1.15496,,,,,False
262,SELL,IFOB,1.15485,1.15606,2026-08-10 04:00:00,2026-08-10 07:00:00,2026-08-10 15:26:00,1.15476,2026-08-11 03:00:00,1.15462,2026-08-11 03:43:00,SELL_ONLY,True
263,SELL,IFOB,1.15411,1.15456,2026-08-10 20:00:00,2026-08-10 23:00:00,2026-08-11 05:55:00,1.15385,2026-08-11 15:57:00,1.15432,2026-08-11 15:57:00,SELL_ONLY,True
264,BUY,AOB,1.15315,1.15425,2026-08-11 04:00:00,2026-08-11 07:00:00,2026-08-12 04:03:00,1.15481,2026-08-12 04:03:00,1.15382,2026-08-12 04:03:00,SELL_ONLY,False
265,SELL,AIFOB,1.15362,1.15426,2026-08-11 12:00:00,2026-08-11 15:00:00,2026-08-12 04:03:00,1.15481,2026-08-12 11:22:00,1.15391,2026-08-12 11:22:00,SELL_ONLY,True
266,SELL,OOB,1.15371,1.15431,2026-08-12 08:00:00,2026-08-12 11:00:00,2026-08-12 19:20:00,1.15318,2026-08-13 03:00:00,1.15276,2026-08-13 13:30:00,SELL_ONLY,False
267,SELL,IFOB,1.15391,1.15897,2026-08-12 16:00:00,2026-08-12 19:00:00,2026-08-13 05:39:00,1.15194,2026-08-13 11:48:00,1.15274,2026-08-13 15:48:00,SELL_ONLY,True
268,BUY,OOB,1.15284,1.15304,2026-08-13 16:00:00,2026-08-13 19:00:00,2026-08-14 10:01:00,1.15452,2026-08-16 22:10:00,1.15662,,,False
269,SELL,REJECTED,1.15667,1.15678,2026-08-16 16:00:00,2026-08-16 19:00:00,2026-08-17 00:05:00,1.15608,,,,,False
270,SELL,AOB,1.15650,1.15798,2026-08-14 12:00:00,2026-08-14 15:00:00,2026-08-17 01:31:00,1.15602,2026-08-17 01:31:00,1.15702,2026-08-17 01:31:00,SELL_ONLY,True
271,BUY,OOB,1.15667,1.15680,2026-08-14 20:00:00,2026-08-14 23:00:00,2026-08-17 01:31:00,1.15702,2026-08-17 15:27:00,1.15873,2026-08-18 09:03:00,SELL_ONLY,False
272,SELL,AOB,1.15831,1.16062,2026-08-17 04:00:00,2026-08-17 07:00:00,2026-08-18 03:00:00,1.15706,2026-08-18 03:00:00,1.15832,2026-08-18 03:00:00,SELL_ONLY,True
273,BUY,REJECTED,1.15784,1.15897,2026-08-17 16:00:00,2026-08-17 19:00:00,2026-08-18 03:00:00,1.15706,,,,,False
274,SELL,OOB,1.15897,1.16758,2026-08-17 16:00:00,2026-08-17 19:00:00,2026-08-18 07:12:00,1.15706,2026-08-18 11:56:00,1.15771,2026-08-19 09:04:00,SELL_ONLY,False
275,BUY,OOB,1.15744,1.15788,2026-08-18 16:00:00,2026-08-18 19:00:00,2026-08-19 08:46:00,1.15879,2026-08-20 03:51:00,1.16722,2026-08-28 20:43:00,SELL_ONLY,False
276,BUY,IFOB,1.16739,1.16769,2026-08-19 20:00:00,2026-08-19 23:00:00,2026-08-20 04:30:00,1.16804,2026-08-20 15:02:00,1.16823,2026-08-20 16:47:00,SELL_ONLY,False
277,BUY,IFOB,1.16582,1.16923,2026-08-20 08:00:00,2026-08-20 11:00:00,2026-08-21 12:10:00,1.17101,2026-08-21 15:35:00,1.16888,2026-08-21 15:35:00,SELL_ONLY,False
278,SELL,OOB,1.16905,1.17004,2026-08-21 08:00:00,2026-08-21 11:00:00,2026-08-23 22:38:00,1.16830,2026-08-24 03:00:00,1.16821,,,False
279,BUY,IFOB,1.15854,1.16719,2026-08-23 20:00:00,2026-08-23 23:00:00,2026-08-24 03:00:00,1.16830,2026-08-24 07:09:00,1.16763,2026-08-24 10:15:00,SELL_ONLY,False
280,SELL,IFOB,1.16610,1.16675,2026-08-24 20:00:00,2026-08-24 23:00:00,2026-08-25 07:50:00,1.16548,2026-08-25 11:24:00,1.16626,2026-08-25 11:24:00,SELL_ONLY,True
281,BUY,IFOB,1.15778,1.16675,2026-08-25 00:00:00,2026-08-25 03:00:00,2026-08-25 12:08:00,1.16704,2026-08-26 05:56:00,1.16676,2026-08-26 05:56:00,SELL_ONLY,False
282,SELL,AOB,1.16727,1.16760,2026-08-25 16:00:00,2026-08-25 19:00:00,2026-08-26 11:09:00,1.16594,2026-08-26 11:09:00,1.16727,2026-08-26 11:09:00,SELL_ONLY,True
283,BUY,REJECTED,1.16642,1.16740,2026-08-26 00:00:00,2026-08-26 03:00:00,2026-08-26 11:09:00,1.16594,,,,,False
284,SELL,REJECTED,1.16530,1.16550,2026-08-26 20:00:00,2026-08-26 23:00:00,2026-08-27 08:52:00,1.16591,,,,,False
285,BUY,IFOB,1.16407,1.16545,2026-08-27 08:00:00,2026-08-27 11:00:00,2026-08-27 16:23:00,1.16576,2026-08-28 05:15:00,1.16465,2026-08-28 05:15:00,SELL_ONLY,False
286,SELL,AOB,1.16490,1.16531,2026-08-27 20:00:00,2026-08-27 23:00:00,2026-08-28 14:00:00,1.16389,2026-08-28 14:00:00,1.16489,2026-08-28 14:03:00,SELL_ONLY,True
287,BUY,OOB,1.15960,1.16022,2026-08-31 08:00:00,2026-08-31 11:00:00,2026-08-31 17:31:00,1.16056,2026-09-01 02:04:00,1.16134,2026-09-01 09:28:00,SELL_ONLY,False
288,BUY,REJECTED,1.16160,1.16161,2026-08-31 16:00:00,2026-08-31 19:00:00,2026-09-01 03:08:00,1.16204,,,,,False
289,SELL,IFOB,1.15949,1.16127,2026-09-01 08:00:00,2026-09-01 11:00:00,2026-09-01 19:17:00,1.15875,2026-09-02 01:13:00,1.15952,2026-09-02 01:13:00,SELL_ONLY,True
290,BUY,REJECTED,1.15895,1.15918,2026-09-01 16:00:00,2026-09-01 19:00:00,2026-09-02 03:27:00,1.15957,,,,,False
291,SELL,IFOB,1.15895,1.15900,2026-09-01 20:00:00,2026-09-01 23:00:00,2026-09-02 03:50:00,1.15844,2026-09-02 15:20:00,1.15818,2026-09-02 16:24:00,SELL_ONLY,True
292,BUY,OOB,1.15769,1.15774,2026-09-02 08:00:00,2026-09-02 11:00:00,2026-09-03 10:02:00,1.16088,2026-09-04 10:56:00,1.16219,2026-09-11 15:30:00,SELL_ONLY,False
293,SELL,AOB,1.16225,1.16283,2026-09-03 16:00:00,2026-09-03 19:00:00,2026-09-04 15:29:00,1.16158,2026-09-04 15:29:00,1.16251,2026-09-04 15:29:00,SELL_ONLY,True
294,SELL,IFOB,1.16222,1.16424,2026-09-04 08:00:00,2026-09-04 11:00:00,2026-09-04 15:30:00,1.16158,2026-09-07 01:15:00,1.16127,2026-09-07 10:55:00,SELL_ONLY,True
295,BUY,OOB,1.15933,1.16115,2026-09-06 20:00:00,2026-09-06 23:00:00,2026-09-07 11:07:00,1.16264,2026-09-08 00:00:00,1.16207,2026-09-08 10:40:00,SELL_ONLY,False
296,BUY,AIFOB,1.16112,1.16127,2026-09-07 00:00:00,2026-09-07 03:00:00,2026-09-08 02:18:00,1.16196,2026-09-08 07:20:00,1.16225,2026-09-08 10:38:00,SELL_ONLY,False
297,BUY,IFOB,1.16124,1.16240,2026-09-08 04:00:00,2026-09-08 07:00:00,2026-09-09 08:27:00,1.16355,2026-09-09 12:45:00,1.16294,2026-09-09 12:53:00,SELL_ONLY,False
298,BUY,IFOB,1.15933,1.16298,2026-09-09 04:00:00,2026-09-09 07:00:00,2026-09-09 15:03:00,1.16489,2026-09-10 11:12:00,1.16353,2026-09-10 13:31:00,SELL_ONLY,False
299,SELL,OOB,1.16424,1.16454,2026-09-09 08:00:00,2026-09-09 11:00:00,2026-09-10 14:56:00,1.16198,2026-09-11 03:00:00,1.16115,,,False
